word,pinyin,Part Of Speech,Translation,level,decomposition,etymology,radical,grammar_note,example_zh1,example_en1,example_zh2,example_en2,example_zh3,example_en3
爱,ài,动,to love,1,⿱⿱爫冖友,"{'type': 'ideographic', 'hint': ""To bring a friend 友 into one's house 冖""}",爫,爱: Placed as a verb to express loving someone or something.,爱听？,Love listening?,真可爱！,How cute!,我爱你！,I love you!
八,bā,数,eight,1,,"{'type': 'ideographic', 'hint': 'Two bent lines meaning ""to divide""'}",八,八: Used as a numeral to represent the number eight in a sentence.,胡說八道！,Baloney!,她八歲。,She is eight.,八点多了。,It's past eight.
爸爸,bà ba,名,father,1,⿱父巴,"{'type': 'pictophonetic', 'phonetic': '巴', 'semantic': '父', 'hint': 'father'}",父,爸：名词，指父亲。,爸爸在哪？,Where's Daddy?,你爸爸在哪？,Where is your dad?,爸爸在哪里？,Where is dad?
杯子,bēi zi,名,cup; glass; mug,1,⿰木不,"{'type': 'pictophonetic', 'phonetic': '不', 'semantic': '木', 'hint': 'tree'}",木,"杯子: A noun representing a cup, glass, or mug in a sentence.",杯子里有水。,There is water in the glass.,爸，我的杯子呢？,"Dad, where's my glass?",这是谁的杯子？,Whose glass is this?
北京,běi jīng,名,Beijing,1,⿰？匕,"{'type': 'pictographic', 'hint': 'Two people 匕 sitting back-to-back; phonetic loan for ""north""'}",匕,"北京: As a proper noun, it names the capital city without grammatical modification.",北京熱嗎？,Is Beijing hot?,我住北京。,I live in Beijing.,我來自北京.,I come from Beijing.
本,běn,量,root; [measure word for books],1,⿻木一,"{'type': 'ideographic', 'hint': 'A tree 木 with its roots highlighted'}",木,本: Used as a measure word for books or similar items.,拿本书读！,Take a book and read it.,叔本華是誰？,Who is Schopenhauer?,翻開課本。,Open your textbooks.
不客气,bú kè qi,,you're welcome; impolite,1,⿱一？,"{'type': 'ideographic', 'hint': 'A bird flying toward the sky 一'}",一,"不客气: Used after receiving thanks to mean ""you're welcome"".",不客气,Don't mention it.,不客气。,You're welcome.,你要是再给我们公司出洋相，我可就不客气了。,"If you make fun of our company again, we certainly won’t be polite to you."
不,bù,副,not; no,1,⿱一？,"{'type': 'ideographic', 'hint': 'A bird flying toward the sky 一'}",一,不: Placed before verbs/adjectives to negate them.,不！,No!,不對？,Is it wrong?,不行！,No!
菜,cài,名,vegetable,1,⿱艹采,"{'type': 'pictophonetic', 'phonetic': '采', 'semantic': '艹', 'hint': 'plant'}",艹,"菜: A noun representing vegetables, used as the subject or object in sentences.",吃菜。,Eat vegetables.,生菜要洗嗎？,Do you need to wash fresh vegetables?,是日本菜嗎？,Is it Japanese food?
茶,chá,名,tea,1,⿱艹⿱人木,"{'type': 'pictophonetic', 'semantic': '艹', 'hint': 'plant'}",艹,茶: A noun representing the beverage tea.,奉茶。,Serve tea.,喝茶。,Drink tea.,请喝茶！,Please drink tea.
吃,chī,动,to eat,1,⿰口乞,"{'type': 'pictophonetic', 'phonetic': '乞', 'semantic': '口', 'hint': 'mouth'}",口,吃: Placed as the main verb in a sentence indicating the action of eating.,吃了嗎？,Did you eat?,好好吃！,So delicious!,慢点吃！,Eat more slowly.
出租车,chū zū chē,名,taxi,1,⿱屮凵,"{'type': 'ideographic', 'hint': 'A sprout 屮 growing out of a container 凵'}",凵,出租车: A noun representing a taxi in a sentence as a subject or object.,坐出租车吧。,Let's take a taxi.,出租车到了。,The taxi has arrived.,我们坐出租车吧,Let's take a taxi.
打电话,dǎ diàn huà,,to make a telephone call,1,⿰扌丁,"{'type': 'pictophonetic', 'phonetic': '丁', 'semantic': '扌', 'hint': 'hand'}",扌,打电话: Used as a verbal phrase to indicate making a telephone call.,打电话。,Make a call.,打电话回家！,Call home!,我在打电话。,I'm on the phone.
大,dà,形,big,1,⿻一人,"{'type': 'ideographic', 'hint': 'A man 人 with outstretched arms'}",大,大: Placed before nouns to describe size or extent.,很大呀！,It's so big!,大约。,Probably.,大声喊!,Scream it loud!
的,de,助,of,1,⿰白勺,{},白,的：置于形容词或名词前修饰名词。,好的？,OK?,媽的！,Fuck!,你的？,Yours?
点,diǎn,量,o’clock; spot; dot,1,⿱占灬,"{'type': 'pictophonetic', 'phonetic': '占', 'semantic': '灬', 'hint': 'fire'}",灬,点: Placed after numbers to indicate time in hours or quantity of small objects.,快点！,Hurry up.,慢点吃！,Eat more slowly.,,
电脑,diàn nǎo,名,computer,1,⿻曰乚,"{'type': 'ideographic', 'hint': 'Simplified form of 電; lightning 申 from a storm cloud 雨'}",曰,电脑: Used as a noun referring to a computer in sentences.,电脑坏了。,The computer is broken.,电脑蓝屏了。,The computer crashed.,电脑崩溃了。,The computer crashed.
电视,diàn shì,名,TV,1,⿻曰乚,"{'type': 'ideographic', 'hint': 'Simplified form of 電; lightning 申 from a storm cloud 雨'}",曰,"电视: As a noun, it functions as the subject or object in sentences referring to TV.",开电视。,Turn on the TV.,你有电视吗？,Do you have a TV?,看电视吧。,Let's watch TV.
电影,diàn yǐng,名,film; movie,1,⿻曰乚,"{'type': 'ideographic', 'hint': 'Simplified form of 電; lightning 申 from a storm cloud 雨'}",曰,电影: Serves as a noun representing films or movies in a sentence.,你看电影吗？,Do you watch movies?,电影开始了吗？,Has the movie started yet?,我去看电影。,I'm going to the cinema.
东西,dōng xi,名,thing,1,⿻七小,"{'type': 'pictographic', 'hint': 'Simplified form of 東, the sun 日 rising behind a tree 木'}",一,东西: Serves as a noun to refer to objects or things in general.,你在吃东西吗？,Have you been eating?,找到好东西了？,Found anything interesting?,Tom在吃东西。,Tom is eating something.
都,dōu,副,both; all,1,⿰者阝,"{'type': 'pictophonetic', 'phonetic': '者', 'semantic': '阝', 'hint': 'city'}",阝,"都: Placed after subjects or adverbials to indicate ""both"" or ""all"".",全都是？,All that?,都是。,Both are.,都一樣。,It's all the same.
读,dú,动,read aloud,1,⿰讠卖,"{'type': 'ideographic', 'hint': ""To show off 卖 one's literacy 讠""}",讠,读: Placed as a main verb to indicate the action of reading aloud.,读书。,Read.,读好书。,Read good books.,我想读。,I want to read it.
对不起,duì bu qǐ,动,sorry,1,⿰又寸,"{'type': 'ideographic', 'hint': 'A pair 又 of hands 寸'}",寸,对不起: Used at the beginning of a sentence to express歉意或遗憾。,对不起......,Sorry...,对不起！,Sorry!,对不起。,I'm sorry.
多,duō,形/代,much/many; how [+adjective],1,⿱夕夕,"{'type': 'ideographic', 'hint': 'Two nights 夕, suggesting many'}",夕,多: Placed before nouns to indicate quantity or placed after adjectives to intensify.,多!,A lot!,多久？,How long was it?,很多!,That's a lot!
多少,duō shǎo,代,how much/many?,1,⿱夕夕,"{'type': 'ideographic', 'hint': 'Two nights 夕, suggesting many'}",夕,多少: Placed after nouns to ask about quantity or extent.,多少人？,How many people?,多少錢？,How much is it?,多少个了？,This is how many?
儿子,ér zi,名,son,1,⿰丿乚,"{'type': 'pictographic', 'hint': 'Simplified form of 兒, a picture of a child; compare 人'}",儿,"儿子: A noun referring to one's son, used as the subject or object in sentences.",你也是，儿子！,"You are too, son!",你有几个儿子？,How many sons do you have?,他有没有儿子？,Does he have a son?
二,èr,数,two,1,⿱一一,"{'type': 'ideographic', 'hint': 'Two  parallel lines; compare 一 (one) and 三 (three)'}",二,二: Used as a numeral to represent the number two in a sentence.,一，二，三！,"One, two, three!",二選一。,Choose one of the two.,你二了。,You're stupid.
饭店,fàn diàn,名,restaurant,1,⿰饣反,"{'type': 'pictophonetic', 'phonetic': '反', 'semantic': '饣', 'hint': 'food'}",饣,饭店: A noun placed in sentences to denote a place where people eat meals.,我要去饭店。,I'm going to the restaurant.,我想去饭店吃晚饭。,I wanna have dinner in a restaurant.,请我们去饭店吃晚饭。,Invite us to dinner at a restaurant.
飞机,fēi jī,名,plane,1,⿻？？,"{'type': 'pictographic', 'hint': 'A bird flapping its wings'}",飞,飞机: A noun representing an aircraft in sentences.,那飞机真大！,How huge that airship is!,Tom上飞机了。,Tom got on the airplane.,他怕坐飞机。,He is afraid to fly in an airplane.
分钟,fēn zhōng,量,minute,1,⿱八刀,"{'type': 'ideographic', 'hint': 'Pieces 八 being further subdivided with a knife 刀 '}",刀,分钟: Follows numerals to quantify minutes.,再等十分钟！,Wait ten more minutes!,休息10分钟,Let's take a 10-minute break.,让我再睡十分钟！,Let me sleep for ten more minutes.
高兴,gāo xìng,形,pleased; happy,1,⿳亠口冋,"{'type': 'pictographic', 'hint': 'A tall palace'}",高,高兴: Used as an adjective to describe being pleased or happy.,怎么不高兴？,Why are you unhappy?,我不高兴。,I am not happy.,我太高兴了！,I'm too happy!
个,gè,量,individual; [general measure word],1,⿱人丨,"{'type': 'ideographic', 'hint': 'A tally 丨 of people 人'}",丨,个: Used as a measure word for general objects or concepts.,听这个！,Listen to this!,下个QQ。,Download QQ.,多少个了？,This is how many?
工作,gōng zuò,名/动,job; work,1,⿱一丄,"{'type': 'pictographic', 'hint': ""A spade or other workman's tool""}",工,工作: Can function as a noun (job) or verb (to work).,工作！,Work!,工作。,Work.,尋找工作！,Search for work!
狗,gǒu,名,dog,1,⿰犭句,"{'type': 'pictophonetic', 'phonetic': '句', 'semantic': '犭', 'hint': 'dog'}",犭,狗: Used as a noun to refer to a dog in a sentence.,小心狗！,Beware of the dog!,好大的狗！,What a huge dog!,你怕狗吗？,Are you afraid of dogs?
汉语,hàn yǔ,名,Standard Chinese language,1,⿰氵又,"{'type': 'ideographic', 'hint': 'Simplified form of 漢; the Han 𦰩 river 氵'}",氵,汉语: Noun referring to the Standard Chinese language.,我学过汉语。,I studied Chinese before.,你能说汉语吗？,Can you speak Chinese?,我学习汉语。,I am learning Chinese.
好,hǎo,形,good,1,⿰女子,"{'type': 'ideographic', 'hint': 'A woman 女 with a son 子'}",女,好: Used as an adjective to describe goodness or placed before verbs to express agreement.,好！,Good!,好嗎？,Okay?,您好！,Hello!
号,hào,量,number; day of a month,1,⿱口丂,"{'type': 'pictophonetic', 'phonetic': '丂', 'semantic': '口', 'hint': 'mouth'}",口,号: Placed after numbers to denote a sequence or day in a month.,今天是几号？,What's the date today?,星期天几号?,What is the date on Sunday?,是十月三号。,It's October the third.
喝,hē,动,to drink,1,⿰口曷,"{'type': 'pictophonetic', 'phonetic': '曷', 'semantic': '口', 'hint': 'mouth'}",口,喝: Placed before a noun to indicate drinking an object.,喝吧。,Drink.,喝湯。,Eat soup.,喝茶。,Drink tea.
和,hé,连/介,and,1,⿰禾口,"{'type': 'pictophonetic', 'phonetic': '禾', 'semantic': '口', 'hint': 'mouth'}",口,和: Placed between nouns or phrases to connect them.,和气点。,Be nice.,和你无关。,It has nothing to do with you.,天氣暖和。,It was a warm day.
很,hěn,副,very,1,⿰彳艮,"{'type': 'pictophonetic', 'phonetic': '艮', 'semantic': '彳', 'hint': 'step'}",彳,很: Placed before adjectives to intensify their meaning.,很棒！,Terrific!,很多!,That's a lot!,很好！,That's good.
后面,hòu miàn,名,at the back; behind; later,1,⿸？口,{},口,后面: Placed before nouns indicating a position behind or later in sequence.,我就在你后面。,I was right behind you.,谁躲在帘子后面？,Who is hiding behind the curtain?,汤姆躲在门后面。,Tom hid behind the door.
回,huí,动,to return,1,⿴囗口,"{'type': 'ideographic', 'hint': 'Originally, a spiral signifying return'}",囗,回: Placed after verbs to indicate returning to a place.,回來！,Come back.,回家！,Go home!,回答。,Respond.
会,huì,动,to know how to; can; meeting,1,⿱人云,"{'type': 'ideographic', 'hint': 'People 人 speaking 云'}",人,会: Placed before a verb to indicate ability or scheduled event.,等会见！,See you later!,幸会。,It is a privilege to meet you.,谁会做？,Who's going to do that?
几,jǐ,代/数,how much/many? [expecting a small number],1,⿰丿乙,"{'type': 'pictographic', 'hint': 'A small table; compare 丌'}",几,几: Placed before nouns to ask about small quantities.,几乎。,Almost.,几点了？,What time is it?,这个几块？,How much is it?
家,jiā,名,family; home,1,⿱宀豕,"{'type': 'pictophonetic', 'phonetic': '豕', 'semantic': '宀', 'hint': 'roof'}",宀,家: Placed as a noun indicating family or home in a sentence.,家！,Home!,回家！,Go home!,想家嗎？,Are you homesick?
叫,jiào,动,to call; to be named,1,⿰口丩,"{'type': 'pictophonetic', 'phonetic': '丩', 'semantic': '口', 'hint': 'mouth'}",口,叫: Placed before a noun to indicate calling or naming something/someone.,叫警察！,Call the police!,叫Ishmael。,Call Ishmael.,他大叫。,He yelled.
今天,jīn tiān,名,today,1,⿱人？,"{'type': 'ideographic', 'hint': 'A mouth 亼 talking about things'}",人,今天: Placed at the beginning or middle of a sentence to indicate today's date.,今天热吗？,Is it hot today?,今天熱嗎？,Is it hot today?,今天幾號？,What's today's date?
九,jiǔ,数,nine,1,⿻丿乙,"{'type': 'pictographic', 'hint': 'An elbow'}",乙,九: Used as a numeral to represent the number nine in a sentence.,猫有九命。,A cat has nine lives.,我九點回來。,I will be back by nine.,他说，“九点了”。,"He said, ""It's nine o'clock."""
开,kāi,动,to switch on; open,1,⿱一廾,"{'type': 'ideographic', 'hint': 'Simplified form of 開; hands 廾 lifting the latch 一 of a door'}",廾,开: Placed after subjects to indicate switching on or opening something.,开始！,Action!,开火！,Open fire!,滚开！,Get lost!
看,kàn,动,to see; to read; to watch; to look at,1,⿱手目,"{'type': 'ideographic', 'hint': ""Shielding one's eyes 目 with a hand 手 to look to the distance""}",目,"看: Placed as a main verb to indicate seeing, reading, or watching something.",看！,Look!,請看！,Behold!,看看！,Look!
看见,kàn jiàn,动,see,1,⿱手目,"{'type': 'ideographic', 'hint': ""Shielding one's eyes 目 with a hand 手 to look to the distance""}",目,看见: Placed as a verb indicating the action of seeing something or someone.,我们没看见。,We didn't see it.,您看见它了吗？,Did you see it?,没人看见你。,No one has seen you.
块,kuài,量,lump; piece,1,⿰土夬,"{'type': 'pictophonetic', 'phonetic': '夬', 'semantic': '土', 'hint': 'earth'}",土,块: Placed after a noun to indicate quantity or size.,这个几块？,How much is it?,谁想来一块派？,Who wants a slice of pie?,也给我一块蛋糕！,Give me a slice of cake too!
来,lái,动,to come,1,⿻未丷,"{'type': 'ideographic', 'hint': 'A wheat plant that has not yet borne fruit; compare 來'}",木,来: Placed after a verb to indicate arrival or coming.,进来,Come in.,来了!,I'm coming!,再来！,Again!
老师,lǎo shī,名,teacher,1,⿱耂匕,"{'type': 'pictographic', 'hint': 'A person bent over with long hair 匕 and a crutch; compare 耂'}",老,"老师: Noun referring to a teacher, used as subject or object in sentences.",关老师！,Teacher Guan!,你是老师吗？,Are you a teacher?,他是老师。,He is a teacher.
了,le,助,[makes an exclamation],1,⿱乛亅,"{'type': 'pictographic', 'hint': 'A child swaddled in blanklets; compare 子'}",亅,了: Placed after a verb to indicate completion or change.,謝了！,Thank you!,来了!,I'm coming!,對了！,That's right!
冷,lěng,形,cold,1,⿰冫令,"{'type': 'pictophonetic', 'phonetic': '令', 'semantic': '冫', 'hint': 'ice'}",冫,冷: Used as an adjective to describe coldness.,冷靜！,Cool off!,冷靜點！,Steady on!,很冷。,It's cold.
里,lǐ,名,in,1,⿱田土,"{'type': 'ideographic', 'hint': 'Unit of measure for farm 田 land 土'}",里,里: Placed after a measure word to indicate distance or location within.,哪里？,Where?,去店里！,Go to the store!,,
六,liù,数,six,1,⿱亠八,{},八,六: Used as a numeral to represent the number six in a sentence.,六点您行吗？,Will six o'clock suit you?,明天星期六。,Tomorrow is Saturday.,六點半開始。,It begins at six-thirty.
妈妈,mā ma,名,mother,1,⿰女马,"{'type': 'pictophonetic', 'phonetic': '马', 'semantic': '女', 'hint': 'woman'}",女,妈妈: Used as a noun to refer to one's mother in a sentence.,你妈妈呢？,Where's your mom?,妈妈骂马吗？,Is Mother scolding the horse?,妈妈哭了。,Mummy cried.
吗,ma,助,[makes a yes; no question],1,⿰口马,"{'type': 'pictophonetic', 'phonetic': '马', 'semantic': '口', 'hint': 'mouth'}",口,吗: Placed at the end of a sentence to turn it into a yes/no question.,对吗？,Right?,有吗？,Is that so?,痛吗？,Does that hurt?
买,mǎi,动,buy,1,⿱乛头,{},大,买: Placed as a main verb to indicate the action of purchasing.,买单。,"The check, please.",我想买。,I want to buy.,我买花。,I buy flowers.
猫,māo,名,cat,1,⿰犭苗,"{'type': 'pictophonetic', 'phonetic': '苗', 'semantic': '犭', 'hint': 'animal'}",犭,"猫: A noun representing a cat, used as the subject or object in sentences.",猫老了。,The cat is old.,我是猫。,I'm a cat.,猫在哪里？,Where's the cat?
没关系,méi guān xi,,no problem,1,⿰氵殳,"{'type': 'pictophonetic', 'phonetic': '殳', 'semantic': '氵', 'hint': 'water'}",氵,没关系: Used at the end of a sentence to express no problem or don't worry.,没关系！,No problem.,没关系。,It doesn't matter.,不，没关系。,"No, there's no problem."
没有,méi yǒu,动/副,don't have,1,⿰氵殳,"{'type': 'pictophonetic', 'phonetic': '殳', 'semantic': '氵', 'hint': 'water'}",氵,没有: Placed before a verb to negate existence or possession.,没有糖。,There's no sugar.,还没有。,Not yet.,没有盐。,There's no salt.
米饭,mǐ fàn,名,rice [cooked; boiled],1,⿻丷木,"{'type': 'pictographic', 'hint': 'Grains of rice'}",米,"米饭: Noun referring to cooked rice, used as subject or object in sentences.",吃米饭。,Eat rice.,我在吃米饭。,I am eating rice.,你尝过米饭了吗？,Did you try the rice?
明天,míng tiān,名,tomorrow,1,⿰日月,"{'type': 'ideographic', 'hint': 'The light of the sun 日 and moon 月'}",日,明天: Placed before verbs or at sentence beginning to indicate tomorrow's events.,明天见！,See you tomorrow.,好，明天见！,"Okay, see you tomorrow!",明天见。,See you tomorrow.
名字,míng zi,名,given name,1,⿸夕口,"{'type': 'ideographic', 'hint': 'A name called out 口 to hail someone at night 夕'}",口,名字: Serves as a noun referring to a person's name in a sentence.,我没有名字。,I have no name.,她叫什麼名字？,What's her name?,他叫什麼名字？,What is his name?
哪,nǎ,代,which?,1,⿰口那,"{'type': 'pictophonetic', 'phonetic': '那', 'semantic': '口', 'hint': 'mouth'}",口,哪: Placed before nouns to ask which one.,哪裏？,Where?,天哪！,Gosh!,哪里？,Where?
哪儿,nǎ er,代,where?,1,⿰口那,"{'type': 'pictophonetic', 'phonetic': '那', 'semantic': '口', 'hint': 'mouth'}",口,哪儿: Used at the beginning or end of a question to ask about place.,哪儿的话！,Don't mention it.,你去哪儿？,Where are you going?,,
那,nà,代,that,1,⿰⿹？？阝,{},阝,"那: Placed before nouns to indicate distance or pointing out ""that"" object.",那麼小！,So little!,看那裏！,Look there!,那是谁？,Who is that?
呢,ne,助,[returns; forwards a question],1,⿰口尼,"{'type': 'pictophonetic', 'phonetic': '尼', 'semantic': '口', 'hint': 'mouth'}",口,呢: Placed at the end of a question to prompt a response.,人呢？,Where did he go?,您呢？,How about you?,你呢？,How about you?
能,néng,动,to be able to; can,1,⿰⿱厶⺼⿱匕匕,"{'type': 'pictographic', 'hint': ""A bear's head 厶, body ⺼, and claws 匕""}",⺼,能: Placed before verbs to indicate ability or possibility.,能理解？,Understand?,我能吗？,May I?,不可能！,It can't be!
你,nǐ,代,you,1,⿰亻尔,"{'type': 'ideographic', 'hint': 'Pronoun 尔 for a person 亻'}",亻,"你: Used as a subject pronoun meaning ""you"".",給你！,Here you are!,你的？,Yours?,你好！,Hello!
年,nián,名/量,year,1,⿻干？,"{'type': 'ideographic', 'hint': 'A man 干 carrying grain, representing the annual harvest'}",干,年: Placed after numbers to indicate years.,新年快樂！,Happy New Year!,雞年大吉！,Happy year of the rooster!,‘年龄’ ‘16岁’,"""Age?"" ""16."""
女儿,nǚ ér,名,daughter,1,,"{'type': 'pictographic', 'hint': 'A woman turned to the side'}",女,女儿: Used as a noun to refer to one's daughter in a sentence.,你女儿怎么了？,How's your daughter?,你女儿起了吗？,Is your daughter up?,她是我女儿。,She's my daughter.
朋友,péng you,名,friend,1,⿰月月,"{'type': 'ideographic', 'hint': 'Two people 月 walking together'}",月,朋友: Serves as a noun representing a person one knows well and likes.,我是朋友。,I'm a friend.,你有朋友嗎？,Do you have a friend?,你们是朋友？,Are you friends?
漂亮,piào liang,形,beautiful,1,⿰氵票,"{'type': 'pictophonetic', 'phonetic': '票', 'semantic': '氵', 'hint': 'water'}",氵,漂亮: Used as an adjective to describe beauty or attractiveness.,你很漂亮.,You are beautiful.,你真漂亮！,How beautiful you are!,房子漂亮嗎？,Is the house beautiful?
苹果,píng guǒ,名,apple,1,⿱艹平,"{'type': 'pictophonetic', 'phonetic': '平', 'semantic': '艹', 'hint': 'plant'}",艹,"苹果: As a noun, it functions as the subject or object in a sentence.",多少苹果？,How many apples are there?,几只苹果？,How many apples are there?,,
七,qī,数,seven,1,⿻一乚,{},一,七: Used as a numeral to represent the number seven in sentences.,七個？,Seven?,七點了。,It is seven now.,七夕节快乐！,Happy Qixi Festival!
钱,qián,名,money,1,⿰钅戋,"{'type': 'pictophonetic', 'phonetic': '戋', 'semantic': '钅', 'hint': 'money'}",钅,钱: Placed after measure words or used alone to denote money.,钱够吗？,Was there enough money?,有零钱吗？,Do you have any small change?,我想钱。,I want money.
前面,qián miàn,名,front,1,⿱⿱丷一刖,{},刂,前面: Placed before nouns to indicate the front area or direction.,糟了，前面也有！,"Oh no, there are more straight ahead!",零在一前面。,Zero comes before one.,在我前面走。,Walk ahead of me.
请,qǐng,动,to invite; please,1,⿰讠青,"{'type': 'pictophonetic', 'phonetic': '青', 'semantic': '讠', 'hint': 'speech'}",讠,请: Placed before verbs to express politeness or invitation.,请坐！,Please sit down!,请进！,Come in.,,
去,qù,动,to go,1,⿱土厶,{},厶,去: Placed as the main verb indicating movement to a place.,進去！,Get in!,出去！,Get out!,現在去！,Go now!
热,rè,形,hot,1,⿱执灬,"{'type': 'pictophonetic', 'phonetic': '执', 'semantic': '灬', 'hint': 'fire'}",灬,热: Placed before a noun to describe it as hot.,热死了！,"Damn, it's hot!",今天热吗？,Is it hot today?,你不热吗？,Aren't you hot?
人,rén,名,person; people,1,,"{'type': 'pictographic', 'hint': 'The legs of a human being'}",人,人: Used as a noun to refer to people in various contexts.,騙人！,That's a lie!,人呢？,Where did he go?,瘋女人！,Madwoman!
认识,rèn shi,动,to know [be familiar with],1,⿰讠人,"{'type': 'pictophonetic', 'phonetic': '人', 'semantic': '讠', 'hint': 'speech'}",讠,认识: Placed before a noun to indicate knowing someone or something.,我认识他。,I know him.,你认识他吗？,Do you know him?,你们认识吗？,Do you know each other?
三,sān,数,three,1,⿱一二,"{'type': 'ideographic', 'hint': 'Three  parallel lines; compare 一 (one) and 二 (two)'}",一,三: Used as a numeral to represent the number three in sentences.,一，二，三！,"One, two, three!",三振出局！,Strike three!,整三點。,3 o'clock sharp.
商店,shāng diàn,名,shop,1,⿱⿱亠丷冏,"{'type': 'pictophonetic', 'phonetic': '章', 'semantic': '冏', 'hint': 'bright'}",口,商店: Placed in a sentence as a noun to refer to a shop or store.,我去商店。,I am going to the shop.,我去了商店。,I went to the store.,我想去商店。,I want to go to the store.
上,shàng,名,up; above,1,⿱⺊一,"{'type': 'ideographic', 'hint': 'One stroke on top of another; compare 下 (below)'}",一,上: Placed before or after nouns to indicate a higher position.,加上！,Add!,向上！,Ascend!,马上！,Now!
上午,shàng wǔ,名,morning,1,⿱⺊一,"{'type': 'ideographic', 'hint': 'One stroke on top of another; compare 下 (below)'}",一,上午: Indicates morning and functions as a noun in time expressions.,我上午慢跑。,I jog in the morning.,今天上午下雨。,It will rain this morning.,你明天上午吃什么？,What will you eat tomorrow morning?
少,shǎo,形,few,1,⿱小丿,"{'type': 'pictographic', 'hint': 'Grains of sand; 小 provides the pronunciation and meaning'}",小,少: Placed before nouns to indicate fewness.,少來了！,Cut it out!,多少人？,How many people?,多少錢？,How much is it?
谁,shéi,代,who?,1,⿰讠隹,"{'type': 'pictophonetic', 'phonetic': '隹', 'semantic': '讠', 'hint': 'speech'}",讠,谁: Used as a pronoun at the beginning of a question to ask about people.,谁！,Who!,谁？,Who?,谁，我？,Who? Me?
什么,shén me,代,what?,1,⿰亻十,"{'type': 'ideographic', 'hint': 'A file of ten 十 people 亻'}",亻,什么: Used at the beginning of interrogative sentences to ask about objects or information.,什么？,What?,搞什么,What's up?,急什么！,What's the rush!?
十,shí,数,ten,1,⿻一丨,{},十,十: Used as a numeral to represent the number ten in a phrase.,數到十。,Count to ten.,只要十元！,It only costs $10.00!,再等十分钟！,Wait ten more minutes!
时候,shí hou,名,[duration of] time,1,⿰日寸,"{'type': 'pictophonetic', 'semantic': '日', 'hint': 'day'}",日,时候: Placed after verbs or nouns to indicate a specific time for actions or events.,什么时候？,When?,你什么时候来？,When will you come?,什么时候选举？,When are the elections?
是,shì,动,to be,1,⿱日疋,"{'type': 'ideographic', 'hint': 'To speak 日 directly 疋'}",日,是: Placed before a predicate to link it with the subject.,是！,Yes!,是榮！,It's Ron!,是。,Yes.
书,shū,名,book,1,⿻？丨,"{'type': 'ideographic', 'hint': 'A mark made by a pen ⺺'}",丨,书: Used as a noun representing a book in sentences.,读书。,Read.,用脸书。,Use Facebook.,合上书。,Close the book.
水,shuǐ,名,water,1,⿻亅？,"{'type': 'pictographic', 'hint': 'A river running between two banks; compare 川'}",水,水: Used as a noun representing water in sentences.,喝水。,Drink water.,水开了。,The water is boiling.,好多水筆！,What a lot of pens!
水果,shuǐ guǒ,名,fruit,1,⿻亅？,"{'type': 'pictographic', 'hint': 'A river running between two banks; compare 川'}",水,"水果: A noun representing fruit, used as a subject or object in sentences.",吃水果。,Eat fruit.,他卖水果。,He sells fruit.,你們賣水果嗎？,Do you sell fruit?
睡觉,shuì jiào,动,to go to bed; to sleep,1,⿰目垂,"{'type': 'pictophonetic', 'phonetic': '垂', 'semantic': '目', 'hint': 'eye'}",目,睡觉: Used as a verb indicating the action of going to bed or sleeping.,快去睡觉！,Hurry up and go to bed!,你睡觉吗？,Are you sleeping?,猫在睡觉。,The cat is sleeping.
说,shuō,动,speak,1,⿰讠兑,"{'type': 'pictophonetic', 'phonetic': '兑', 'semantic': '讠', 'hint': 'speech'}",讠,说: Placed after subject to indicate speaking about something.,说！,Speak!,说啊！,Speak!,说呀！,Speak!
四,sì,数,four,1,⿴囗儿,"{'type': 'ideographic', 'hint': 'A child 儿 in a room with four walls 囗'}",囗,四: Used as a numeral to represent the number four in sentences.,週四再見！,Until Thursday!,四月到了。,It's April.,下午四點。,At four o'clock in the afternoon.
岁,suì,量,year (of crop harvests),1,⿱山夕,{},山,岁: Placed after numbers to indicate age or years.,革命万岁！,Long live the Revolution!,‘年龄’ ‘16岁’,"""Age?"" ""16.""",苏联万岁！,Long live the Soviet Union!
他,tā,代,he; him,1,⿰亻也,"{'type': 'ideographic', 'hint': 'An additional, ""also"" 也  person 亻'}",亻,他: Used as a subject or object pronoun referring to a male.,他媽的！,Fuck you!,他走。,He leaves.,管他呢！,Whatever!
她,tā,代,she; her,1,⿰女也,"{'type': 'ideographic', 'hint': 'A woman 女 beside you 也'}",女,她: Used as a subject or object pronoun to refer to a female.,幫她！,Help her!,她走。,She leaves.,吻她。,Kiss her.
太,tài,副,very,1,⿵大丶,"{'type': 'ideographic', 'hint': 'A giant 大 with a normal-sized man 丶 for scale'}",大,太: Placed before adjectives to intensify their meaning.,太忙！,Busy!,太棒了,Awesome.,太貴了！,It's too expensive!
天气,tiān qì,名,weather,1,⿱一大,"{'type': 'ideographic', 'hint': 'The heavens 一 above a man 大'}",大,"天气: A noun indicating weather, often used as subject or object in sentences.",天气真好 ！,The weather is really great!,天气很好。,The weather is nice.,天气真好。,The weather is just perfect.
听,tīng,动,to listen; hear,1,⿰口斤,"{'type': 'ideographic', 'hint': 'Words 口 reaching an ear 斤'}",口,听: Placed as a main verb indicating the action of listening or hearing.,听！,Listen!,倾听...,Listen...,爱听？,Love listening?
同学,tóng xué,名,schoolmate; classmate,1,⿵凡口,"{'type': 'ideographic', 'hint': 'Sharing a common 凡 tongue 口'}",口,同学: Used as a noun to refer to classmates or schoolmates in a sentence.,我们是同学。,We're classmates.,他是我的同学。,He is my classmate.,,
喂,wèi,叹,hello,1,⿰口畏,"{'type': 'pictophonetic', 'phonetic': '畏', 'semantic': '口', 'hint': 'mouth'}",口,喂: Used at the beginning of a call to attract attention.,喂！,Hello!,喂。,Speaking.,唉唷喂啊！,Whoopsie!
我,wǒ,代,I; me,1,⿰扌戈,"{'type': 'ideographic', 'hint': 'A hand 扌 holding a weapon 戈'}",戈,"我: Used as a subject pronoun meaning ""I"" or ""me"".",我！,Me!,誰？我？,Who? Me?,谁，我？,Who? Me?
我们,wǒ men,代,we; us,1,⿰扌戈,"{'type': 'ideographic', 'hint': 'A hand 扌 holding a weapon 戈'}",戈,"我们: Used as a subject pronoun meaning ""we"" or ""us"".",帮我们做.,Help us do it.,我们是谁？,Who are we?,,
五,wǔ,数,five,1,⿴二？,"{'type': 'ideographic', 'hint': 'Five elements (the cross with the extra stroke) between heaven 一 and earth 一 '}",二,五: Used as a numeral to represent the number five in a sentence.,她五歲。,She's five.,现在五点钟.,It's five o'clock.,五個人死了。,Five people died.
喜欢,xǐ huan,动,to like,1,⿱壴口,"{'type': 'ideographic', 'hint': 'Singing 口 and beating drums 壴'}",口,喜欢: Placed before a noun to express liking something.,我喜欢你！,I like you.,但你喜欢！,But you like it!,我不喜欢你,I don't like you.
下,xià,名,down; below,1,⿱一卜,"{'type': 'ideographic', 'hint': 'One stroke under another; compare 上 (above)'}",一,下: Placed after verbs to indicate movement downward or direction below.,趴下！,Get down!,寫下來！,Write it down!,下载。,Download.
下午,xià wǔ,名,afternoon,1,⿱一卜,"{'type': 'ideographic', 'hint': 'One stroke under another; compare 上 (above)'}",一,下午: Indicates the afternoon time period in a sentence.,下午好。,Good afternoon.,下午四點。,At four o'clock in the afternoon.,您下午做啥呢？,So what will you do in the afternoon?
下雨,xià yǔ,动,rain,1,⿱一卜,"{'type': 'ideographic', 'hint': 'One stroke under another; compare 上 (above)'}",一,下雨: Used as a verb to indicate it is raining.,下雨吗？,Is it raining?,在下雨吗？,Is it raining?,要下雨了.,It's about to rain.
先生,xiān sheng,名,Mr; Sir,1,⿱⿰？土儿,"{'type': 'ideographic', 'hint': 'Someone stepping 止 in front of another person 儿'}",儿,先生: Used before a name or alone as a title for respect.,谢谢您，先生。,"Thank you, sir.",你认识钱先生吗？,Do you know Mr Qian?,你认识高先生吗？,Do you know Mr Gao?
现在,xiàn zài,名,now,1,⿰王见,"{'type': 'ideographic', 'hint': 'To see 见 jade 王; 见 also provides the pronunciation'}",王,现在: Placed at the beginning of a sentence to indicate current time.,现在忙,Busy right now.,现在呢？,And now?,现在几点？,What time is it?
想,xiǎng,动,to want; to think,1,⿱相心,"{'type': 'pictophonetic', 'phonetic': '相', 'semantic': '心', 'hint': 'mind'}",心,想: Placed before a verb to express desire or intention.,快想！,Think quickly!,想知道？,Want to know?,我不想！,I didn't mean to!
小,xiǎo,形,small,1,⿻亅八,"{'type': 'ideographic', 'hint': 'Dividing 八 by a line 亅'}",小,小: Placed before nouns to indicate small size.,小心!,Be careful!,小心！,Be careful!,那麼小！,So little!
小姐,xiǎo jiě,名,Miss; young lady,1,⿻亅八,"{'type': 'ideographic', 'hint': 'Dividing 八 by a line 亅'}",小,小姐: Used as a noun to address a young lady politely.,祝相葉小姐生日快樂！,"Happy birthday, Miss Aiba!",小姐！我觉得不舒服。,Miss! I feel sick.,他看到一位漂亮小姐。,He saw a pretty girl.
些,xiē,量,some,1,⿱此二,"{'type': 'pictophonetic', 'phonetic': '此', 'semantic': '二', 'hint': 'two'}",二,"些: Placed after quantifiers or before nouns to indicate ""some.""",大声些。,Louder.,多学些。,Learn a bit more.,哪些人想去？,Who wants to go?
写,xiě,动,to write,1,⿱冖与,{},冖,写: Placed as a main verb to indicate the action of writing.,我写诗。,I write poems.,你写吗?,Do you write?,没写作业。,I didn't do the homework.
谢谢,xiè xie,动,thank you,1,⿰讠射,"{'type': 'pictophonetic', 'phonetic': '射', 'semantic': '讠', 'hint': 'speech'}",讠,谢谢: Used at the end of a sentence to express gratitude.,谢谢？,Thanks?,谢谢！,Thank you!,谢谢。,Thank you.
星期,xīng qī,名,week,1,⿱日生,"{'type': 'pictophonetic', 'phonetic': '生', 'semantic': '日', 'hint': 'sun'}",日,星期: Placed before numbers to indicate days of the week.,下星期见.,See you next week!,星期三在嗎？,Will you be here on Wednesday?,下個星期二？,Next Tuesday?
学生,xué sheng,名,student,1,⿱⿱⺍冖子,"{'type': 'ideographic', 'hint': 'A building 冖 where children 子 study; ⺍ provides the pronunciation'}",子,学生: Functions as a noun referring to a student in sentences.,您是学生吗？,Are you a student?,你是学生。,You are a student.,你是学生吗？,Are you a student?
学习,xué xí,动,to learn; to study,1,⿱⿱⺍冖子,"{'type': 'ideographic', 'hint': 'A building 冖 where children 子 study; ⺍ provides the pronunciation'}",子,学习: Used as a verb to indicate the action of learning or studying.,我学习。,I study.,您学习吗？,Are you studying?,好好学习。,Study hard.
学校,xué xiào,名,school,1,⿱⿱⺍冖子,"{'type': 'ideographic', 'hint': 'A building 冖 where children 子 study; ⺍ provides the pronunciation'}",子,学校: A noun representing an educational institution.,你在学校。,You are at school.,学校怎么样？,How is it at school?,我去学校。,I go to school.
一,yī,数,one; once; first; structural word between two of the same verb; as soon as; throughout,1,,"{'type': 'ideographic', 'hint': 'Represents heaven (天), earth (旦), or the number 1'}",一,"一: Used as a numeral before nouns or in structures like ""一...就..."" for immediacy.",一，二，三！,"One, two, three!",一好球！,Strike one!,想一想！,Imagine!
一点儿,yī diǎn er,数量,a bit,1,,"{'type': 'ideographic', 'hint': 'Represents heaven (天), earth (旦), or the number 1'}",一,一点儿: Placed after adjectives to indicate a small degree.,轻一点儿放！,Put it down lightly!,给我一点儿。,Give me a little.,还要一点儿。,Just a little more.
衣服,yī fu,名,clothes,1,⿱亠？,"{'type': 'pictographic', 'hint': ""A woman's dress""}",衣,"衣服: A noun representing clothes, used as the subject or object in sentences.",穿衣服！,Get dressed!,穿衣服。,Get dressed.,穿上衣服！,Dress up!
医生,yī shēng,名,doctor,1,⿷匸矢,"{'type': 'pictophonetic', 'phonetic': '匸', 'semantic': '矢', 'hint': 'arrow'}",匸,医生: Serves as a noun representing a medical practitioner in sentences.,他是医生吗？,Is he a doctor?,我不是医生,I'm not a doctor.,我是医生。,I'm a doctor.
医院,yī yuàn,名,hospital,1,⿷匸矢,"{'type': 'pictophonetic', 'phonetic': '匸', 'semantic': '矢', 'hint': 'arrow'}",匸,医院: Placed as a noun in sentences to denote a hospital.,这是医院。,This is a hospital.,他在医院。,He is in hospital.,她去医院了。,She went to hospital.
椅子,yǐ zi,名,chair,1,⿰木奇,"{'type': 'pictophonetic', 'phonetic': '奇', 'semantic': '木', 'hint': 'wood'}",木,椅子: A noun representing a piece of furniture for sitting.,沒有椅子坐。,There's no chair to sit upon.,你要坐哪張椅子？,Which chair will you sit in?,再拿一把椅子。,Fetch another chair.
有,yǒu,动,to have,1,⿸？月,"{'type': 'pictophonetic', 'phonetic': '月'}",月,有: Placed before a noun to indicate possession or existence.,有！,Here!,有吗？,Is that so?,有問題？,Problem?
月,yuè,名,month; moon,1,⿵冂二,"{'type': 'pictographic', 'hint': 'A crescent moon'}",月,月: Used as a noun to refer to either month or moon in a sentence.,三月已過。,March is over.,四月到了。,It's April.,月光真美。,The moonlight is beautiful.
在,zài,动/介,in; at; on,1,⿸才土,"{'type': 'pictophonetic', 'phonetic': '才', 'semantic': '土', 'hint': 'earth'}",土,在: Placed before a location noun to indicate position.,現在走！,Go now!,現在去！,Go now!,谁在听？,Who's listening?
再见,zài jiàn,动,goodbye,1,⿱一冉,"{'type': 'pictographic', 'hint': 'Two fish 冉 caught on a line 一'}",冂,再见: Used at end of sentences to say goodbye.,再见！,See you again.,再见。,See you.,再见，Ian。,"Goodbye, Ian."
怎么,zěn me,代,how?,1,⿱乍心,"{'type': 'pictophonetic', 'phonetic': '乍', 'semantic': '心', 'hint': 'heart'}",心,怎么: Placed at the beginning of a question to ask about manner or way.,怎么样？,How?,怎么了？,What's the matter?,你怎么了？,What is the matter with you?
怎么样,zěn me yàng,代,how about it,1,⿱乍心,"{'type': 'pictophonetic', 'phonetic': '乍', 'semantic': '心', 'hint': 'heart'}",心,怎么样: Placed at the end of a sentence to ask about conditions or opinions.,怎么样？,How?,经济怎么样？,How is the economy?,工作怎么样？,How's work?
这,zhè,代,this,1,⿺辶文,{},辶,这: Placed before nouns to indicate this (near speaker).,这么晚？,This late?,听这个！,Listen to this!,这不酷！,That isn't cool.
中国,zhōng guó,名,China,1,⿻口丨,"{'type': 'ideographic', 'hint': 'A line 丨 through the center of a box 口'}",丨,中国: Functions as a noun representing the country China.,中国欢迎您！,Welcome to China!,中国欢迎你！,Welcome to China!,欢迎来到中国！,Welcome to China!
中午,zhōng wǔ,名,midday,1,⿻口丨,"{'type': 'ideographic', 'hint': 'A line 丨 through the center of a box 口'}",丨,"中午: Indicates midday, used as a noun in time expressions.",现在才中午。,It is just noon.,昨天中午有霧。,There was fog at noon yesterday.,汤姆睡到中午。,Tom slept until noon.
住,zhù,动,to live; stay (a number of nights),1,⿰亻主,"{'type': 'ideographic', 'hint': 'A person 亻 who hosts 主; 主 also provides the pronunciation'}",亻,住: Placed after a subject to indicate living or staying somewhere.,站住！,Stop!,住手！,Stop!,抓住。,Grab it.
桌子,zhuō zi,名,table,1,⿱卓木,{},木,"桌子: A noun representing a piece of furniture, used as subject or object in sentences.",桌子上有什么？,What is on the desk?,笔在桌子上。,The pen is on the table.,书在桌子上。,The book is on the table.
字,zì,名,(Chinese) character,1,⿱宀子,"{'type': 'ideographic', 'hint': 'A child 子 in a house 宀; 子 also provides the pronunciation'}",子,字: Indicates a Chinese character or letter in discussions about writing or language.,字、字⋯⋯,"Words, words...",他識字。,He can read.,记得查字典！,Remember to use the dictionary!
昨天,zuó tiān,名,yesterday,1,⿰日乍,"{'type': 'pictophonetic', 'phonetic': '乍', 'semantic': '日', 'hint': 'day'}",日,"昨天: Placed at the beginning of a sentence to indicate the time ""yesterday"".",昨天星期幾？,Yesterday was what day of the week?,她昨天病了。,She was ill yesterday.,他昨天病了。,He was ill yesterday.
坐,zuò,动,to sit,1,⿻从土,"{'type': 'ideographic', 'hint': 'Two people 从 sitting on the ground 土'}",土,坐: Placed as a verb indicating the action of sitting.,请坐！,Please sit down!,请坐。,Please take your seat.,坐這邊,Sit over here.
做,zuò,动,to do; to be; become (an occupation),1,⿰亻故,"{'type': 'ideographic', 'hint': 'Someone 亻 who causes things to happen 故; 故 also provides the pronuncation'}",亻,做: Placed as a main verb to indicate performing an action or becoming an occupation.,別做！,Don't do it!,不要做！,Don't do it!,自己做！,Do it yourself!
吧,ba,助,"[makes a suggestion, eg. ""Let's …"")]",2,⿰口巴,"{'type': 'pictophonetic', 'phonetic': '巴', 'semantic': '口', 'hint': 'mouth'}",口,吧: Placed at the end of a sentence to make a suggestion.,来吧！,Come!,学吧！,Study!,很貴吧？,"It’s expensive, isn’t it?"
白,bái,形,white,2,⿻？日,"{'type': 'ideographic', 'hint': 'A burning candle; the rays of the sun'}",白,白: Placed after adjectives as a degree marker to emphasize purity or clarity.,明白。,I understand.,不明白。,I don't understand.,明白了。,I got it.
百,bǎi,数,hundred,2,⿱一白,"{'type': 'pictophonetic', 'phonetic': '白', 'semantic': '一', 'hint': 'one'}",白,"百: Used as a quantifier before nouns indicating ""hundred"" of something.",祝你长命百岁！,May you live long!,我数到两百。,I counted to two hundred.,你百分百正確。,You're 100 percent correct.
帮助,bāng zhù,动,to help,2,⿱邦巾,"{'type': 'ideographic', 'hint': ""A nation's 邦 flag 巾; 邦 also provides the pronunciation""}",巾,帮助: Placed as a verb in a sentence to indicate the action of helping someone.,帮助我，汤姆。,"Help me, Tom.",我需要帮助。,I need help.,她帮助过我。,She helped me.
报纸,bào zhǐ,名,newspaper,2,⿰扌⿸卩又,"{'type': 'ideographic', 'hint': 'A hand 扌 cuffing 又 a criminal 卩, representing sentencing'}",扌,报纸: Serves as a noun representing a newspaper in sentences.,报纸在哪儿？,Where is the newspaper?,我不看报纸。,I don't read the newspapers.,去拿一下报纸。,Get me the newspaper.
比,bǐ,介,to compare,2,⿰匕匕,"{'type': 'ideographic', 'hint': 'Two spoons 匕 side-by-side; 匕 also provides the pronunciation'}",比,比: Placed between compared elements to indicate comparison.,我比妳高。,I'm taller than you.,我比妳矮。,I am shorter than you.,他比妳笨。,He's dumber than you.
别,bié,副,separate,2,⿰另刂,"{'type': 'ideographic', 'hint': 'To draw boundaries 刂 between classes 另'}",刂,别: Placed before verbs to advise against doing something.,别笑！,Don't laugh.,别跳！,Don't jump!,别碰！,Hands off.
宾馆,bīn guǎn,名,guesthouse,2,⿱宀兵,"{'type': 'ideographic', 'hint': ""A solider 兵 quartered under one's roof 宀""}",宀,宾馆: A noun indicating a guesthouse or hotel in a sentence.,那是一家宾馆。,That is a hotel.,请帮我叫宾馆保安。,Please get me hotel security.,汤姆在这宾馆待了三周。,Tom stayed at this hotel for three weeks.
长,cháng,形,long,2,⿻？一,"{'type': 'ideographic', 'hint': 'Simplified form of 長; an old man with long hair and a cane'}",长,长: Placed after nouns to describe length or duration.,铅笔长吗？,Is the pencil long?,那够长了。,That's long enough.,你长大了。,You've grown up.
唱歌,chàng gē,动,to sing; singing,2,⿰口昌,"{'type': 'pictophonetic', 'phonetic': '昌', 'semantic': '口', 'hint': 'mouth'}",口,唱: Used as a verb followed by objects like 歌 (song) to specify what is sung.,请唱歌。,Please sing.,您会唱歌吗？,Can you sing?,你要唱歌嗎？,Are you going to sing?
出,chū,动,to go out,2,⿱屮凵,"{'type': 'ideographic', 'hint': 'A sprout 屮 growing out of a container 凵'}",凵,出: Placed after verbs indicating movement out of a place.,出去！,Get out!,退出。,Exit.,出來吧！,Arise!
穿,chuān,动,to wear; to put on,2,⿱穴牙,"{'type': 'pictophonetic', 'phonetic': '穴', 'semantic': '牙', 'hint': 'tooth'}",穴,穿: Placed before a garment noun to indicate wearing it.,穿衣服！,Get dressed!,穿絲襪！,Wear silk socks!,穿上。,Put it on.
次,cì,名,time,2,⿰冫欠,"{'type': 'ideographic', 'hint': 'A person 欠 yawning multiple times 冫'}",欠,次: Placed after numerals to indicate occurrences or instances of an action.,再來一次！,Encore!,再来一次！,One more time!,再一次。,Once again.
从,cóng,介,from; follow; comply with,2,⿰人人,"{'type': 'ideographic', 'hint': 'One person 人 following another'}",人,从: Placed before a point of origin to indicate starting point.,从那儿下来！,Get down from there.,它从哪里来？,Where did it come from?,从哪里而来？,Where did it come from?
错,cuò,形,wrong,2,⿰钅昔,"{'type': 'ideographic', 'hint': 'Gold 钅 that once was 昔 but is lost'}",钅,错: Placed after verbs to indicate error or mistake.,错误！,Wrong!,错了吗？,Am I wrong?,我没错！,I'm not wrong!
打篮球,dǎ lán qiú,,play basketball,2,⿰扌丁,"{'type': 'pictophonetic', 'phonetic': '丁', 'semantic': '扌', 'hint': 'hand'}",扌,"打篮球: Verb phrase meaning ""to play basketball.""",他不打篮球。,He doesn't play basketball.,我不打篮球。,I don't play basketball.,打篮球很有趣。,Basketball is very fun to play.
大家,dà jiā,名,everybody,2,⿻一人,"{'type': 'ideographic', 'hint': 'A man 人 with outstretched arms'}",大,大家: Used at the beginning of sentences to address everyone present.,大家好！,"Hi, everybody!",谢谢大家！,"Thanks, everybody!",欢迎大家！,"Welcome, everyone!"
到,dào,动,to arrive; to get to,2,⿰至刂,"{'type': 'pictophonetic', 'phonetic': '刂', 'semantic': '至', 'hint': 'arrive'}",刂,到: Placed after verbs indicating arrival at a destination.,收到。,Roger that.,買到啦？,Did you buy it?,快到家了……,Almost home...
得,de,助,[particle to connect verb to adverb],2,⿰彳⿱旦寸,"{'type': 'ideographic', 'hint': 'A hand 寸 grabbing a shell 旦'}",彳,得: Placed after a verb to show manner or degree.,要得。,It is feasible.,做得好！,Well done!,想得好!,Good thinking!
等,děng,动,wait,2,⿱⺮寺,"{'type': 'ideographic', 'hint': 'Bamboo strips ⺮ laid before a court 寺'}",⺮,等: Placed after a verb to indicate waiting for something to happen.,等等！,Wait!,等你。,I'll wait for you.,等会见！,See you later!
弟弟,dì di,名,younger brother,2,⿱丷⿻弓？,{},弓,弟弟: Used as a noun to refer to one's younger brother in a sentence.,你有弟弟嗎？,Do you have younger brothers?,弟弟出去了。,My little brother has gone out.,他是我弟弟。,He's my younger brother.
第一,dì yī,数,firstly,2,⿱⺮弟,"{'type': 'ideographic', 'hint': 'Bamboo strips ⺮ arrayed in sequence; 弟 provides the pronunciation'}",⺮,第一: Placed before nouns to indicate being the primary or top one.,生活第一！,Life first!,你是第一。,You're the first.,我是第一。,I'm first.
懂,dǒng,动,to understand,2,⿰忄董,"{'type': 'pictophonetic', 'phonetic': '董', 'semantic': '忄', 'hint': 'mind'}",忄,懂: Placed after a verb or before a noun to indicate understanding.,懂么？,Do you get it?,我懂。,I understand.,不懂。,Don't understand.
对,duì,介/形,correct; right,2,⿰又寸,"{'type': 'ideographic', 'hint': 'A pair 又 of hands 寸'}",寸,对: Used after a statement to show agreement or correctness.,对！,Yes!,啊，对！,Well yes!,对吗？,Right?
房间,fáng jiān,名,room,2,⿸户方,"{'type': 'pictophonetic', 'phonetic': '方', 'semantic': '户', 'hint': 'door'}",户,房间: Placed in a sentence as a noun to indicate a specific room.,收拾房间。,Clean up the room.,我想换房间。,I'd like to change my room.,她进了房间。,She came into the room.
非常,fēi cháng,副,extremely,2,⿰？？,"{'type': 'ideographic', 'hint': ""Two bird's wings opposed; two people back-to-back""}",非,非常: Placed before adjectives to intensify their meaning.,非常好！,Well done!,非常美味！,Very delicious!,非常好吃！,Very delicious!
服务员,fú wù yuán,名,waiter/waitress; attendant,2,⿰月⿸卩又,"{'type': 'ideographic', 'hint': 'A person 卩 putting on 又 a coat 月'}",月,服务员: Used as a noun to refer to a waiter/waitress or attendant.,我是服务员。,I'm a waiter.,招聘服务员。,Waiter needed.,服务员，我想付账。,"Waiter, I would like to pay."
高,gāo,形,high; tall,2,⿳亠口冋,"{'type': 'pictographic', 'hint': 'A tall palace'}",高,高: Used as an adjective before nouns to describe height or tallness.,她高。,She is tall.,他高。,He is tall.,你多高？,How tall are you?
告诉,gào su,动,to tell,2,⿱牛口,"{'type': 'ideographic', 'hint': 'To speak 口 with the force of an ox 牛'}",口,告诉: Placed after subject and before object in a sentence to indicate telling someone something.,告诉我！,Tell me!,他告诉她。,He told her.,不要告诉他。,Don't tell him.
哥哥,gē ge,名,elder brother,2,⿱可可,"{'type': 'ideographic', 'hint': 'One person talking 可 over another 可'}",口,哥哥: Used as a noun to refer to one's elder brother.,你哥哥是谁？,Who is your brother?,Tom是我哥哥。,Tom is my older brother.,我有个哥哥。,I have an older brother.
给,gěi,动,to give,2,⿰纟合,"{'type': 'pictophonetic', 'phonetic': '合', 'semantic': '纟', 'hint': 'thread'}",纟,给: Placed after the subject and before the object in a giving action.,给我！,Give it to me.,借给他.,Lend it to him.,给，给你！,"Here, this is for you!"
公共汽车,gōng gòng qì chē,名,bus,2,⿱八厶,"{'type': 'ideographic', 'hint': 'To divide 八 what is private 厶'}",八,公共汽车: Serves as a noun representing a bus in sentences.,公共汽车多久发车一次？,How often do the buses depart?,公共汽车上发生什么了？,What happened on the bus?,,
公司,gōng sī,名,company; office,2,⿱八厶,"{'type': 'ideographic', 'hint': 'To divide 八 what is private 厶'}",八,公司: Serves as a noun referring to a business entity or workplace.,公司破产了。,The company went bankrupt.,那是公司的钱。,That's company money.,这就是你们公司？,So this is your company?
贵,guì,形,expensive,2,⿱⿱中一贝,"{'type': 'pictophonetic', 'semantic': '贝', 'hint': 'money'}",贝,贵: Placed before nouns to indicate high price or value.,太贵了！,It's too expensive!,太贵了吧！,It's too expensive!,车子很贵。,Cars are expensive.
过,guò,助,[marker after a verb to indicate experience],2,⿺辶寸,"{'type': 'pictophonetic', 'phonetic': '咼', 'semantic': '辶', 'hint': 'walk'}",辶,过: Placed after a verb to indicate past experience.,别过来！,Don't come here!,真过分!,So mean!,你试过吗？,Did you ever try?
还,hái,副,even,2,⿺辶不,"{'type': 'ideographic', 'hint': 'Not 不 moving 辶'}",辶,还: Placed before verbs to indicate addition or concession.,还回去,Give it back.,还不快走！,"Hurry, pick up your pace!",你还冷吗？,Are you still cold?
孩子,hái zi,名,child; children,2,⿰子亥,"{'type': 'pictophonetic', 'phonetic': '亥', 'semantic': '子', 'hint': 'child'}",子,孩子: Functions as a noun referring to a child or children in a sentence.,你有孩子嗎？,Do you have children?,做个好孩子！,Be a good child!,她愛孩子。,She loves children.
好吃,hǎo chī,形,delicious,2,⿰女子,"{'type': 'ideographic', 'hint': 'A woman 女 with a son 子'}",女,好吃: Used after nouns to describe something as delicious.,好好吃！,So delicious!,好吃嗎？,Does it taste good?,非常好吃！,Very delicious!
黑,hēi,形,black,2,⿱？灬,"{'type': 'ideographic', 'hint': ""A man's face blacked by soot from a fire 灬""}",黑,黑: Used as an adjective to describe something being black.,天變黑了。,The sky became dark.,請看黑板。,Look at the blackboard.,看看黑板。,Look at the blackboard.
红,hóng,形,red,2,⿰纟工,"{'type': 'pictophonetic', 'phonetic': '工', 'semantic': '纟', 'hint': 'silk'}",纟,红: Placed before nouns to describe them as red.,你脸红了。,You are blushing.,她脸红了。,Her face turned red.,汤姆脸红了。,Tom blushed.
火车站,huǒ chē zhàn,名,railway station,2,⿻丷人,"{'type': 'pictographic', 'hint': 'Flames'}",火,在：置于“火车站”前表示位置。,这是火车站吗？,Is that the railroad station?,去火车站要多久？,How long does it take to get to the station?,火车站在哪里?,Where is the railroad station?
机场,jī chǎng,名,airport,2,⿰木几,"{'type': 'ideographic', 'hint': 'A table 几 made of wood 木; 几 also provides the pronunciation'}",木,机场: Placed in a sentence to denote the location related to air travel.,到机场有多远？,How far is it to the airport?,我现在在机场。,I'm at the airport now.,飞机场在那边。,The airport is over there.
鸡蛋,jī dàn,名,(chicken) egg,2,⿰又鸟,"{'type': 'ideographic', 'hint': 'Another 又 kind of bird 鸟'}",鸟,鸡蛋: A noun representing a chicken egg in a sentence.,一打鸡蛋多少钱？,How much do a dozen eggs cost?,我不喜欢鸡蛋。,I don't care for eggs.,鸡蛋在篮子里。,The eggs are in the basket.
件,jiàn,量,item; [measure word for items of clothing],2,⿰亻牛,"{'type': 'ideographic', 'hint': 'A man 亻 dividing up a cow 牛'}",亻,件: Used as a measure word for items of clothing.,文件已损坏。,The file is corrupt.,這是件壞事。,This is a bad thing.,我簽了文件。,I signed the document.
教室,jiào shì,名,classroom,2,⿰孝攵,"{'type': 'pictophonetic', 'phonetic': '孝', 'semantic': '攵', 'hint': 'script'}",攵,教室: Placed in sentences to denote the location of classroom activities.,教室很乾淨。,The classroom is clean.,教室里没有人。,There is no one in the classroom.,学生们在教室里。,The students are in the classroom.
姐姐,jiě jie,名,elder sister,2,⿰女且,"{'type': 'pictophonetic', 'phonetic': '且', 'semantic': '女', 'hint': 'woman'}",女,姐姐: Used as a noun to refer to one's elder sister.,你的姐姐呢？,Where did your sister just go?,学学你姐姐。,Follow the example of your sister.,我姐姐没有车。,My sister doesn't have a car.
介绍,jiè shào,动,introduce,2,⿱人？,"{'type': 'ideographic', 'hint': 'A border 八 dividing people 人'}",人,介绍: Placed after a subject to introduce someone or something.,我介绍一下。,Let me introduce it.,,,,
近,jìn,形,near; close by,2,⿺辶斤,"{'type': 'pictophonetic', 'phonetic': '斤', 'semantic': '辶', 'hint': 'walk'}",辶,近: Used as an adjective before nouns indicating proximity.,最近咋样？,How've ya' been lately?,薩米靠近。,Sami was getting closer.,機場很近。,The airport is close at hand.
进,jìn,动,to enter,2,⿺辶井,"{'type': 'pictophonetic', 'phonetic': '井', 'semantic': '辶', 'hint': 'walk'}",辶,进: Placed before a location noun to indicate entering.,进来,Come in.,进攻！,Attack!,进来！,Come on in!
就,jiù,副,simply,2,⿰京尤,"{'type': 'pictophonetic', 'phonetic': '京', 'semantic': '尤', 'hint': 'specialty'}",尢,就: Placed after verbs to indicate immediacy or emphasis.,就是！,Exactly!,我就知道！,I knew it!,现在就做！,Do it now!
觉得,jué de,动,to think; feel,2,⿳⺍冖见,"{'type': 'pictophonetic', 'phonetic': '⺍', 'semantic': '见', 'hint': 'see'}",见,觉得: Placed at the beginning of a sentence to express one's feeling or thought about something.,我觉得冷。,I feel cold.,我觉得你累。,I can tell you're tired.,你觉得幸运吗？,Do you feel lucky?
咖啡,kā fēi,名,coffee,2,⿰口加,"{'type': 'pictophonetic', 'phonetic': '加', 'semantic': '口', 'hint': 'mouth'}",口,"咖啡: As a noun, it represents the beverage coffee in sentences.",咖啡嗎？,Coffee?,咖啡很燙。,The coffee is very hot.,有咖啡厅吗？,Is there a cafe?
开始,kāi shǐ,动,to begin,2,⿱一廾,"{'type': 'ideographic', 'hint': 'Simplified form of 開; hands 廾 lifting the latch 一 of a door'}",廾,开始: Placed at the beginning of a sentence to indicate starting an action.,开始！,Action!,,,,
考试,kǎo shì,动,examination,2,⿸耂丂,"{'type': 'pictophonetic', 'phonetic': '丂', 'semantic': '耂', 'hint': 'old'}",耂,考试: Used as a noun or verb indicating an examination.,考试加油！,Good luck on your test.,祝考试好运!,Good luck on the test!,祝考试好运！,Good luck on the exam!
可能,kě néng,动,perhaps; possibly,2,⿻丁口,"{'type': 'pictophonetic', 'semantic': '丁', 'hint': 'vigorous', 'phonetic': '口'}",口,可能: Placed before a verb to express possibility or likelihood.,不可能！,It can't be!,還可能嗎？,Is it still possible?,有可能吗？,Is that possible?
可以,kě yǐ,动,can; may,2,⿻丁口,"{'type': 'pictophonetic', 'semantic': '丁', 'hint': 'vigorous', 'phonetic': '口'}",口,可以: Placed before verbs to indicate ability or permission.,可以。,That's okay.,可以碰嗎？,Can I touch it?,嗯，可以。,That does it.
课,kè,名,lesson,2,⿰讠果,"{'type': 'pictophonetic', 'phonetic': '果', 'semantic': '讠', 'hint': 'speech'}",讠,课: Serves as a noun representing a lesson or class period.,下课了吗？,You get out of class?,我们逃课吧！,Let's skip class!,我翘课了。,I cut class.
快,kuài,形,fast; quick,2,⿰忄夬,"{'type': 'ideographic', 'hint': 'A decisive 夬 will 忄; 夬 also provides the pronunciation'}",忄,快: Used as an adjective before nouns to describe speed or quickness.,快！,Quickly!,快想！,Think quickly!,儘快,ASAP
快乐,kuài lè,形,happy,2,⿰忄夬,"{'type': 'ideographic', 'hint': 'A decisive 夬 will 忄; 夬 also provides the pronunciation'}",忄,快乐: Used as an adjective to describe happiness.,春节快乐！,Merry Spring Festival!,新年快乐！,Happy New Year!,生日快乐！,Happy birthday to you!
累,lèi,形,tired,2,⿱田糸,"{'type': 'ideographic', 'hint': 'Simplified form of 纍; growing silk 糸 in the fields 畾; 畾 also provides the pronunciation'}",糸,累: Placed after a verb to describe being tired from an action.,累死了！,I'm so tired!,累了嗎？,Are you tired?,我很累！,I'm so tired!
离,lí,动,to be distant from; to leave,2,⿱⿱亠凶禸,"{'type': 'pictographic', 'hint': 'An animal standing straight; 亠 is the head'}",禸,离: Placed before a location to indicate distance from or used in verbs related to leaving.,请远离他。,Please stay away from him.,请马上离开！,Leave immediately!,离这儿远吗？,Is it far from here?
两,liǎng,数,two (of something),2,⿱一⿻冂从,"{'type': 'ideographic', 'hint': 'Two people 从 together in a cart'}",一,两: Placed before a noun to indicate two of something.,两点可以。,Two o'clock would be OK.,我有两只猫,I have two cats.,按两下铃。,Press the bell twice.
零,líng,数,zero,2,⿱雨令,"{'type': 'pictophonetic', 'phonetic': '令', 'semantic': '雨', 'hint': 'raindrop'}",雨,零: Used as a numeral to represent zero in numerical expressions.,有零钱吗？,Do you have any small change?,我沒零錢。,I don't have any change.,这是找零。,Here's the change.
路,lù,名,road; route; bus number,2,⿰足各,"{'type': 'pictophonetic', 'phonetic': '各', 'semantic': '足', 'hint': 'foot'}",足,"路: Serves as a noun indicating road, route, or bus number in sentences.",路上小心！,Have a safe trip!,我上路了！,I'm going now!,看着路。,Watch the road.
旅游,lǚ yóu,动,tourism,2,⿰方⿱？氏,"{'type': 'ideographic', 'hint': 'A man 方 traveling with a pack 氏 on his back'}",方,旅游: Used as a verb indicating the act of traveling for leisure.,他们一起旅游。,They traveled together.,我很喜欢旅游。,I really like travelling.,他很喜欢旅游。,He loves taking trips.
卖,mài,动,to sell,2,⿱十买,"{'type': 'pictophonetic', 'phonetic': '买', 'semantic': '买', 'hint': 'buy'}",十,卖: Placed as a verb to indicate the action of selling something.,别卖萌！,Stop acting cute!,她卖花。,She sells flowers.,我卖花。,I sell flowers.
慢,màn,形,slow,2,⿰忄曼,"{'type': 'pictophonetic', 'phonetic': '曼', 'semantic': '忄', 'hint': 'heart'}",忄,慢: Placed after an adjective or before a verb to describe slowness.,且慢！,Stay!,請慢用！,Bon appétit!,且慢。,Stay.
忙,máng,形,busy,2,⿰忄亡,"{'type': 'ideographic', 'hint': 'A heart 忄 faced with death 亡; 亡 also provides the pronunciation'}",忄,"忙: Used as an adjective to describe being busy, often preceded by ""很"" for emphasis.",太忙！,Busy!,忙嗎？,Are you busy?,现在忙,Busy right now.
每,měi,代,every; each,2,⿱？母,"{'type': 'pictophonetic', 'phonetic': '母'}",母,每: Placed before nouns to indicate every or each.,每人读一段。,Read one sentence each.,每隔一行寫。,Write on every other line.,你每天跑步吗？,Do you go running daily?
妹妹,mèi mei,名,younger sister,2,⿰女未,"{'type': 'pictophonetic', 'phonetic': '未', 'semantic': '女', 'hint': 'woman'}",女,妹妹: Used as a noun to refer to one's younger sister.,你的妹妹呢？,Where did your sister just go?,你有妹妹吗？,Have you got a little sister?,我没有妹妹。,I don't have a younger sister.
门,mén,名,door,2,⿰⿱丶丨？,"{'type': 'pictographic', 'hint': 'An open doorway or gate'}",门,"门: A noun indicating a door, used as a subject or object in sentences.",没门！,No way!,开门！,Open up.,关门。,Shut the door.
面条,miàn tiáo,,noodles,2,⿱？？,"{'type': 'pictographic', 'hint': ""A person's face""}",面,面条: Serves as a noun representing noodles in a sentence.,你吃面条。,Eat noodles.,Tom会做面条。,Tom knows how to make noodles.,你吃面条还是吃饭？,Do you want to eat noodles or rice?
男,nán,区别,male,2,⿱田力,"{'type': 'ideographic', 'hint': 'Someone who can work 力 the farm 田'}",田,男: Used as a noun to refer to a male person or in compounds indicating maleness.,我不是男人！,I'm not a man!,那男人是谁？,Who is that man?,南男北女。,"Southern men, Northern women."
您,nín,代,you [polite form],2,⿱你心,"{'type': 'ideographic', 'hint': 'You 你 said with affection 心'}",心,"您: Used as a polite pronoun for ""you"" in formal situations.",您好！,Hello!,您赢！,You've won!,您呢？,How about you?
牛奶,niú nǎi,名,milk,2,,"{'type': 'pictographic', 'hint': ""An ox's horned head""}",牛,"牛奶: Noun indicating milk, used as a subject or object in sentences.",喝牛奶吧！,Drink your milk!,牛奶馊了。,The milk is sour.,牛奶酸了。,The milk is sour.
女,nǚ,区别,female,2,,"{'type': 'pictographic', 'hint': 'A woman turned to the side'}",女,女: Used as a classifier for females or female-related nouns.,瘋女人！,Madwoman!,女士優先!,Ladies before gentlemen.,我是女同。,I am lesbian.
旁边,páng biān,名,next to,2,⿱立方,"{'type': 'pictophonetic', 'phonetic': '方', 'semantic': '立', 'hint': 'stand'}",方,旁边: Placed after 或者 before nouns to indicate proximity.,坐我旁边。,Sit beside me.,狗坐在碗旁边。,The dog is sitting by the bowl.,Ken坐在我旁边。,Ken sat next to me.
跑步,pǎo bù,动,running; jogging,2,⿰足包,"{'type': 'pictophonetic', 'phonetic': '包', 'semantic': '足', 'hint': 'foot'}",足,跑步: Used as a verb indicating the action of running or jogging.,你跑步嗎？,Do you run?,肯沒跑步。,Ken wasn't running.,你喜歡跑步嗎？,Do you like running?
便宜,pián yi,形,cheap,2,⿰亻更,{},亻,便宜: Placed after a noun to describe its cost being low.,很便宜，是吗？,"That's cheap, isn't it?",哇！真便宜啊！,Wow! That's cheap!,可以便宜點嗎？,Can you lower the price?
票,piào,名,ticket,2,⿱覀示,"{'type': 'ideographic', 'hint': 'Flames 覀 over an altar 示, referring to a Chinese tradition of burning fake money as an offering'}",示,票: Placed as a noun in sentences to refer to tickets.,買了票嗎？,Have you bought a ticket?,你有票嗎？,Do you have a ticket?,有學生票嗎？,Do you have a student ticket?
妻子,qī zi,名,wife,2,⿱⿻十彐女,"{'type': 'ideographic', 'hint': 'A woman 女 holding a broom 十 in her hand 彐'}",女,妻子: A noun referring to one's wife in a sentence.,我妻子在家。,My wife is at home.,她是我妻子。,She's my wife.,我的妻子在哪裡？,Where's my wife?
起床,qǐ chuáng,动,get up (out of bed),2,⿺走己,"{'type': 'pictophonetic', 'phonetic': '己', 'semantic': '走', 'hint': 'walk'}",走,起床: Used as a verb indicating the action of getting out of bed.,起床!,Get out of bed!,该起床了！,It's time to get up!,你起床了嗎？,Are you up?
千,qiān,数,thousand,2,⿱丿十,{},十,"千: Used as a numeral to represent ""thousand"" in counting.",千万不要!,Please don't!,我爱千层面。,I love lasagna.,数千人失业。,Thousands of people lost their jobs.
铅笔,qiān bǐ,名,pencil,2,⿰钅⿱几口,"{'type': 'pictophonetic', 'phonetic': '几', 'semantic': '钅', 'hint': 'metal'}",钅,铅笔: A noun representing a writing instrument.,铅笔长吗？,Is the pencil long?,你有铅笔吗？,Do you have any pencils?,有谁有铅笔吗？,Does anybody have a pencil?
晴,qíng,形,fine; sunny,2,⿰日青,"{'type': 'pictophonetic', 'phonetic': '青', 'semantic': '日', 'hint': 'sun'}",日,晴: Used as an adjective before nouns to describe sunny weather conditions.,雨過天晴。,After rain comes fair weather.,晴天霹雳。,It was like a bolt out of the blue.,明天是晴天。,Tomorrow will be a fine day.
去年,qù nián,名,last year,2,⿱土厶,{},厶,去年: Placed before verbs to indicate actions occurred in the previous year.,她去年出生。,She was born last year.,你去年住在哪儿？,Where did you live last year?,去年他转校了。,He changed schools last year.
让,ràng,动,to let; allow,2,⿰讠上,"{'type': 'pictophonetic', 'phonetic': '上', 'semantic': '讠', 'hint': 'speech'}",讠,让: Placed before verbs to indicate allowing or letting someone do something.,让开。,Step aside.,让她走。,Let her leave.,让我来。,Let me try.
日,rì,量,day [date]; sun,2,⿴口一,"{'type': 'pictographic', 'hint': 'The sun'}",日,日: Used as a measure word for days or in reference to the sun.,週日見！,See you on Sunday!,谁的生日？,Whose birthday is it?,生日同乐！,Let's have a good birthday celebration!
上班,shàng bān,动,start work,2,⿱⺊一,"{'type': 'ideographic', 'hint': 'One stroke on top of another; compare 下 (below)'}",一,上班: Placed as a verb indicating starting work.,你在上班嗎？,Are you working?,你几点上班？,What time are you going to work?,今晚谁上班？,Who's working tonight?
身体,shēn tǐ,名,body; health,2,,"{'type': 'pictographic', 'hint': 'A pregnant woman'}",身,"身体: A noun referring to one's body or health, used as the subject or object in sentences.",我身体很好。,I'm healthy.,我身体不适。,I'm not feeling well.,你身体不舒服吗？,Are you not feeling well?
生病,shēng bìng,动,ill; sick; unwell,2,⿻一土,"{'type': 'ideographic', 'hint': ' A shoot 屮 growing in the soil 土'}",生,生病: Used as a verb indicating one is ill or unwell.,他很生病。,He's very ill.,她生病了。,She is sick.,我没生病。,I'm not sick.
生日,shēng rì,名,birthday,2,⿻一土,"{'type': 'ideographic', 'hint': ' A shoot 屮 growing in the soil 土'}",生,"生日: A noun indicating a birthday, used as a subject or object in sentences.",谁的生日？,Whose birthday is it?,生日同乐！,Let's have a good birthday celebration!,生日快乐！,Happy birthday to you!
时间,shí jiān,名,time,2,⿰日寸,"{'type': 'pictophonetic', 'semantic': '日', 'hint': 'day'}",日,时间: Placed as a noun in sentences to denote time.,没时间了啦！,There’s no time for this!,没时间了。,There is no time.,要多长时间？,How long would it take?
事情,shì qing,名,matter; affair; thing,2,⿻⿳一口彐亅,{},亅,事情: Serves as a noun representing a matter or affair in a sentence.,事情要失控了。,Things are getting out of control.,事情可还没完。,But it wasn't over yet.,有些事情不能忘。,Some things shouldn't be forgotten.
手表,shǒu biǎo,名,watch,2,,"{'type': 'pictographic', 'hint': 'A hand with the fingers splayed'}",手,手表: A noun representing a wearable timepiece.,你有戴手表吗？,Are you wearing a watch?,我丢了手表 。,I lost the watch.,你的手表在哪儿？,Where's your watch?
手机,shǒu jī,名,mobile phone,2,,"{'type': 'pictographic', 'hint': 'A hand with the fingers splayed'}",手,手机: A noun representing a mobile phone in sentences.,您有手机吗？,Do you have a cellphone?,你有没有手机？,Have you got a mobile phone?,我忘记带手机。,I forgot my cellphone.
说话,shuō huà,动,speak,2,⿰讠兑,"{'type': 'pictophonetic', 'phonetic': '兑', 'semantic': '讠', 'hint': 'speech'}",讠,"说: Used before 话 to form a verb meaning ""to speak"" or ""to talk"".",我想说话,I want to speak.,它说话。,It speaks.,她不说话。,She doesn't talk.
送,sòng,动,to give (present); deliver; see someone off,2,⿺辶关,"{'type': 'ideographic', 'hint': 'A person waving 关 to someone walking away 辶'}",辶,送: Placed after its object to indicate giving or delivering something.,立即送醫。,Send for a doctor at once.,午餐送到了。,Lunch is on.,你們週日送貨嗎？,Do you deliver on Sundays?
虽然……但是……,suī rán ……dàn shì ……,关联,although,2,⿱口虫,{},虫,虽然……但是……: Used between clauses to express contrast despite conditions.,虽然他很累，但是他还继续工作。,"Although he is very tired, but he still continues to work.",虽然天气冷，但是他还是去了公园。,"Although the weather is cold, but he still went to the park.",虽然她不喜欢咖啡，但是她今天喝了。,"Although she doesn't like coffee, but she drank it today."
它,tā,代,it,2,⿱宀匕,{},宀,它: Used as a pronoun to refer to neuter nouns.,它吃。,It is eating.,它沉了。,It sank.,谁想要它？,Who wants it?
踢足球,tī zú qiú,,play football,2,⿰足易,"{'type': 'pictophonetic', 'phonetic': '易', 'semantic': '足', 'hint': 'foot'}",足,踢足球: A fixed phrase meaning to play football.,我踢足球。,I play football.,我會踢足球。,I can play soccer.,你踢足球嗎?,Do you play soccer?
题,tí,名,question,2,⿺是页,"{'type': 'pictophonetic', 'phonetic': '是', 'semantic': '页', 'hint': 'head'}",页,题: Used after nouns indicating the topic or question of discussion.,没问题！,No problem!,没问题。,No problem.,好问题。,Good question!
跳舞,tiào wǔ,动,to dance,2,⿰足兆,"{'type': 'pictophonetic', 'phonetic': '兆', 'semantic': '足', 'hint': 'foot'}",足,跳舞: Used as a verb in sentences indicating the action of dancing.,你會跳舞嗎？,Do you know how to dance?,我想跳舞。,I want to dance.,Aoi在跳舞。,Aoi dances.
外,wài,名,outside,2,⿰夕卜,"{'type': 'ideographic', 'hint': 'Night-time 夕 divinations 卜; the supernatural, the foreign'}",夕,外: Placed before nouns to indicate externality or exteriority.,外質！,Ectoplasma!,别见外。,Don't be a stranger.,外面有霧。,It's foggy out.
完,wán,动,to finish; [+ verb indicates completion],2,⿱宀元,"{'type': 'pictophonetic', 'phonetic': '元', 'semantic': '宀', 'hint': 'roof'}",宀,完: Placed after a verb to indicate its completion.,完美！,Perfect!,完成了！,It's done!,賣完了！,All sold out!
玩,wán,动,to play,2,⿰王元,"{'type': 'pictophonetic', 'phonetic': '元', 'semantic': '王', 'hint': 'jade'}",王,玩: Placed as a main verb indicating the action of playing.,誰在玩？,Who was playing?,去玩吧！,Let's play!,别玩洋火,Don't play with matches.
晚上,wǎn shang,名,evening,2,⿰日免,"{'type': 'ideographic', 'hint': 'Avoiding 免 the sun 日; 免 also provides the pronunciation'}",日,晚上: Placed at the beginning of a sentence to indicate time in the evening.,晚上好！,Good evening.,晚上好。,Good evening.,是晚上了。,It's night.
往,wǎng,介,towards,2,⿰彳⿱？王,"{'type': 'pictophonetic', 'phonetic': '王', 'semantic': '彳', 'hint': 'step'}",彳,往: Placed before a direction noun to indicate movement towards.,往后站！,Stand back!,往前开。,Drive on.,既往不咎。,Let bygones be bygones.
为什么,wèi shén me,,why?,2,⿻丶⿴力丶,{},丶,为什么: Placed at the beginning of a question to ask about reasons.,为什么？,Why?,为什么?,Why?,为什么不？,Why not?
问,wèn,动,to ask,2,⿵门口,"{'type': 'pictophonetic', 'phonetic': '门', 'semantic': '口', 'hint': 'mouth'}",门,问: Placed as a verb to indicate asking a question.,提问！,Ask!,没问题！,No problem!,问得好。,Good question!
问题,wèn tí,名,problem,2,⿵门口,"{'type': 'pictophonetic', 'phonetic': '门', 'semantic': '口', 'hint': 'mouth'}",门,问题: Serves as a noun representing an issue or problem in sentences.,没问题！,No problem!,没问题。,No problem.,好问题。,Good question!
西瓜,xī guā,名,watermelon,2,⿻兀囗,"{'type': 'pictographic', 'hint': 'A bird settling into its nest, representing sunset; compare 東'}",西,西瓜: A noun representing watermelon in sentences.,我在吃西瓜。,I am eating a watermelon.,我吃一片西瓜。,I am eating a slice of watermelon.,咱们吃个西瓜吧！,Let's eat a watermelon!
希望,xī wàng,名,hope; wish,2,⿱乂布,{},巾,希望: Placed after verbs to express wishing for something.,你没有希望。,You are hopeless.,没有希望了。,There's no hope.,我希望你去。,I'd like for you to go.
洗,xǐ,动,to wash,2,⿰氵先,"{'type': 'pictophonetic', 'phonetic': '先', 'semantic': '氵', 'hint': 'water'}",氵,洗: Placed as a main verb to indicate the action of washing.,我洗手。,I wash my hands.,洗脸吧。,Wash your face.,你洗吗?,Have you washed?
小时,xiǎo shí,名,hour,2,⿻亅八,"{'type': 'ideographic', 'hint': 'Dividing 八 by a line 亅'}",小,小时: Placed after numbers to indicate hours.,她睡了几小时。,She slept for a few hours.,他讲了一小时。,He spoke for one hour.,2个小时过去了。,Two hours passed.
笑,xiào,动,to laugh; smile,2,⿱⺮夭,"{'type': 'ideographic', 'hint': 'A person 夭 with a big grin ⺮'}",⺮,笑: Placed as a verb to express laughing or smiling.,别笑！,Don't laugh.,可笑!,Funny!,我想笑。,I feel like laughing.
新,xīn,形,new,2,⿰亲斤,"{'type': 'ideographic', 'hint': 'A freshly chopped 斤 tree 亲'}",斤,新: Placed before nouns to indicate newness.,新年快樂！,Happy New Year!,新娘来了！,Here comes the bride!,新年快乐！,Happy New Year!
姓,xìng,动,surname,2,⿰女生,"{'type': 'pictophonetic', 'phonetic': '生', 'semantic': '女', 'hint': 'woman'}",女,姓: Used before a surname to indicate it is a surname.,你姓什麼？,What is your last name?,我姓凌。,My surname is Ling.,我姓周。,My surname is Zhou.
休息,xiū xi,动,to rest,2,⿰亻木,"{'type': 'ideographic', 'hint': 'A person 亻 leaning against a tree 木'}",亻,休息: Placed as a verb in a sentence indicating the action of resting.,休息好嗎？,Did you have a good rest?,我在休息。,I'm resting.,你休息过吗？,Do you ever rest?
雪,xuě,名,snow,2,⿱雨彐,"{'type': 'pictophonetic', 'phonetic': '彐', 'semantic': '雨', 'hint': 'rain'}",雨,"雪: A noun representing snow, used as a subject or object in sentences.",你滑雪嗎？,Do you ski?,在下雪嗎？,Is it snowing?,雪停了。,It's stopped snowing.
颜色,yán sè,名,colour,2,⿰彦页,"{'type': 'pictophonetic', 'phonetic': '彦', 'semantic': '页', 'hint': 'head'}",页,"颜色: A noun representing color, used after descriptors to specify shades or hues.",颜色深了些。,The colour is a bit too dark.,有多少种颜色？,How many colors are there?,你的车什么颜色？,What color is your car?
眼睛,yǎn jing,名,eye,2,⿰目艮,"{'type': 'pictophonetic', 'phonetic': '艮', 'semantic': '目', 'hint': 'eye'}",目,"眼睛: A noun representing the eye, used to refer to vision or ocular features.",睁开眼睛。,Open your eyes.,我眼睛疼。,My eyes hurt.,张开眼睛。,Open your eyes.
羊肉,yáng ròu,名,mutton,2,⿱丷？,"{'type': 'pictographic', 'hint': ""A sheep's head with horns""}",羊,"羊肉: Noun indicating mutton, used as subject or object in sentences.",您想吃几串烤羊肉？,How many kebabs will you have?,你想吃几串烤羊肉？,How many kebabs will you have?,我喜欢吃烤羊肉串。,I like to eat lamb kebabs.
要,yào,动,want; be going to; ask for; demand,2,⿱覀女,"{'type': 'ideographic', 'hint': 'A woman 女 with hands on her waist 覀'}",覀,要: Placed before a verb to indicate intention or future action.,不要怕！,Don't be afraid!,不要做！,Don't do it!,要尊重！,Have respect!
药,yào,名,medicine,2,⿱艹约,"{'type': 'pictophonetic', 'phonetic': '约', 'semantic': '艹', 'hint': 'plant'}",艹,药: A noun representing medicine or drugs in a sentence.,良药苦口。,Good medicine is bitter.,我吃了药。,I took the medicine.,我必须吃药。,I have to take medicine.
也,yě,副,too; also,2,⿻？乚,{},乚,"也: Placed in sentences to indicate ""also"" or ""too"".",謬也。,Wrong.,我也想吃！,I want to eat too!,我也不。,Me neither.
一下,yī xià,数量,[used after a verb] give something a go,2,,"{'type': 'ideographic', 'hint': 'Represents heaven (天), earth (旦), or the number 1'}",一,一下: Placed after a verb to indicate a brief action or trial.,等一下！,Wait!,來一下！,Come here!,等一下。,Wait a moment.
已经,yǐ jīng,副,already,2,,{},己,已经: Placed before a verb to indicate an action is completed.,已经周一了？,Is it already Monday?,我已经存在。,I already exist.,我已经累了。,I was already tired.
一起,yì qǐ,副,together,2,,"{'type': 'ideographic', 'hint': 'Represents heaven (天), earth (旦), or the number 1'}",一,一起: Placed before verbs to indicate doing something together.,一起學習吧！,Let's study together!,一起工作。,Work together.,一起來吧。,Come along.
意思,yì si,名,meaning,2,⿱音心,"{'type': 'pictophonetic', 'phonetic': '音', 'semantic': '心', 'hint': 'heart'}",心,意思: Serves as a noun representing meaning in a sentence.,不好意思！,Excuse me!,不好意思？,Sorry?,不好意思……,I'm sorry.
阴,yīn,形,cloudy,2,⿰阝月,"{'type': 'ideographic', 'hint': 'The place 阝 of the moon 月; compare 阳'}",阝,阴: Used as an adjective to describe weather conditions.,天气变阴了。,The weather turned bad.,前途一片阴暗。,The future looked very gloomy.,你的阴茎很小。,Your penis is small.
因为……所以……,yīn wèi ……suǒ yǐ ……,关联,because,2,⿴囗大,{},囗,因为……所以……: Used to introduce cause and effect in sentences.,zh,en,因为我喜欢猫，所以我想养一只猫,"Because I like cats, I want to keep one.",他因为生病了，所以今天没有来上课,He didn't come to class today because he was sick.
游泳,yóu yǒng,动,swimming,2,⿰氵斿,"{'type': 'ideographic', 'hint': 'To swim freely 斿 through the seas 氵'}",氵,游泳: Used as a verb indicating the action of swimming.,Tom游泳。,Tom swam.,我想游泳。,I wanted to swim.,我要游泳。,I'll swim.
右边,yòu bian,名,on the right,2,⿸？口,{},口,右边: Indicates the right side when placed before a noun.,他往右边移了书桌。,He moved the desk to the right.,,,,
鱼,yú,名,fish,2,⿱⿱⺈田一,"{'type': 'pictographic', 'hint': 'A fish swimming upwards'}",鱼,"鱼: A noun representing fish, used as the subject or object in sentences.",鱼，谢谢。,"Fish, please.",肉还是鱼？,Meat or fish?,鱼变味了。,The fish has gone bad.
远,yuǎn,形,far,2,⿺辶元,"{'type': 'pictophonetic', 'phonetic': '元', 'semantic': '辶', 'hint': 'walk'}",辶,远: Placed after nouns to indicate distance or used as an adjective meaning 'far'.,永远。,Always.,请远离他。,Please stay away from him.,我家很远。,My home is far away.
运动,yùn dòng,动/名,sport,2,⿺辶云,"{'type': 'pictophonetic', 'phonetic': '云', 'semantic': '辶', 'hint': 'walk'}",辶,"运动: Can function as a noun (e.g., sports) or a verb (do exercises).",户外运动。,Exercise outdoors.,汤姆恨运动。,Tom hates sports.,运动有益健康。,Exercise is good for your health.
再,zài,副,again,2,⿱一冉,"{'type': 'pictographic', 'hint': 'Two fish 冉 caught on a line 一'}",冂,再: Placed before verbs to indicate repetition or continuation.,再會！,See you later!,再来！,Again!,再見！,See you later!
早上,zǎo shang,名,early morning,2,⿱日十,"{'type': 'ideographic', 'hint': 'The first rays 十 of the sun 日'}",日,早上: Indicates early morning and typically functions as a noun in time expressions.,早上好！,Good morning!,早上好。,Good morning.,你好啊！早上好！,Hello! Good morning!
丈夫,zhàng fu,名,husband,2,⿻一又,{},一,"丈夫: A noun referring to husband, used as a subject or object in sentences.",他是我丈夫。,He is my husband.,你丈夫叫什么？,What's your husband's name?,我的丈夫在哪裡？,Where's my husband?
找,zhǎo,动,to find; to look for,2,⿰扌戈,"{'type': 'ideographic', 'hint': 'To go searching with a spear 戈 in hand 扌'}",扌,找: Placed before a noun to indicate the action of searching for something.,尋找工作！,Search for work!,你在找誰？,Who are you looking for?,我找她。,I looked for her.
着,zhe,助,-ing,2,⿸羊目,{},目,着: Placed after a verb to indicate continuous action.,趴着！,Stay down!,看着我,Look at me.,听着。,Listen.
真,zhēn,副,real; so (+adjective),2,⿱直几,"{'type': 'ideographic', 'hint': 'A straight 直 (that is, level) table 几'}",目,真: Placed before adjectives to emphasize truth or degree.,真晚！,So late!,真的？,You don't say.,真好！,Great!
正在,zhèng zài,副,to be in the process of,2,⿱一止,"{'type': 'ideographic', 'hint': 'A foot 止 stopping in the right place 一'}",止,正在: Placed before a verb to indicate an action in progress.,正在筹划中……,It's being arranged.,路正在建。,The road is under construction.,正在下雨。,It's raining now.
只,zhī,量,individual [measure word for small animals],2,⿱口八,"{'type': 'ideographic', 'hint': 'Simple words 八 coming from the mouth 口'}",口,只: Used as a measure word for small animals.,只要十元！,It only costs $10.00!,几只苹果？,How many apples are there?,哦，一只蝴蝶！,"Oh, a butterfly!"
知道,zhī dào,动,know; realise; be aware of,2,⿰矢口,"{'type': 'pictophonetic', 'phonetic': '矢', 'semantic': '口', 'hint': 'mouth'}",矢,知道: Placed after subject to indicate knowledge of something.,想知道？,Want to know?,谁知道？,Who knows?,想要知道？,Want to know?
准备,zhǔn bèi,动,to prepare,2,⿰冫隹,"{'type': 'pictophonetic', 'phonetic': '隹', 'semantic': '冫', 'hint': 'water in a spirit level'}",冫,准备: Placed as a verb to indicate preparation for an action or event.,我准备好了。,I am ready.,我准备晚餐。,I'm making dinner.,你准备好了吗？,Are you ready?
走,zǒu,动,go; walk,2,⿱土止,"{'type': 'ideographic', 'hint': 'Someone 土 stepping with their foot 止'}",走,走: Used as a verb indicating movement or travel.,走！,Leave!,走。,Leave.,別走！,Don't leave!
最,zuì,副,most,2,⿱日取,"{'type': 'ideographic', 'hint': 'To take place 取 under the sun 日 (that is, everywhere)'}",曰,最: Placed before adjectives to indicate the superlative degree.,我最棒。,I'm the best.,我最好。,I am the best.,最近咋样？,How've ya' been lately?
左边,zuǒ bian,名,on the left,2,⿸？工,"{'type': 'pictographic', 'hint': 'A left hand; compare 又'}",工,左边: Placed before nouns indicating a position on the left.,左边的车门将会打开。,The doors on the left side will open.,在左边有一条秘密通道。,There's a secret path on the left.,电脑放在女士们的左边。,The computer is placed to the left of the women.
阿姨,ā yí,名,auntie [mother's younger sister],3,⿰阝可,"{'type': 'pictophonetic', 'phonetic': '可', 'semantic': '阝', 'hint': 'place'}",阝,阿姨: Used as a noun to refer to a middle-aged woman in a familiar or informal context.,我阿姨住在紐約。,My aunt lives in New York.,他呆在他阿姨家。,He stayed at his aunt's house.,我阿姨有三個孩子。,My aunt has three children.
啊,a,助,ah,3,⿰口阿,"{'type': 'pictophonetic', 'phonetic': '阿', 'semantic': '口', 'hint': 'mouth'}",口,啊: Placed at the end of a sentence to express various emotions or as a filler.,啊？,Huh?,啊，对！,Well yes!,火啊！,Fire!
矮,ǎi,形,short [height],3,⿰矢委,"{'type': 'pictophonetic', 'phonetic': '委', 'semantic': '矢', 'hint': 'dart'}",矢,矮: Placed before a noun to describe shortness.,我很矮。,I am short.,我比妳矮。,I am shorter than you.,你沒我矮。,You are not as short as I.
爱好,ài hào,名,interests; hobbies,3,⿱⿱爫冖友,"{'type': 'ideographic', 'hint': ""To bring a friend 友 into one's house 冖""}",爫,爱好: Serves as a noun representing interests or hobbies in a sentence.,我爱好翻译。,I love translating.,汤姆，你有爱好吗？,"Do you have a hobby, Tom?",那是我的爱好。,That's my hobby.
安静,ān jìng,动,to be quiet,3,⿱宀女,"{'type': 'ideographic', 'hint': 'A woman 女 safe in a house 宀'}",宀,安静: Used as a predicate to describe a state of being quiet.,嘘，安静！,"Oh, hush!",安静吧！,Quieten down!,保持安静,Keep it quiet.
把,bǎ,介,grasp; [measure word for knives],3,⿰扌巴,"{'type': 'pictophonetic', 'phonetic': '巴', 'semantic': '扌', 'hint': 'hand'}",扌,把: Placed before verbs to indicate the object is affected by the action.,把錢給我！,Give me the money!,把刀放下！,Drop the knife!,把他杀了！,Kill him!
搬,bān,动,to move,3,⿰扌般,"{'type': 'pictophonetic', 'phonetic': '般', 'semantic': '扌', 'hint': 'hand'}",扌,搬: Placed as a verb indicating the action of moving objects or relocating.,搬上去。,Move it up.,他搬了家。,He's moved away.,我們搬了家。,We've moved.
班,bān,名,class,3,⿲王刂王,"{'type': 'ideographic', 'hint': 'Cutting 刂 a piece of jade 王 in two, symbolizing two classes'}",王,班: Placed after numbers to indicate a class or period.,你几时下班？,When do you finish work?,他需要降班.,He needs to be demoted.,你在上班嗎？,Are you working?
半,bàn,数,half,3,⿻丷牛,"{'type': 'ideographic', 'hint': 'A cow 牛 splitting 丷 wood in half'}",十,半: Placed before nouns to indicate half of something.,3点半了。,It's 3:30.,現在十點半。,It's now half past ten.,六點半開始。,It begins at six-thirty.
办法,bàn fǎ,名,way; method; solution,3,⿻力八,"{'type': 'pictophonetic', 'phonetic': '八', 'semantic': '力', 'hint': 'strength'}",力,办法: Placed after verbs indicating means or method of doing something.,没办法。,There's nothing that can be done.,没有办法。,There's no way.,有个办法。,There is one way.
办公室,bàn gōng shì,名,office,3,⿻力八,"{'type': 'pictophonetic', 'phonetic': '八', 'semantic': '力', 'hint': 'strength'}",力,办公室: Placed in a sentence to denote a workplace or office space.,把办公室锁上。,Lock the office.,我开车去办公室。,I drive to the office.,我必须回办公室。,I have to go back to the office.
帮忙,bāng máng,动,lend a hand,3,⿱邦巾,"{'type': 'ideographic', 'hint': ""A nation's 邦 flag 巾; 邦 also provides the pronunciation""}",巾,帮忙: Placed after it to indicate offering help.,要我帮忙吗？,Do you want me to help?,我能帮忙吗？,Can I help?,,
包,bāo,名,a packet of; package,3,⿹勹巳,"{'type': 'ideographic', 'hint': 'To swaddle 勹 a baby 巳; 勹 also provides the pronunciation'}",勹,包: A noun indicating a packet or package in a sentence.,她吃麵包。,She eats bread.,他吃麵包。,He eats bread.,這是誰的包？,Whose bag is this?
饱,bǎo,形,full up; eaten to one’s satisfaction,3,⿰饣包,"{'type': 'pictophonetic', 'phonetic': '包', 'semantic': '饣', 'hint': 'food'}",饣,饱: Placed after a verb to indicate being full up or satisfied.,我吃饱了！,I'm stuffed!,汤姆饱了。,Tom was full.,男孩吃饱了。,The boy was full.
北方,běi fāng,名,the north,3,⿰？匕,"{'type': 'pictographic', 'hint': 'Two people 匕 sitting back-to-back; phonetic loan for ""north""'}",匕,北方: Used as a noun indicating northern direction or region.,北海道在仙台的北方。,Hokkaido is to the north of Sendai.,南方和北方的差异很大。,The north differs greatly from the south.,北方的春天送来狂风扫路。,Spring in the north sends gales to sweep the roads.
被,bèi,介,quilt; by (somebody/something),3,⿰衤皮,"{'type': 'pictophonetic', 'phonetic': '皮', 'semantic': '衤', 'hint': 'cloth'}",衤,被: Placed before a verb to indicate passive voice.,折被子。,Fold the quilt.,她被杀了。,She was killed.,別被騙了。,Don't be fooled.
鼻子,bí zi,名,nose,3,⿱自畀,"{'type': 'pictophonetic', 'phonetic': '畀', 'semantic': '自', 'hint': 'self'}",鼻,"鼻子: A noun representing the physical nose, used as a subject or object in sentences.",大象鼻子長。,An elephant has a long nose.,擤擤你的鼻子。,Blow your nose.,堵住妳的鼻子。,Plug your nose.
笔记本,bǐ jì běn,名,notebook,3,⿱⺮毛,"{'type': 'ideographic', 'hint': 'A bamboo rod ⺮ tipped with hair 毛'}",⺮,笔记本: Serves as a noun representing a small book for writing notes.,我买了很多笔记本。,I bought many notebooks.,汤姆买了新笔记本。,Tom bought a new notebook.,我的笔记本电脑坏了。,My laptop is broken.
比较,bǐ jiào,副,compare,3,⿰匕匕,"{'type': 'ideographic', 'hint': 'Two spoons 匕 side-by-side; 匕 also provides the pronunciation'}",比,比较: Placed before adjectives to compare degrees.,哪个比较贵？,Which one is more expensive?,我回家比较好。,I'd better get back home.,我现在比较忙。,I'm pretty busy right now.
比赛,bǐ sài,名,competition; match,3,⿰匕匕,"{'type': 'ideographic', 'hint': 'Two spoons 匕 side-by-side; 匕 also provides the pronunciation'}",比,比赛: Functions as a noun referring to a competition or match in a sentence.,比赛几点开始？,What time will the game start?,汤姆输了比赛。,Tom lost the race.,汤姆赢了比赛。,Tom won the race.
必须,bì xū,副,must,3,⿻心丿,{},心,必须: Placed before a verb to indicate necessity.,必须的！,Definitely!,你必须选。,You have to choose.,我必须赢。,I have to win.
变化,biàn huà,名/动,change,3,⿱亦又,{},又,变化: Can function as a noun indicating change or as a verb to express becoming different.,社会在变化。,Society is changing.,时代在变化。,Times are changing.,价格根据需求变化。,The price varies with demand.
别人,bié ren,代,other people,3,⿰另刂,"{'type': 'ideographic', 'hint': 'To draw boundaries 刂 between classes 另'}",刂,"别人: Used as a pronoun to refer to other people, not including the subjects involved.",别盯着别人看。,Don't stare at others.,别老依赖别人。,Don't rely too much on others.,,
冰箱,bīng xiāng,名,fridge,3,⿰冫水,"{'type': 'ideographic', 'hint': 'Ice-cold冫 water 水'}",冫,"冰箱: As a noun, it functions as the subject or object in a sentence.",冰箱空了。,The fridge is empty.,冰箱髒了。,The refrigerator is dirty.,冰箱開著。,The refrigerator is open.
不但……而且……,bù dàn ……ér qiě ……,关联,not only……but also……,3,⿱一？,"{'type': 'ideographic', 'hint': 'A bird flying toward the sky 一'}",一,不但……而且……: Used between clauses to indicate not only…but also… relationship.,zh,en,他不但会说中文，而且也会说法语。,"He not only can speak Chinese, but also can speak French.",我今天不但买了一些苹果，而且还买了一些橙子。,"Today I not only bought some apples, but also bought some oranges."
菜单,cài dān,名,menu,3,⿱艹采,"{'type': 'pictophonetic', 'phonetic': '采', 'semantic': '艹', 'hint': 'plant'}",艹,菜单: A noun referring to a list of dishes and drinks offered by a restaurant.,这是你的菜单。,Here is your menu.,服务员，请给我们菜单。,"Waiter, please give us the menu.",他们在餐厅里看菜单。,They're at the eatery looking at the menu.
参加,cān jiā,动,to take part,3,⿱⿱厶大彡,"{'type': 'pictophonetic', 'phonetic': '彡'}",厶,参加: Placed before a noun to indicate participation in an event or activity.,我想参加。,I want to participate.,他参加辩论,He participated in the debate.,您也来参加吧！,You should go too!
草,cǎo,名,grass,3,⿱艹早,"{'type': 'pictophonetic', 'phonetic': '早', 'semantic': '艹', 'hint': 'grass'}",艹,"草: A noun representing grass, used as subject or object in sentences.",羊吃草。,Sheep eat grass.,马吃草。,Horses eat grass.,離開草坪!,Get off the lawn!
层,céng,量,storey,3,⿸尸云,"{'type': 'ideographic', 'hint': 'Simplified form of 層; 曾 provides the pronunciation'}",尸,层: Placed after numerals to indicate storeys.,我爱千层面。,I love lasagna.,你住在哪层楼？,What floor do you live on?,大楼有20层。,The building has 20 floors.
差,chà,动/形,lack; lacking,3,⿸羊工,"{'type': 'ideographic', 'hint': 'Work 工 done by a sheep 羊; incompetence'}",工,差: Used as an adjective to indicate lack or deficiency in what precedes it.,我來出差。,I came on business.,差異驚人。,The difference is striking.,我差点忘了。,I'd almost forgotten about that.
尝,cháng,动,taste,3,⿱尚云,"{'type': 'pictophonetic', 'phonetic': '尚', 'semantic': '云', 'hint': 'speak'}",⺌,尝: Placed before a noun to indicate tasting something.,你要尝尝吗？,Would you like to try it?,你想尝一口吗？,Do you want to have a taste?,我需要尝试。,I need to try.
超市,chāo shì,名,supermarket,3,⿺走召,"{'type': 'pictophonetic', 'phonetic': '召', 'semantic': '走', 'hint': 'run'}",走,超市: Serves as a noun representing a place for shopping.,超市真大！,The supermarket is really big!,超市出兑。,The supermarket is out of business.,去了超市。,I went to the supermarket.
衬衫,chèn shān,名,shirt,3,⿰衤寸,"{'type': 'pictophonetic', 'phonetic': '寸', 'semantic': '衤', 'hint': 'clothes'}",衤,"衬衫: A noun representing a type of clothing, used as subject or object in sentences.",她熨了衬衫。,She ironed her shirt.,你的衬衫脏了。,Your shirt is stained.,他把衬衫脱了。,He removed his shirt.
成绩,chéng jì,名,results; marks; achievement,3,⿰丁戈,{},戈,成绩: Used after adjectives or as a noun to refer to results or achievements.,你成绩比我好。,Your grades are better than mine.,她英语成绩很好。,She gets good marks in English.,他的学习成绩很好。,He has a good school record.
城市,chéng shì,名,city,3,⿰土成,"{'type': 'pictophonetic', 'phonetic': '成', 'semantic': '土', 'hint': 'earth'}",土,城市: Placed as a noun in sentences to refer to a city.,城市安睡了。,The town slept.,我喜歡大城市。,I like big cities.,你在哪座城市呀？,In which city are you?
迟到,chí dào,动,arrive late,3,⿺辶尺,"{'type': 'pictophonetic', 'phonetic': '尺', 'semantic': '辶', 'hint': 'walk'}",辶,迟到: Used as a verb to indicate arriving late in a sentence.,请您别迟到。,Please don't be late.,请你别迟到。,Please don't be late.,你总是迟到。,You are always late.
除了,chú le,介,"apart from (""chule...yiwai"" construction)",3,⿰阝余,"{'type': 'ideographic', 'hint': 'The waste 余 produced by a city 阝'}",阝,除了: Placed at the beginning to introduce exceptions in sentences.,他被學校開除了。,The school expelled him.,她给花园除了草。,She weeded the garden.,他們解除了婚約。,They called off their engagement.
船,chuán,名,boat; ship; ferry,3,⿰舟⿱几口,"{'type': 'pictophonetic', 'semantic': '舟', 'hint': 'ship'}",舟,"船: A noun representing boats, ships, or ferries in sentences.",请上船！,All aboard!,船丟了。,The boat is lost.,船起了火。,The ship went up in flames.
春,chūn,名,spring,3,⿱？日,"{'type': 'pictophonetic', 'semantic': '日', 'hint': 'sun'}",日,春: Used as a noun to refer to spring in a sentence.,春天了,It's spring.,春节快乐！,Merry Spring Festival!,春天在哪里？,Where is spring?
词典,cí diǎn,名,dictionary,3,⿰讠司,"{'type': 'pictophonetic', 'phonetic': '司', 'semantic': '讠', 'hint': 'words'}",讠,"词典: Noun referring to a dictionary, used to denote an object containing words and their definitions.",我有词典。,I have a dictionary.,Tatoeba不是词典。,Tatoeba isn't a dictionary.,这词典不好。,This dictionary is no good.
聪明,cōng ming,形,clever; intelligent,3,⿰耳总,"{'type': 'pictophonetic', 'phonetic': '总', 'semantic': '耳', 'hint': 'ear'}",耳,聪明: Used as an adjective to describe someone or something as clever or intelligent.,你很聪明。,You're very smart.,猫很聪明。,Cats are smart.,她很聪明。,She is very intelligent.
打扫,dǎ sǎo,动,to clean,3,⿰扌丁,"{'type': 'pictophonetic', 'phonetic': '丁', 'semantic': '扌', 'hint': 'hand'}",扌,打扫: Placed as a main verb in a sentence indicating the action of cleaning.,今晚谁要打扫？,Who's going to clean up tonight?,我不想打扫厕所。,I don't want to clean the toilet.,我刚打扫过这个。,I just cleaned this.
打算,dǎ suàn,动,plan; intention,3,⿰扌丁,"{'type': 'pictophonetic', 'phonetic': '丁', 'semantic': '扌', 'hint': 'hand'}",扌,打算: Placed before a verb to indicate intention or plan for an action.,你打算赢吗？,Were you expecting to win?,他打算做什麼？,What did he plan on doing?,她打算离婚。,She intends to get divorced.
带,dài,动,carry,3,⿱卅⿱冖巾,"{'type': 'ideographic', 'hint': ""A belt, creasing one's robe above 卅 but not below 巾""}",巾,带: Placed before a verb to indicate carrying something.,我带了花。,I brought flowers.,你带来了吗？,Did you bring it?,你带书没有？,Did you bring the book?
担心,dān xīn,动,worry,3,⿰扌旦,"{'type': 'pictophonetic', 'phonetic': '旦', 'semantic': '扌', 'hint': 'hand'}",扌,担心: Placed before a noun or used alone as a verb to express worry.,不要担心！,Don't worry!,别担心了。,Stop worrying.,他们担心。,They were worried.
蛋糕,dàn gāo,名,cake,3,⿱疋虫,"{'type': 'pictophonetic', 'phonetic': '延', 'semantic': '虫', 'hint': 'insect'}",虫,蛋糕: A noun representing a type of sweet baked good.,沒人吃蛋糕。,No one ate the cake.,请吃点蛋糕。,Please eat some cake.,媽媽做蛋糕。,Mum is making a cake.
当然,dāng rán,副,of course,3,⿱⺌彐,{},⺌,当然: Placed at the beginning of a sentence to express agreement or certainty.,当然哪！,Definitely!,当然。,Of course.,当然不行！,Obviously not!
地,de,助,...ly [particle to connect adverb to verb],3,⿰土也,"{'type': 'pictophonetic', 'phonetic': '也', 'semantic': '土', 'hint': 'earth'}",土,"地: Placed after adverbs to connect them to verbs, indicating manner.",慢慢地,Slowly.,不咋地。,It wasn't good.,瞅你咋地？,So what if I'm staring?
灯,dēng,名,lamp,3,⿰火丁,"{'type': 'pictophonetic', 'phonetic': '丁', 'semantic': '火', 'hint': 'fire'}",火,"灯: A noun representing a lamp, used as the subject or object in sentences.",熄灯。,Put out the light.,请关灯。,Please kill the lights.,灯亮着。,The light is on.
地方,dì fang,名,place,3,⿰土也,"{'type': 'pictophonetic', 'phonetic': '也', 'semantic': '土', 'hint': 'earth'}",土,地方: Serves as a noun indicating place in sentences.,什麼地方,What place?,腾一下地方。,Move over.,那是个好地方吗？,Is it a nice place?
地铁,dì tiě,名,underground train; tube; metro,3,⿰土也,"{'type': 'pictophonetic', 'phonetic': '也', 'semantic': '土', 'hint': 'earth'}",土,地铁: Serves as a noun representing an underground railway system.,我搭地铁上学。,I go to school by subway.,地铁站有点儿远,The metro station is quite far.,我想乘地铁去。,I want to get there by subway.
地图,dì tú,名,map,3,⿰土也,"{'type': 'pictophonetic', 'phonetic': '也', 'semantic': '土', 'hint': 'earth'}",土,地图: Placed as a subject or object in sentences referring to maps.,地图挂在墙上。,The map is on the wall.,墙上有张地图。,There is a map on the wall.,来看看世界地图。,Have a look at the world map.
电梯,diàn tī,名,lift; elevator,3,⿻曰乚,"{'type': 'ideographic', 'hint': 'Simplified form of 電; lightning 申 from a storm cloud 雨'}",曰,电梯: Placed as a noun in sentences to refer to lifts or elevators.,电梯又坏了。,The elevator's out again.,我乘电梯上三楼。,I took the elevator to the third floor.,电梯好像故障了。,The elevator seems to be out of order.
电子邮件,diàn zǐ yóu jiàn,,email,3,⿻曰乚,"{'type': 'ideographic', 'hint': 'Simplified form of 電; lightning 申 from a storm cloud 雨'}",曰,"电子邮件: Noun phrase for email, used as subject or object in sentences.",你有没有电子邮件地址？,Do you have an e-mail address?,我只想查一下我的电子邮件。,I just wanted to check my email.,请你写信给我在（电子邮件地址）。,Please write me at name@email.com.
东,dōng,名,east,3,⿻七小,"{'type': 'pictographic', 'hint': 'Simplified form of 東, the sun 日 rising behind a tree 木'}",一,东: Placed before nouns indicating eastern direction or location.,来广东玩吗,Is your coming to Guangdong a pleasure trip?,你也是东亚人？,Are you East Asian too?,,
冬,dōng,名,winter,3,⿱夂⺀,"{'type': 'ideographic', 'hint': 'A man walking 夂 on ice ⺀'}",⺀,冬: Used as a noun to denote winter in a sentence.,冬天了。,It was winter.,我恨冬天。,I hate the winter.,寒冬来临。,Cold winter came on.
动物,dòng wù,名,animals,3,⿰云力,"{'type': 'pictophonetic', 'semantic': '力', 'hint': 'strength'}",力,动物: Serves as a noun representing animals in sentences.,动物怕火。,Animals are afraid of fire.,我去了动物园。,I went to the zoo.,,
短,duǎn,形,short,3,⿰矢豆,"{'type': 'pictophonetic', 'phonetic': '豆', 'semantic': '矢', 'hint': 'dart'}",矢,短：用作形容词表示“短”。,燃料短缺。,There was a shortage of fuel.,短回答是是。,The short answer is yes.,汤姆留短发。,Tom has short hair.
段,duàn,量,"section; paragraph; [measure word for stories, pieces of music, recordings etc.]",3,⿰？殳,"{'type': 'ideographic', 'hint': 'A hand using a chisel 殳 to cut stone'}",殳,段: Used as a measure word for sections or pieces of content.,每人读一段。,Read one sentence each.,给我一段粉笔。,Give me a piece of chalk.,我跟你說段歷史。,I am talking to you about history.
锻炼,duàn liàn,动,to engage in physical exercise,3,⿰钅段,"{'type': 'pictophonetic', 'phonetic': '段', 'semantic': '钅', 'hint': 'metal'}",钅,锻炼: Placed as a verb in a sentence indicating engaging in physical exercise.,游泳锻炼肌肉。,Swimming develops your muscles.,我需要更经常地锻炼。,I need to exercise more often.,她锻炼时扭伤了脚踝。,She twisted her ankle while she was doing exercise.
多么,duō me,副,how ...,3,⿱夕夕,"{'type': 'ideographic', 'hint': 'Two nights 夕, suggesting many'}",夕,"多么: Placed before adjectives to intensify meaning, asking ""how..."".",多么有趣啊！,How interesting!,生活多么复杂！,Life is so complicated.,多么荒唐的故事！,What a bizarre story!
饿,è,形,hungry,3,⿰饣我,"{'type': 'ideographic', 'hint': 'To want 我 food 饣; 我 also provides the pronunciation'}",饣,"饿: Placed after ""感到"" or used alone to express hunger.",我饥饿！,I'm hungry!,我饿了！,I felt hungry.,我好饿。,I'm very hungry.
耳朵,ěr duo,名,ears,3,⿻？二,"{'type': 'pictographic', 'hint': 'An ear'}",耳,"耳朵: A noun referring to ears, used to indicate hearing organs or in metaphors.",我耳朵痒。,I have an itch in my ear.,我長耳朵了。,"I have ears, you know.",豎起你的耳朵。,Prick up your ears.
发,fā,动,to send (an email),3,⿸？又,{},又,"发: Placed before an object to indicate sending (e.g., 发邮件).",他发疯了。,He's a psycho.,在哪里发生？,Where did it happen?,这是假发。,This is a wig.
发烧,fā shāo,动,fever; have a fever,3,⿸？又,{},又,发烧: Used as a verb indicating the state of having a fever.,我发烧了。,I have a fever.,你没发烧。,You have no fever.,汤姆不发烧。,Tom doesn't have a temperature.
发现,fā xiàn,动,discover,3,⿸？又,{},又,发现: Placed after subject to indicate discovering something.,你还发现什么了？,What else have you figured out?,,,,
方便,fāng biàn,形,convenient,3,⿱亠？,{},方,方便: Placed after verbs to indicate convenience or ease of doing something.,这很方便。,That's very handy.,您什么时候方便？,When would it be convenient for you?,你什么时候方便？,When is it convenient for you?
放,fàng,动,to put; set free,3,⿰方攵,"{'type': 'pictophonetic', 'phonetic': '方', 'semantic': '攵', 'hint': 'let go'}",攵,放: Placed as a verb to indicate putting or releasing something.,放開！,Disengage!,放屁！,That's bullshit!,放棄。,Quit.
放心,fàng xīn,动,relax; feel relieved,3,⿰方攵,"{'type': 'pictophonetic', 'phonetic': '方', 'semantic': '攵', 'hint': 'let go'}",攵,放心: Used as a verb to express relief or reassurance in a sentence.,放心，没事的。,"Come on, everything will be all right.",湯姆感到放心。,Tom felt reassured.,你可以尽管放心。,You can depend on it.
分,fēn,量/动,minute,3,⿱八刀,"{'type': 'ideographic', 'hint': 'Pieces 八 being further subdivided with a knife 刀 '}",刀,分: Used as a measure word for minutes or in actions dividing things.,真过分!,So mean!,太過分了！,That's too much!,再等十分钟！,Wait ten more minutes!
附近,fù jìn,名,nearby,3,⿰阝付,"{'type': 'pictophonetic', 'phonetic': '付', 'semantic': '阝', 'hint': 'place'}",阝,附近: Placed after a locative phrase to indicate nearby area.,她住在附近。,She lives nearby.,附近有酒店吗？,Is there a hotel around here?,地面附近有霧。,It was foggy near the ground.
复习,fù xí,动,revise,3,⿱亻⿱日夂,"{'type': 'ideographic', 'hint': 'A person 亻 who goes  somewhere 夂 every day 日'}",夊,复习: Placed as a verb to indicate the action of revising or reviewing.,我想复习英语。,I would like to brush up my English.,我会尽量不打扰你复习。,I'll do my best not to disturb your studying.,大多数学生都在为期末考试复习。,Most students are preparing for the final exams.
干净,gān jìng,形,clean,3,⿱一十,"{'type': 'pictographic', 'hint': 'A club or axe'}",十,干净: Used as an adjective to describe cleanliness of objects or situations.,浴室干净吗？,Is the bath clean?,厨房不干净。,The kitchen is not clean.,我会弄干净的。,I'll clean up.
感冒,gǎn mào,动,to catch a cold,3,⿱咸心,"{'type': 'ideographic', 'hint': 'Two hearts 心 beating together 咸'}",心,感冒: Used as a verbal phrase indicating the action of catching a cold.,他感冒了。,He caught a cold.,我感冒了。,I caught the flu.,感冒真難受。,It sucks having a cold.
感兴趣,gǎn xìng qù,动,to be interested (in),3,⿱咸心,"{'type': 'ideographic', 'hint': 'Two hearts 心 beating together 咸'}",心,感兴趣: Placed after a complement to express interest in something.,汤姆感兴趣吗？,Did Tom show an interest?,我不感兴趣。,I'm not interested.,你对什么感兴趣？,What are you interested in?
刚才,gāng cái,名,just now,3,⿰冈刂,"{'type': 'pictophonetic', 'phonetic': '冈', 'semantic': '刂', 'hint': 'knife'}",刂,刚才: Placed before a verb to indicate the recent past.,我刚才在家。,I was at home.,他刚才到了。,He had just arrived.,我刚才在洗澡.,I was just in the shower.
个子,gè zi,名,height; stature,3,⿱人丨,"{'type': 'ideographic', 'hint': 'A tally 丨 of people 人'}",丨,个子: Indicates height or stature in a sentence as a noun.,我个子高。,I am tall.,她个子很高。,She is tall.,个子矮的人心眼多。,Shorter people got more tricks up their sleeves.
跟,gēn,介,with,3,⿰足艮,"{'type': 'pictophonetic', 'phonetic': '艮', 'semantic': '足', 'hint': 'foot'}",足,跟: Placed before a noun to indicate accompaniment or association.,跟我說！,Repeat after me.,跟我来！,Come with me!,跟我走。,Follow me.
根据,gēn jù,介/名,according to,3,⿰木艮,"{'type': 'pictophonetic', 'phonetic': '艮', 'semantic': '木', 'hint': 'tree'}",木,根据: Placed before a source to indicate basis or依据.,我的怀疑没有根据。,My suspicions were unfounded.,价格根据需求变化。,The price varies with demand.,根据警察，没有人死亡。,"According to the police, no one died."
更,gèng,副,even more,3,⿱一⿻曰乂,{},曰,更: Placed before adverbs/verbs/adjectives to intensify meaning.,那更好吗？,Is that better?,我更快。,I'm faster.,讓它更新。,Let it update.
公斤,gōng jīn,量,kilogram,3,⿱八厶,"{'type': 'ideographic', 'hint': 'To divide 八 what is private 厶'}",八,公斤: Placed after numerals to denote kilograms.,他80公斤。,He weighs 80 kilos.,他有80公斤。,He weighs 80 kilos.,他是80公斤。,He weighs 80 kilos.
公园,gōng yuán,名,park,3,⿱八厶,"{'type': 'ideographic', 'hint': 'To divide 八 what is private 厶'}",八,公园: Placed in a sentence to denote a park as the location or topic.,我在公园里走。,I'm walking in the park.,她自己去公园了。,She went to the park by herself.,那里也有个公园。,There's also a park there.
故事,gù shi,名,story; tale; plot,3,⿰古攵,"{'type': 'pictophonetic', 'phonetic': '古', 'semantic': '攵', 'hint': 'tap'}",攵,故事: Serves as a noun representing a story or tale in a sentence.,我想听个故事！,I want to hear a story!,故事很有趣。,The story was amusing.,多么荒唐的故事！,What a bizarre story!
刮风,guā fēng,动,windy,3,⿰舌刂,"{'type': 'pictophonetic', 'phonetic': '舌', 'semantic': '刂', 'hint': 'knife'}",刂,刮风: Used as a subject or predicate to describe windy conditions.,已经刮风两天了。,It has been windy for two days.,,,,
关,guān,动,to close,3,⿱丷天,{},丷,关: Placed after verbs to indicate closing actions.,关老师！,Teacher Guan!,关门。,Shut the door.,没关系！,No problem.
关系,guān xì,名,relationship,3,⿱丷天,{},丷,关系: Used as a noun to describe connections between people or things.,没关系！,No problem.,没关系。,It doesn't matter.,不，没关系。,"No, there's no problem."
关心,guān xīn,动,care about,3,⿱丷天,{},丷,关心: Placed after subject to indicate caring about someone or something.,汤姆关心你。,Tom cares about you.,我依然不关心。,I still don't care.,汤姆不关心钱。,Tom doesn't care about money.
关于,guān yú,介,about,3,⿱丷天,{},丷,关于: Placed at the beginning of a sentence to introduce a topic about.,这是本关于星星的书。,This is a book about stars.,关于那个你有什么看法？,What do you think about it?,他们在问关于汤姆的事。,They were asking questions about Tom.
国家,guó jiā,名,country,3,⿴囗玉,"{'type': 'ideographic', 'hint': ""Treasure 玉 within a country's borders 囗""}",囗,国家: Placed as a noun to refer to a country or nation.,你是哪国家？,Where do you come from?,非洲有多少国家？,How many countries are in Africa?,你去过哪些国家？,Which countries have you visited?
过,guò,动,to celebrate (a birthday),3,⿺辶寸,"{'type': 'pictophonetic', 'phonetic': '咼', 'semantic': '辶', 'hint': 'walk'}",辶,过: Placed after verbs to indicate past experience or completed actions.,别过来！,Don't come here!,真过分!,So mean!,你试过吗？,Did you ever try?
过去,guò qu,名,(in the) past,3,⿺辶寸,"{'type': 'pictophonetic', 'phonetic': '咼', 'semantic': '辶', 'hint': 'walk'}",辶,过去: Placed at the beginning of a sentence to indicate actions in the past.,我马上过去!,I'll be right there.,走过去一点！,Walk over a little!,夏天过去了。,The summer is over.
还是,hái shì,副/连,...or...? [in a question],3,⿺辶不,"{'type': 'ideographic', 'hint': 'Not 不 moving 辶'}",辶,还是: Placed in questions to offer alternatives.,肉还是鱼？,Meat or fish?,她还是独身,She's still single.,我还是很气。,I'm still mad.
害怕,hài pà,动,afraid,3,⿱宀⿱丰口,{},宀,害怕: Placed as a predicate to express fear or being afraid.,別害怕！,Don't be afraid!,不要害怕！,Don't be afraid!,你害怕我？,Are you afraid of me?
黑板,hēi bǎn,名,blackboard,3,⿱？灬,"{'type': 'ideographic', 'hint': ""A man's face blacked by soot from a fire 灬""}",黑,"黑板: Noun referring to a blackboard, used as an object in sentences.",請看黑板。,Look at the blackboard.,看看黑板。,Look at the blackboard.,去黑板那兒。,Go to the blackboard.
后来,hòu lái,名,afterward,3,⿸？口,{},口,后来: Placed at the beginning of a sentence to indicate what happened afterward.,他后来写信给总统。,Later he wrote to the president.,园丁后来发现就是凶手。,The gardener turned out to be the murderer.,我本来想走的，但后来忘了。,"I intended to go, but forgot to."
护照,hù zhào,名,passport,3,⿰扌户,"{'type': 'ideographic', 'hint': 'Guarding 扌 a home 户; 户 also provides the pronunciation'}",扌,护照: Serves as a noun representing a travel document.,那是护照。,That is the passport.,去拿你的护照。,Go get your passport.,我护照给偷了。,My passport was stolen.
花,huā,动,spend,3,⿱艹化,"{'type': 'ideographic', 'hint': 'A flower 艹 in bloom 化; 化 also provides the pronunciation'}",艹,"花: Placed after a subject to indicate spending (e.g., 我花钱).",我买花。,I buy flowers.,她卖花。,She sells flowers.,請澆花。,Please water the flowers.
花,huā,名,flower,3,⿱艹化,"{'type': 'ideographic', 'hint': 'A flower 艹 in bloom 化; 化 also provides the pronunciation'}",艹,花: A noun placed as the subject or object in sentences about flowers.,我买花。,I buy flowers.,她卖花。,She sells flowers.,請澆花。,Please water the flowers.
画,huà,名/动,to draw; paint (pictures),3,⿱一⿶凵田,"{'type': 'ideographic', 'hint': 'A painting on an easel; compare 畫, which includes the brush'}",田,画: Can function as a verb (to draw/paint) or a noun (a painting).,画家画画。,An artist illustrates.,画一个圈。,Draw a circle.,他画了米娜。,He drew Mina.
坏,huài,形,bad,3,⿰土不,"{'type': 'pictophonetic', 'phonetic': '不', 'semantic': '土', 'hint': 'earth'}",土,坏: Placed after nouns to describe them negatively.,我累坏了,I'm dead tired.,锁坏了。,The lock is broken.,空调坏了。,The air conditioner has got out of order.
欢迎,huān yíng,动,to welcome,3,⿰又欠,{},欠,欢迎: Placed before a noun or used alone as a verb to greet or welcome someone.,欢迎！,Welcome!,欢迎!,Welcome.,欢迎。,Welcome.
还,huán,动,to return,3,⿺辶不,"{'type': 'ideographic', 'hint': 'Not 不 moving 辶'}",辶,还: Placed after verbs to indicate returning something.,还回去,Give it back.,还不快走！,"Hurry, pick up your pace!",你还冷吗？,Are you still cold?
环境,huán jìng,名,environment,3,⿰王不,"{'type': 'pictophonetic', 'phonetic': '不', 'semantic': '王', 'hint': 'jade'}",王,环境: Used as a noun to refer to surroundings or environmental conditions.,吃肉对环境不利。,Eating meat is bad for the environment.,我适应新环境很慢。,I'm slow to adapt to new situations.,环境完全对我们有利。,Circumstances are entirely favorable to us.
换,huàn,动,to change (to another one),3,⿰扌奂,"{'type': 'pictophonetic', 'phonetic': '奂', 'semantic': '扌', 'hint': 'hand'}",扌,换: Placed after subjects to indicate changing to another one.,他换台了。,He changed the channel.,我想换房间。,I'd like to change my room.,她换了策略。,She changed her tactics.
黄河,huáng hé,名,Yellow River,3,⿱？⿱由八,"{'type': 'pictographic', 'hint': 'A jade pendant'}",黄,"黄河: A proper noun referring to the Yellow River, used as a subject or object.",四月底，黄河的水发黑了。,"At the end of April, the water of the Yellow River had darkened.",,,,
回答,huí dá,动,reply,3,⿴囗口,"{'type': 'ideographic', 'hint': 'Originally, a spiral signifying return'}",囗,回答: Placed as a verb to indicate replying to something or someone.,回答。,Respond.,快點回答！,Answer now!,回答我。,Answer me this.
会议,huì yì,名,meeting,3,⿱人云,"{'type': 'ideographic', 'hint': 'People 人 speaking 云'}",人,会议: Serves as a noun representing a meeting in sentences.,会议怎么样？,What were the meetings like?,会议结束了。,The meeting ended.,会议取消了。,The meeting was called off.
或者,huò zhě,副,perhaps,3,⿹戈⿱口一,"{'type': 'ideographic', 'hint': 'To defend yourself 口 with a spear 戈; ""or else""'}",戈,"或者: Placed between options to indicate ""or"".",你说法语或者英语吗？,Do you speak French or English?,要加点牛奶或者糖吗？,Any milk or sugar?,你或者我会被选中。,You or I will be chosen.
几乎,jī hū,副,almost,3,⿰丿乙,"{'type': 'pictographic', 'hint': 'A small table; compare 丌'}",几,几乎: Placed before verbs to indicate near certainty or almost.,几乎。,Almost.,我也几乎哭了！,I almost cried too!,我几乎赢了。,I almost won.
机会,jī huì,名,opportunity,3,⿰木几,"{'type': 'ideographic', 'hint': 'A table 几 made of wood 木; 几 also provides the pronunciation'}",木,机会: Placed after determiners or as subject/predicate to discuss opportunity.,机会错过了。,The chance is gone.,给我一次机会吧！,Give me a chance!,我抓住了机会。,I took advantage of an opportunity.
极,jí,副,extreme,3,⿰木及,"{'type': 'pictophonetic', 'phonetic': '及', 'semantic': '木', 'hint': 'wood'}",木,极: Used before adjectives to intensify their meaning.,别走极端。,Don't go to extremes.,乐极生悲。,Extreme joy begets sorrow.,我累极了。,I'm done up.
记得,jì de,动,to remember,3,⿰讠己,"{'type': 'ideographic', 'hint': 'A private 己 note 讠; 己 also provides the pronunciation'}",讠,记得: Placed after a verb to indicate remembering an action or fact.,你记得吗？,Do you remember?,记得查字典！,Remember to use the dictionary!,你不记得他吗？,Don't you remember him?
季节,jì jié,名,season,3,⿱禾子,"{'type': 'ideographic', 'hint': 'The time for planting seeds 子 of grain 禾'}",子,"季节: A noun indicating time of year, used in phrases like ""春天的季节"".",这是季风季节。,This is the monsoon season.,您最喜欢哪个季节？,What season do you like the best?,这个季节鸡蛋不贵。,Eggs are cheap this season.
检查,jiǎn chá,动,inspect,3,⿰木佥,"{'type': 'pictophonetic', 'phonetic': '佥', 'semantic': '木', 'hint': 'wood'}",木,检查: Placed as a verb to indicate conducting an inspection.,检查一下！,Check that.,医生在检查脚。,The doctor is examining the foot.,检查一下所有人。,Check everyone.
简单,jiǎn dān,形,simple,3,⿱⺮间,"{'type': 'pictophonetic', 'phonetic': '间', 'semantic': '⺮', 'hint': 'bamboo'}",⺮,简单: Used as an adjective to describe simplicity.,这很简单。,It is very simple.,法语很简单。,French is easy.,那太简单了。,That's too easy.
健康,jiàn kāng,形,healthy; health,3,⿰亻建,"{'type': 'ideographic', 'hint': 'Someone 亻 who can build 建 things; 建 also provides the pronunciation'}",亻,健康: Used as an adjective before nouns or after 的 to describe health status.,祝你健康！,To your health!,健康是甚麼？,What is health?,父亲很健康。,My father is healthy.
见面,jiàn miàn,动,to meet,3,⿵冂儿,"{'type': 'ideographic', 'hint': 'Simplified form of 見; a man 儿 with the eye 目 emphasized'}",见,见面: Placed as a verb to indicate meeting someone.,我们在哪里见面？,Where are we meeting?,我们明天见面吗？,Shall we meet tomorrow?,我们在哪儿见面?,Where shall we meet?
讲,jiǎng,动,speak,3,⿰讠井,"{'type': 'pictophonetic', 'phonetic': '井', 'semantic': '讠', 'hint': 'speech'}",讠,讲: Placed after topic to discuss or speak about it.,没人会讲。,No one will talk.,你讲日语吗？,Do you speak Japanese?,她讲中文。,She speaks Chinese.
教,jiāo,动,to teach,3,⿰孝攵,"{'type': 'pictophonetic', 'phonetic': '孝', 'semantic': '攵', 'hint': 'script'}",攵,教: Placed before a verb to indicate teaching an action or subject.,邪教！,Heresy!,我教书。,I teach.,我教英文。,I teach English.
脚,jiǎo,名,foot,3,⿰⺼却,"{'type': 'pictophonetic', 'phonetic': '却', 'semantic': '⺼', 'hint': 'flesh'}",⺼,脚: Placed after measure words or as subject/predicate in sentences about feet.,你的脚脏。,You have dirty feet.,小心脚下。,Watch your step.,我的脚痛。,I have a pain in my foot.
角,jiǎo,量,horn; corner; jiao (written) [unit of currency = 0.1 yuan],3,⿱⺈用,"{'type': 'pictographic', 'hint': 'A rhinoceros or other animal horn'}",角,角: Placed after nouns to measure currency in jiao units.,在街角!,At the corner!,你摔角嗎？,Do you wrestle?,牛有角。,Cows have horns.
接,jiē,动,connect,3,⿰扌妾,"{'type': 'pictophonetic', 'phonetic': '妾', 'semantic': '扌', 'hint': 'hand'}",扌,接: Placed before or after verbs to indicate connecting or receiving actions.,接电话。,Answer the phone.,直接回家。,Go straight home.,我不接受。,I won't accept that.
街道,jiē dào,名,road,3,⿻行圭,"{'type': 'pictophonetic', 'phonetic': '圭', 'semantic': '行', 'hint': 'walk'}",行,街道: Placed in a sentence as a noun to refer to a road or street.,那街道非常吵。,That street is very noisy.,這隻狗穿過街道。,The dog walked across the street.,街道上擠滿了人。,The street was crowded with people.
结婚,jié hūn,动,marry,3,⿰纟吉,"{'type': 'pictophonetic', 'phonetic': '吉', 'semantic': '纟', 'hint': 'thread'}",纟,结婚: Used as a transitive verb indicating the act of getting married.,我们结婚吧！,Let's get married!,我结婚了。,I'm married.,他们结婚了。,They got married.
节目,jié mù,名,programme,3,⿱艹？,"{'type': 'ideographic', 'hint': 'Simplified form of 節; sections of bamboo ⺮'}",艹,节目: Serves as a noun referring to a television or radio programme.,节目已经完了。,The programme is over.,这个节目是重播。,This program is a rerun.,你想看这个电视节目吗？,Do you want to watch this TV programme?
节日,jié rì,名,festival,3,⿱艹？,"{'type': 'ideographic', 'hint': 'Simplified form of 節; sections of bamboo ⺮'}",艹,节日: A noun placed in sentences to refer to festivals or holidays.,收获稻子时举办节日。,A festival is held at the rice harvest.,大家都很喜欢这个节日。,Everyone likes this festival very much.,中秋节是中国的传统节日。,Mid-Autumn Day is a traditional holiday in China.
结束,jié shù,动,finish,3,⿰纟吉,"{'type': 'pictophonetic', 'phonetic': '吉', 'semantic': '纟', 'hint': 'thread'}",纟,结束: Placed after verbs to indicate completion of actions.,你结束了吗？,Are you finished?,游戏结束。,Game over.,休息结束了！,Rest time's over!
解决,jiě jué,动,to resolve; solve,3,⿰角⿱刀牛,"{'type': 'ideographic', 'hint': 'To cut 刀 the horns 角 off of an ox 牛; 角 also provides the pronunciation'}",角,解决: Placed after subject to indicate resolving or solving something.,解决他们。,Deal with them.,你应该能解决。,You should be able to manage it.,我解决不了了。,I just can't solve it.
借,jiè,动,to lend,3,⿰亻昔,"{'type': 'pictophonetic', 'phonetic': '昔', 'semantic': '亻', 'hint': 'person'}",亻,借: Placed after subject to indicate lending something.,借给他.,Lend it to him.,我借錢。,I borrow money.,你借它了吗？,Did you borrow it?
经常,jīng cháng,副,often; regularly,3,⿰纟⿱？工,"{'type': 'pictophonetic', 'phonetic': '工', 'semantic': '纟', 'hint': 'thread'}",纟,经常: Placed before a verb to indicate frequent action.,他经常喝醉！,He is always drunk!,您经常去吗？,Do you go often?,他经常在线。,He is always online.
经过,jīng guò,动,pass through,3,⿰纟⿱？工,"{'type': 'pictophonetic', 'phonetic': '工', 'semantic': '纟', 'hint': 'thread'}",纟,经过: Placed before a noun to indicate passing through a place or experiencing something.,一个天使经过。,An angel passed by.,冬天已经过去了。,Winter is gone.,我刚从这里经过。,I only happened to pass here just now.
经理,jīng lǐ,名,manager,3,⿰纟⿱？工,"{'type': 'pictophonetic', 'phonetic': '工', 'semantic': '纟', 'hint': 'thread'}",纟,经理: Used as a noun to refer to a manager in a business context.,他是经理吗？,Is he the manager?,对，是我们经理。,"Yes, he's our manager.",他们任命他为经理。,They appointed him as a director.
久,jiǔ,形,long time,3,⿻勹？,{},丿,久: Placed after nouns to indicate a long duration of time.,多久？,How long was it?,要多久？,How long does it take?,好久不見！,Long time no see!
旧,jiù,形,old; former,3,⿰丨日,"{'type': 'ideographic', 'hint': 'Older than 丨 the sun 日'}",日,旧: Placed before nouns to indicate something is old or former.,他卖旧地毯。,He sells old carpets.,这是个旧部件。,This is an old unit.,这是台旧设备。,This is an old device.
句子,jù zi,名,sentence,3,⿹勹口,"{'type': 'ideographic', 'hint': 'A phrase 勹 from the mouth 口'}",口,句子: Serves as a noun representing a grammatical sentence structure.,此句子已存在。,This sentence already exists.,我想写很多句子,I want to write a lot of sentences.,我的句子在哪里？,Where is my sentence?
决定,jué dìng,动,decide,3,⿰冫夬,{},冫,决定: Placed as a main verb to indicate making a decision.,由你决定。,How ever you like.,你决定好了吗？,Have you made your decision?,她决定进房。,She decided to enter the room.
渴,kě,形,thirsty,3,⿰氵曷,"{'type': 'pictophonetic', 'phonetic': '曷', 'semantic': '氵', 'hint': 'water'}",氵,渴: Placed after a be-verb to describe being thirsty.,你渴吗？,Are you thirsty?,你不渴嗎？,Aren't you thirsty?,我很渴。,I'm very thirsty.
可爱,kě ài,形,lovely; loveable,3,⿻丁口,"{'type': 'pictophonetic', 'semantic': '丁', 'hint': 'vigorous', 'phonetic': '口'}",口,可爱: Placed after nouns to describe them as lovely or loveable.,真可爱！,How cute!,多可爱啊！,How cute!,猫很可爱。,Cats are cute.
刻,kè,量,quarter (of an hour); to carve,3,⿰亥刂,"{'type': 'pictophonetic', 'phonetic': '亥', 'semantic': '刂', 'hint': 'knife'}",刂,刻: Used as a measure word for time or in verbs indicating carving or engraving.,请即刻停止。,Please stop that right now.,請立刻回來。,Please come back at once.,享受這一刻吧！,Enjoy the moment!
客人,kè rén,名,guest,3,⿱宀各,"{'type': 'ideographic', 'hint': ""A person 各 welcomed under one's roof 宀; 各 also provides the pronunciation""}",宀,客人: A noun used to refer to a guest in sentences.,你有客人。,You have a visitor.,做我的客人吧。,Be my guest.,客人们在厨房。,The guests are in the kitchen.
空调,kōng tiáo,名,air-conditioning,3,⿱穴工,"{'type': 'pictophonetic', 'phonetic': '工', 'semantic': '穴', 'hint': 'cave'}",穴,空调: A noun representing air-conditioning equipment or system.,空调坏了。,The air conditioner has got out of order.,室外的空调很便宜。,External air conditioners are quite cheap.,我夏天没有空调会死。,I can't survive without air conditioning in the summer.
口,kǒu,名,mouth; [measure word for family members],3,⿱冂一,"{'type': 'pictographic', 'hint': 'An open mouth'}",口,口: Used as a measure word for family members or to denote mouth.,好胃口！,Bon appétit!,祝好胃口！,Bon appétit!,他的口音！,His accent!
哭,kū,动,cry,3,⿱⿰口口犬,"{'type': 'ideographic', 'hint': 'To shed a tear from your eyes 口 over a person 犬'}",口,哭: Placed as a verb indicating the action of crying.,别哭。,Don't cry.,別哭。,Don't cry.,她在哭。,She was crying.
裤子,kù zi,名,trousers,3,⿰衤库,"{'type': 'pictophonetic', 'phonetic': '库', 'semantic': '衤', 'hint': 'clothes'}",衤,"裤子: A noun representing trousers, used as a subject or object in sentences.",我没穿裤子。,I'm not wearing pants.,那是我的裤子。,Those are my trousers.,萨米穿着蓝裤子。,Sami wore blue pants.
筷子,kuài zi,名,chopsticks,3,⿱⺮快,"{'type': 'pictophonetic', 'phonetic': '快', 'semantic': '⺮', 'hint': 'bamboo'}",⺮,筷子: Used to refer to chopsticks as a noun in sentences.,筷子怎么用？,How do I use chopsticks?,用筷子吃飯難嗎？,Is eating with chopsticks difficult?,用筷子吃饭难吗？,Is eating with chopsticks difficult?
蓝,lán,形,blue,3,⿱艹监,"{'type': 'pictophonetic', 'phonetic': '监', 'semantic': '艹', 'hint': 'plant'}",艹,蓝: Used as an adjective before nouns to describe blue color.,有蓝色的吗？,Do you have any in blue?,电脑蓝屏了。,The computer crashed.,我喜欢蓝色。,I like blue.
老,lǎo,形,old; aged,3,⿱耂匕,"{'type': 'pictographic', 'hint': 'A person bent over with long hair 匕 and a crutch; compare 耂'}",老,老: Placed before nouns to indicate age or experience.,老師好！,Hello teacher!,关老师！,Teacher Guan!,老子是誰？,Who was Lao Tze?
离开,lí kāi,动,leave,3,⿱⿱亠凶禸,"{'type': 'pictographic', 'hint': 'An animal standing straight; 亠 is the head'}",禸,离开: Placed after verbs to indicate departure from a place.,请马上离开！,Leave immediately!,我不想离开。,I don't want to go away.,你还没离开。,You didn't leave yet.
礼物,lǐ wù,名,gift; present,3,⿰礻乚,"{'type': 'pictophonetic', 'phonetic': '乚', 'semantic': '礻', 'hint': 'spirit'}",礻,礼物: A noun representing a gift or present in a sentence.,谢谢你的礼物！,Thank you for your present.,送你一点礼物。,I am giving you a little gift.,谢谢您的礼物。,Thanks for your gift.
历史,lì shǐ,名,history,3,⿸厂力,"{'type': 'pictophonetic', 'phonetic': '力', 'semantic': '厤', 'hint': 'calendar'}",厂,历史: A noun representing the subject of history in a sentence.,我教历史。,I teach history.,我讨厌历史。,I hate history.,汤姆教历史。,Tom teaches history.
脸,liǎn,名,face,3,⿰⺼佥,"{'type': 'pictophonetic', 'phonetic': '佥', 'semantic': '⺼', 'hint': 'flesh'}",⺼,脸: A noun indicating the physical face or used in expressions related to面子(courtesy/face).,刮脸吗？,Did you shave?,用脸书。,Use Facebook.,洗脸吧。,Wash your face.
练习,liàn xí,动/名,to practise,3,⿰纟柬,"{'type': 'pictophonetic', 'phonetic': '柬', 'semantic': '纟', 'hint': 'thread'}",纟,练习: Can function as a verb (to practice) or a noun (practice/session).,她在开始练习。,She's starting to practice.,是的，你需要每天练习。,"Yes, you need to practice every day.",,
辆,liàng,量,[measure word for vehicles],3,⿰车两,"{'type': 'ideographic', 'hint': 'Two 两 carts 车; 两 also provides the pronunciation'}",车,辆: Placed after numerals to measure vehicles.,他有辆车。,He has a car.,我有辆新车。,I have a new car.,跟上那辆车。,Follow that car.
聊天,liáo tiān,动,to chat,3,⿰耳卯,"{'type': 'pictophonetic', 'phonetic': '卯', 'semantic': '耳', 'hint': 'ear'}",耳,聊天: Used as a verb to indicate engaging in conversation.,你想聊天吗？,Do you want to chat?,他们在聊天。,They're chatting.,他們正在聊天。,They are having a chat.
了解,liǎo jiě,动,understand,3,⿱乛亅,"{'type': 'pictographic', 'hint': 'A child swaddled in blanklets; compare 子'}",亅,了解: Placed after an object to indicate understanding of it.,你了解它吗,Do you know it?,我了解你。,I get you.,你不了解。,You don't understand.
邻居,lín jū,名,neighbour,3,⿰令阝,"{'type': 'pictophonetic', 'phonetic': '令', 'semantic': '阝', 'hint': 'town'}",阝,邻居: A noun referring to a person living nearby.,他是我邻居。,He's my neighbour.,我讨厌我的邻居。,I hate my neighbors.,与邻居相亲相爱。,Love your neighbors.
留学,liú xué,动,study abroad,3,⿱卯田,{},田,留学: Used as a verb phrase indicating studying abroad.,他出国留学了。,He studied abroad.,我决定出国留学。,I made a decision to study abroad.,我正存钱出国留学。,I am saving money in order to study abroad.
楼,lóu,名,multi-storied building,3,⿰木娄,"{'type': 'pictophonetic', 'phonetic': '娄', 'semantic': '木', 'hint': 'wood'}",木,楼: Placed as a noun indicating a multi-storied building in a sentence.,上楼。,Go up the stairs.,在楼下等我,Wait for me downstairs.,你住在哪层楼？,What floor do you live on?
绿,lǜ,形,green,3,⿰纟录,"{'type': 'pictophonetic', 'phonetic': '录', 'semantic': '纟', 'hint': 'silk'}",纟,绿: Used as an adjective before nouns to describe green color.,您喝绿茶吗？,Do you drink green tea?,你喝绿茶吗？,Do you drink green tea?,树是绿的。,The trees are green.
马,mǎ,名,horse,3,⿹？一,"{'type': 'pictographic', 'hint': 'Simplified form of 馬, a horse galloping to the left'}",马,"马: A noun representing a horse, used as the subject or object in sentences.",马上！,Now!,上马。,Get on the horse.,马在哪里？,Where are the horses?
马上,mǎ shàng,副,immediately,3,⿹？一,"{'type': 'pictographic', 'hint': 'Simplified form of 馬, a horse galloping to the left'}",马,马上: Placed before a verb to indicate immediate action.,马上！,Now!,马上上马！,Get on the horse immediately!,我马上就去！,I'll do it right away!
满意,mǎn yì,动,pleased; satisfied,3,⿰氵⿱艹两,"{'type': 'pictophonetic', 'phonetic': '㒼', 'semantic': '氵', 'hint': 'water'}",氵,满意: Used as a predicate to express satisfaction or pleasure.,我真是满意。,I was quite satisfied.,他们满意了。,They were satisfied.,你老是不满意！,You're never satisfied!
帽子,mào zi,名,hat,3,⿰巾冒,"{'type': 'pictophonetic', 'phonetic': '冒', 'semantic': '巾', 'hint': 'towel'}",巾,"帽子: A noun representing a hat, used as a subject or object in sentences.",他買了帽子。,He bought a hat.,你帽子在哪儿？,Where's your hat?,把帽子戴上。,Put on the hat.
米,mǐ,量,rice; metre,3,⿻丷木,"{'type': 'pictographic', 'hint': 'Grains of rice'}",米,米: Used as a measure word for rice or in measurements related to length.,吃米饭。,Eat rice.,莎米 16 歲。,Sami was 16 years old.,莎米來了。,Sami appeared.
面包,miàn bāo,名,bread,3,⿱？？,"{'type': 'pictographic', 'hint': ""A person's face""}",面,面包: A noun representing bread in a sentence.,我吃面包。,I eat bread.,我没买面包。,I didn't buy bread.,面包不新鲜。,The bread is not fresh.
明白,míng bai,动/形,to understand,3,⿰日月,"{'type': 'ideographic', 'hint': 'The light of the sun 日 and moon 月'}",日,明白: 动/形，用于表达理解或清晰的状态。,明白。,I understand.,不明白。,I don't understand.,明白了。,I got it.
拿,ná,动,to take,3,⿱合手,"{'type': 'pictophonetic', 'phonetic': '合', 'semantic': '手', 'hint': 'hand'}",手,拿: Placed before an object to indicate taking or holding it.,拿走。,Take it away.,拿我的。,Take mine.,你拿吗?,Did you take it?
奶奶,nǎi nai,名,grandmother [father's mother],3,⿰女乃,"{'type': 'pictophonetic', 'phonetic': '乃', 'semantic': '女', 'hint': 'woman'}",女,奶奶: Used as a noun to refer to one's paternal grandmother.,这是我奶奶的假牙。,These are my grandmother's artificial teeth.,这是我奶奶的食谱。,This recipe is my grandmother's.,我奶奶失去了記憶。,My grandmother lost her memory.
难,nán,形,hard; difficult,3,⿰又隹,"{'type': 'ideographic', 'hint': 'A hand 又 trying to grasp at a bird 隹'}",又,难: Placed after nouns as an adjective to express difficulty.,戒烟难。,It is difficult to give up smoking.,太难了。,It's so hard.,难以置信！,Unbelievable!
南,nán,名,south,3,⿱十⿵冂⿱丷干,"{'type': 'pictographic', 'hint': 'A musical bell'}",十,南: Used as a noun or modifier indicating southern direction or place.,南男北女。,"Southern men, Northern women.",群鸟南翔。,The birds flew to the south.,南非很远。,South Africa is far away.
难过,nán guò,形,have a hard time,3,⿰又隹,"{'type': 'ideographic', 'hint': 'A hand 又 trying to grasp at a bird 隹'}",又,难过: Used as an adjective to describe emotional difficulty or sorrow.,你在难过吗？,Are you sad?,我很难过。,I'm sad.,我知道你难过。,I know you're upset.
年级,nián jí,名,(school) year/grade,3,⿻干？,"{'type': 'ideographic', 'hint': 'A man 干 carrying grain, representing the annual harvest'}",干,年级: Placed after numerals to specify school grade level.,我儿子上小学三年级.,My son's in the third grade.,她是个二年级学生。,She is a second year student.,这个年级的法方代表是谁？,Who is the current representative from France?
年轻,nián qīng,形,young,3,⿻干？,"{'type': 'ideographic', 'hint': 'A man 干 carrying grain, representing the annual harvest'}",干,年轻: Placed after nouns to describe being young.,他很年轻。,He is very young.,你还年轻。,You're still green.,我们不年轻。,We're not young.
鸟,niǎo,名,bird,3,,"{'type': 'pictographic', 'hint': 'Simplified form of 烏, a bird'}",鸟,"鸟: A noun representing a bird, used as the subject or object in sentences.",鸟会飞。,A bird can fly.,群鸟南翔。,The birds flew to the south.,放飞鸟儿。,Let the bird fly away.
努力,nǔ lì,形,hardworking,3,⿱奴力,"{'type': 'pictophonetic', 'phonetic': '奴', 'semantic': '力', 'hint': 'strength'}",力,努力: Used as an adjective to describe someone who is hardworking.,努力。,Try hard.,我在努力。,I'm working on doing that.,继续努力。,Keep trying.
爬山,pá shān,动,to climb hills/mountains,3,⿺爪巴,"{'type': 'pictophonetic', 'phonetic': '巴', 'semantic': '爪', 'hint': 'claw'}",爪,爬山: A verb phrase meaning to climb mountains/hills.,我爬山。,I climb mountains.,上周末我爬山去了。,"On the weekend, I climbed the mountain.",爬山是锻炼的好方法。,It's good exercise to climb hills.
盘子,pán zi,名,tray,3,⿱舟皿,"{'type': 'pictophonetic', 'phonetic': '般', 'semantic': '皿', 'hint': 'dish'}",皿,"盘子: A noun representing a tray, used as an object in sentences.",盘子在哪里？,Where are the plates?,我需要盘子。,I need a plate.,我们不刷盘子。,We don't wash the dishes.
胖,pàng,名,fat,3,⿰⺼半,"{'type': 'pictophonetic', 'phonetic': '半', 'semantic': '⺼', 'hint': 'flesh'}",⺼,胖：用作形容词描述人或物体的体型较粗壮。,我肥胖。,I'm fat.,你變胖了。,You've grown fat.,我非常胖。,I'm very fat.
啤酒,pí jiǔ,名,beer,3,⿰口卑,"{'type': 'pictophonetic', 'phonetic': '卑', 'semantic': '口', 'hint': 'mouth'}",口,啤酒: A noun representing beer in a sentence.,誰在喝啤酒？,Who's drinking beer?,你喝啤酒吗？,Do you drink beer?,少喝点啤酒!,Go easy on the beer!
皮鞋,pí xié,名,leather shoes,3,⿸？攴,"{'type': 'pictographic', 'hint': 'A hand using a tool 攴 to strip the hide from a carcass'}",皮,"皮鞋: Noun referring to leather shoes, used as subject or object in sentences.",我要他擦亮我的皮鞋。,I got him to polish my shoes.,汤姆买了一双黑色皮鞋。,Tom bought a pair of black leather shoes.,,
瓶子,píng zi,名,bottle,3,⿰并瓦,"{'type': 'pictophonetic', 'phonetic': '并', 'semantic': '瓦', 'hint': 'pottery'}",瓦,"瓶子: A noun representing a bottle, used as the subject or object in sentences.",把瓶子打开。,Open the bottle.,請打開瓶子。,Please open the bottle.,瓶子摔成了碎片。,The bottle smashed to pieces.
骑,qí,动,"to ride (a bicycle, horse)",3,⿰马奇,"{'type': 'pictophonetic', 'phonetic': '奇', 'semantic': '马', 'hint': 'horse'}",马,骑: Placed before a noun to indicate riding an object.,你会骑马吗？,Can you ride a horse?,您会骑马吗？,Can you ride a horse?,她骑着骆驼。,She rode a camel.
奇怪,qí guài,形,strange,3,⿱大可,"{'type': 'ideographic', 'hint': 'A person 大 riding a horse 可'}",大,奇怪: Used as an adjective before nouns or after 的 to describe strangeness.,真奇怪！,How curious!,奇怪。,That's strange.,真奇怪。,How odd!
其实,qí shí,副,in fact,3,⿱甘⿱一八,{},八,其实: Placed at the beginning of a sentence to introduce a fact or truth.,汤姆言过其实。,Tom exaggerated.,其实，我不知道。,"Actually, I don't know.",其实没有发生。,That didn't really happen.
其他,qí tā,代,other,3,⿱甘⿱一八,{},八,其他: Placed before nouns to indicate other/some.,有其他樣式嗎？,Do you have other types?,其他人怎麼想？,What does everybody else think?,還有其他選擇嗎？,What other option is there?
起飞,qǐ fēi,动,take off [plane],3,⿺走己,"{'type': 'pictophonetic', 'phonetic': '己', 'semantic': '走', 'hint': 'walk'}",走,起飞: Placed after subject to indicate a plane's takeoff action.,飞机快要起飞了。,The plane is about to take off.,飞机十分钟后起飞。,The plane takes off in ten minutes.,那架飞机五点起飞。,That plane will take off at five.
起来,qǐ lái,动,stand up; sit up; rise to one's feet,3,⿺走己,"{'type': 'pictophonetic', 'phonetic': '己', 'semantic': '走', 'hint': 'walk'}",走,起来: Placed after verbs to indicate starting an action.,起来吧！,Get up!,振奋起来！,Chin up!,手举起来。,Put your hands up!
清楚,qīng chu,形,clear,3,⿰氵青,"{'type': 'pictophonetic', 'phonetic': '青', 'semantic': '氵', 'hint': 'water'}",氵,清楚: Placed after verbs as complement to indicate clarity or understanding.,說清楚。,Say it clearly.,講清楚。,Speak clearly.,看得清楚嗎？,Can you see it well?
请假,qǐng jià,动,ask for leave,3,⿰讠青,"{'type': 'pictophonetic', 'phonetic': '青', 'semantic': '讠', 'hint': 'speech'}",讠,请假: Used as a verb phrase to request leave from work or school.,我不知道他请假的原因。,I don't know the reason why he was absent.,,,,
秋,qiū,名,autumn,3,⿰禾火,"{'type': 'ideographic', 'hint': 'The time of year when farmers would burn 禾 crops 火'}",禾,"秋: Indicates autumn, used as a noun in sentences.",我爱秋天。,I love autumn.,秋天到了。,Autumn is here.,秋天風很大。,It's windy in the autumn.
裙子,qún zi,名,skirt,3,⿰衤君,"{'type': 'pictophonetic', 'phonetic': '君', 'semantic': '衤', 'hint': 'clothes'}",衤,"裙子: A noun referring to skirt, used as a subject or object in sentences.",裙子不錯。,Nice dress.,她穿着红裙子。,She was wearing a red skirt.,你的裙子很可爱。,Your skirt is very cute.
然后,rán hòu,连,and then; after that,3,⿱肰灬,"{'type': 'pictophonetic', 'phonetic': '肰', 'semantic': '灬', 'hint': 'fire'}",灬,然后: Placed between clauses to indicate sequence or consequence.,然后呢？,And then?,我看着汤姆，然后笑了。,I looked at Tom and grinned.,穿上衣服，然后跟我们来！,Put on clothes and come with us!
热情,rè qíng,形,enthusiastic,3,⿱执灬,"{'type': 'pictophonetic', 'phonetic': '执', 'semantic': '灬', 'hint': 'fire'}",灬,热情: Placed after nouns to describe being enthusiastic about them.,热情具有传染性。,Enthusiasm is contagious.,您真是太热情了。,You're really too kind.,你真是太热情了。,You're really too kind.
认为,rèn wéi,动,to think that; consider,3,⿰讠人,"{'type': 'pictophonetic', 'phonetic': '人', 'semantic': '讠', 'hint': 'speech'}",讠,认为: Placed before a clause to express one's opinion or belief about it.,你认为如何?,How about it?,我认为你傻。,I think you're dumb.,你认为她多大？,How old do you think she is?
认真,rèn zhēn,形,earnest,3,⿰讠人,"{'type': 'pictophonetic', 'phonetic': '人', 'semantic': '讠', 'hint': 'speech'}",讠,认真: Used as an adjective before nouns or after verbs to express seriousness.,认真的？,Are you serious?,你认真的？,Are you serious?,认真点。,Get serious.
容易,róng yì,形,easy,3,⿱宀谷,"{'type': 'pictophonetic', 'semantic': '宀', 'hint': 'roof'}",宀,容易: Placed after a verb as an adverb to indicate ease.,可不容易。,It hasn't been easy.,这很容易啊！,This is easy!,这很容易。,This is easy.
如果,rú guǒ,连,if,3,⿰女口,"{'type': 'ideographic', 'hint': ""A wife 女 following her husband's words 口""}",女,如果: Placed at the beginning of a clause to introduce a conditional statement.,如果你喜欢。,If you like.,如果饿了，吃吧。,"If you're hungry, eat.",但如果他说不呢？,But what if he says no?
伞,sǎn,名,umbrella,3,⿱人？,"{'type': 'pictographic', 'hint': 'An umbrella'}",人,伞: A noun representing an umbrella in a sentence.,雨伞卖得好。,Umbrellas sell well.,这是我的伞。,This is my umbrella.,这把伞是谁的？,Whose umbrella is this?
上网,shàng wǎng,动,get on the internet,3,⿱⺊一,"{'type': 'ideographic', 'hint': 'One stroke on top of another; compare 下 (below)'}",一,上网: Used as a verb phrase to indicate going online.,他在上网。,He is on the Internet.,我上网了。,I am online.,我经常上网看英文和中文的博客。,I often read English and Chinese blogs online.
生气,shēng qì,动,to get angry,3,⿻一土,"{'type': 'ideographic', 'hint': ' A shoot 屮 growing in the soil 土'}",生,生气: Placed as a verb in a sentence to indicate becoming angry.,我很生气！,I'm outraged!,别生气。,Don't get angry.,他为啥生气？,Why is he angry?
声音,shēng yīn,名,sound,3,⿱士？,"{'type': 'ideographic', 'hint': 'Simplified form of 聲; see that character for the etymology'}",士,声音: A noun representing sound in a sentence.,汤姆声音尖。,Tom has a high-pitched voice.,Tony的声音好听。,Tony's voice is nice.,不要发出声音。,Don't make a noise.
试,shì,动,to try,3,⿰讠式,"{'type': 'pictophonetic', 'phonetic': '式', 'semantic': '讠', 'hint': 'speech'}",讠,试: Placed as a verb to indicate attempting an action.,试一试！,Try!,我试试。,I will give it a try.,你试过吗？,Did you ever try?
世界,shì jiè,名,world,3,⿻廿？,"{'type': 'pictographic', 'hint': 'Three leaves on a branch'}",一,"世界: A noun representing the world, used as a subject or object in sentences.",講世界語！,Speak Esperanto!,你好，世界！,"Hello, world!",世界语万岁！,Long live Esperanto!
瘦,shòu,形,thin,3,⿸疒叟,"{'type': 'pictophonetic', 'phonetic': '叟', 'semantic': '疒', 'hint': 'sickness'}",疒,瘦: Placed after nouns to describe them as thin.,你不瘦。,You are not thin.,你瘦了吗？,Did you lose weight?,她很瘦。,She's skinny.
舒服,shū fu,形,comfortable,3,⿰舍予,"{'type': 'pictophonetic', 'phonetic': '予', 'semantic': '舍', 'hint': 'home'}",舌,舒服: Placed after sth to describe it as comfortable.,坐得舒服。,Sit comfortably.,你哪儿不舒服？,Where do you feel uncomfortable?,我感觉很舒服。,I felt comfortable.
叔叔,shū shu,名,uncle [father's younger brother],3,⿰⿱上小又,"{'type': 'ideographic', 'hint': 'The smaller 小 brother'}",又,叔叔: Used as a noun to refer to one's father's younger brother.,我叔叔開旅館。,My uncle runs a hotel.,讓你叔叔想一想。,Let your uncle think about it.,我现在住在叔叔家.,I live in my uncle's house now.
树,shù,名,tree,3,⿰木对,"{'type': 'pictophonetic', 'phonetic': '对', 'semantic': '木', 'hint': 'tree'}",木,"树: A noun representing a tree, used as the subject or object in sentences.",树在哪里？,Where is the tree?,我爱树干。,I love the trunk.,熊会爬树。,Bears can climb trees.
数学,shù xué,名,maths,3,⿰娄攵,"{'type': 'pictophonetic', 'phonetic': '娄', 'semantic': '攵', 'hint': 'script'}",攵,数学: Serves as a noun representing the subject mathematics.,她学习数学,She studies mathematics.,你数学好吗？,Are you good at mathematics?,我喜欢数学。,I like mathematics.
刷牙,shuā yá,动,brush teeth,3,⿰⿸尸巾刂,"{'type': 'ideographic', 'hint': 'A person bent over 尸 with a towel 巾'}",刂,刷牙: A fixed phrase indicating the action of brushing teeth.,你们刷牙去！,You guys need to go brush your teeth!,快去刷牙。,Brush your teeth.,别忘了刷牙。,Remember to brush your teeth.
双,shuāng,量,a pair of,3,⿰又又,"{'type': 'ideographic', 'hint': 'Two hands 又 side-by-side'}",又,双: Placed before nouns to indicate two of something as a pair.,一箭双雕。,Kill two birds with one stone.,你将穿哪双鞋？,Which shoes are you going to put on?,我有一双鞋。,I have a pair of shoes.
水平,shuǐ píng,名,level,3,⿻亅？,"{'type': 'pictographic', 'hint': 'A river running between two banks; compare 川'}",水,水平: Used as a noun to describe skill level or standard.,條紋是水平的。,The stripes were horizontal.,我英文水平中等。,My level in English is intermediate.,我的英语水平一般。,My English is so-so.
司机,sī jī,名,driver,3,⿹？口,"{'type': 'ideographic', 'hint': 'A person speaking orders 口 and raising their arm'}",口,司机: Functions as a noun referring to a driver in sentences.,汤姆是一个司机。,Tom is a chauffeur.,她是出租车司机吗？,Is she a taxi driver?,他们都不是司机。,None of them are drivers.
太阳,tài yáng,名,sun,3,⿵大丶,"{'type': 'ideographic', 'hint': 'A giant 大 with a normal-sized man 丶 for scale'}",大,太阳: Functions as a noun representing the sun in sentences.,太阳下山了。,The sun is going down.,太阳刚下山。,The sun has just sunk below the horizon.,太阳在西边落下,The sun sets in the west.
特别,tè bié,副/形,special; especially,3,⿰牛寺,"{'type': 'pictophonetic', 'phonetic': '寺', 'semantic': '牛', 'hint': 'ox'}",牛,特别: Placed before adjectives or verbs to emphasize intensity.,他们很特别。,They're special.,我们很特别。,We're special.,她特别想去。,She so wants to go.
疼,téng,形,pain,3,⿸疒冬,"{'type': 'pictophonetic', 'phonetic': '冬', 'semantic': '疒', 'hint': 'sickness'}",疒,疼: Used as an adjective to describe experiencing pain.,哪兒疼？,Where does it hurt?,真疼。,That hurts.,哪兒疼啊？,Where does it hurt?
提高,tí gāo,动,raise,3,⿰扌是,"{'type': 'pictophonetic', 'phonetic': '是', 'semantic': '扌', 'hint': 'hand'}",扌,提高: Placed after subject to indicate raising or enhancing something.,我提高了音量。,I raised my voice.,生活費提高了。,The cost of living has risen.,您不需要提高音量。,You don't have to raise your voice.
体育,tǐ yù,名,physical education,3,⿰亻本,{},亻,体育: Serves as a noun referring to physical education in a sentence.,体育无国界。,Sport knows no borders.,体育有益健康。,Exercise is good for your health.,我们有上体育课。,We have physical education.
甜,tián,形,sweet,3,⿰舌甘,"{'type': 'ideographic', 'hint': 'Something tasty 甘 to the tongue 舌'}",甘,甜: Used as an adjective to describe sweetness.,甜点是什么？,What is dessert?,有什么甜点？,What's the dessert?,甘蔗是甜的。,Sugar cane is sweet.
条,tiáo,量,"[measure word for long pieces (hair, branch, trousers etc.)]",3,⿱夂木,{},木,"条: Placed after nouns to measure long objects like hair, branches, trousers.",这条河浅吗？,Is this river shallow?,你吃面条。,Eat noodles.,我正在变苗条！,I am getting slim!
同事,tóng shì,名,colleague,3,⿵凡口,"{'type': 'ideographic', 'hint': 'Sharing a common 凡 tongue 口'}",口,同事: Used as a noun to refer to people one works with.,你們是同事。,You are colleagues.,我和他們是同事。,They are my colleagues.,明惠是我的同事。,Minghui is my colleague.
同意,tóng yì,动,to agree,3,⿵凡口,"{'type': 'ideographic', 'hint': 'Sharing a common 凡 tongue 口'}",口,同意: Placed after subject to indicate agreement with something proposed.,同意。,I agree.,他们同意.,They agree.,我同意。,I agree.
头发,tóu fa,名,hair,3,⿻⺀大,"{'type': 'pictophonetic', 'semantic': '大', 'hint': 'high'}",大,"头发: A noun referring to hair, often used with qualifiers like ""长"" (long) or ""短"" (short).",他有长头发。,He has long hair.,她在梳头发。,She is brushing her hair.,我没洗头发。,I haven't washed my hair.
突然,tū rán,形,suddenly,3,⿱穴犬,"{'type': 'ideographic', 'hint': 'A dog 犬 rushing out of a cave 穴'}",穴,突然: Placed before a verb to indicate something happening abruptly.,灯突然灭了。,"Suddenly, the light went out.",他們突然哭了。,They burst into tears.,計劃突然改變。,There was a sudden change of plan.
图书馆,tú shū guǎn,名,library,3,⿴囗冬,"{'type': 'ideographic', 'hint': ""Simplified form of 圖; a map of a district's 啚 borders 囗""}",囗,图书馆: Serves as a noun representing a place for books and reading materials.,在图书馆。,At the library.,我爱图书馆。,I love libraries.,图书馆在楼上。,The library is upstairs.
腿,tuǐ,名,leg,3,⿰⺼退,"{'type': 'ideographic', 'hint': 'Flesh ⺼ used to walk 退; 退 also provides the pronunciation'}",⺼,"腿: A noun representing a body part, used as the subject or object in sentences.",吃些火腿。,Have some ham.,狼靠腿吃飯。,A wolf is fed by its legs.,你剃过腿毛吗？,Have you ever shaved your legs?
完成,wán chéng,动,complete,3,⿱宀元,"{'type': 'pictophonetic', 'phonetic': '元', 'semantic': '宀', 'hint': 'roof'}",宀,完成: Placed after verbs to indicate completion of actions.,完成了！,It's done!,完成了。,Done.,我们完成了!,We're done!
碗,wǎn,名,a bowl of,3,⿰石宛,"{'type': 'pictophonetic', 'phonetic': '宛', 'semantic': '石', 'hint': 'stone'}",石,"碗: A noun indicating a bowl, used as the subject or object in sentences.",你有湯碗嗎？,Do you have a soup bowl?,你有碗盛湯嗎？,Do you have a soup bowl?,一个木头碗。,A wooden bowl.
万,wàn,数,ten thousand,3,⿱一？,{},一,万: Used before numbers to denote multiples of ten thousand.,革命万岁！,Long live the Revolution!,千万不要!,Please don't!,苏联万岁！,Long live the Soviet Union!
忘记,wàng jì,动,forget,3,⿱亡心,"{'type': 'pictophonetic', 'phonetic': '亡', 'semantic': '心', 'hint': 'heart'}",心,忘记: Placed after verbs to indicate forgetting actions or information.,别忘记。,Don't forget.,他忘记了密码,He doesn't remember the password.,我只想忘记。,I only wanted to forget.
位,wèi,量,position,3,⿰亻立,"{'type': 'ideographic', 'hint': 'The place where a person 亻 stands 立'}",亻,位: Placed before nouns to indicate respect or position.,幾位？,How many people?,下一位！,Next person!,三位學生。,Three students.
为,wèi,介,for (someone; something); to do; to be,3,⿻丶⿴力丶,{},丶,为: Placed before verbs to indicate doing something for someone or something.,为什么？,Why?,为什么?,Why?,一言为定！,It's a deal!
为了,wèi le,介,in order to,3,⿻丶⿴力丶,{},丶,为了: Placed before a verb to indicate purpose.,那是为了什么？,What was it for?,他结婚是为了钱。,He married for money.,她成为了邮递员。,She has become a postwoman.
文化,wén huà,名,culture,3,⿱亠乂,"{'type': 'pictographic', 'hint': 'A tattooed chest, representing writing'}",文,文化: Serves as a noun representing culture in sentences.,電腦文化是好是壞？,Is PC culture good or bad?,他熟悉日本文化。,He is familiar with Japanese culture.,您對電腦文化有何看法？,What do you think about PC culture?
西,xī,名,west,3,⿻兀囗,"{'type': 'pictographic', 'hint': 'A bird settling into its nest, representing sunset; compare 東'}",西,西: Used as a noun indicating the direction west or western things.,摩西是誰？,Who is Moses?,混帳東西！,You're a bastard!,她偷東西。,She steals.
习惯,xí guàn,动/名,be used to,3,⿹？冫,{},冫,习惯: Used as 动词/名词 to express being accustomed to something or habits.,我习惯了。,I'm used to it.,我习惯晚睡。,I'm used to staying up late at night.,他习惯顶嘴。,He is used to talking back.
洗手间,xǐ shǒu jiān,名,toilets; washroom,3,⿰氵先,"{'type': 'pictophonetic', 'phonetic': '先', 'semantic': '氵', 'hint': 'water'}",氵,洗手间: Noun indicating a restroom or washroom.,洗手间没人。,Bathroom's free.,洗手间在哪里？,Where is the bathroom?,我去下洗手间。,I'm going to the restroom.
洗澡,xǐ zǎo,动,have a shower; bath,3,⿰氵先,"{'type': 'pictophonetic', 'phonetic': '先', 'semantic': '氵', 'hint': 'water'}",氵,洗澡: Placed as a main verb in a sentence indicating the action of bathing.,我要洗澡。,I want to take a bath.,你洗澡了。,You had a bath.,我洗澡了。,I showered.
夏,xià,名,summer,3,⿳一自夂,{},夊,夏: Used as a noun to refer to summer in a sentence.,夏天来了。,Summer is coming.,我愛夏天。,I love summer.,夏天过去了。,The summer is over.
先,xiān,副,first,3,⿱⿰？土儿,"{'type': 'ideographic', 'hint': 'Someone stepping 止 in front of another person 儿'}",儿,先: Placed before verbs to indicate doing something first.,誰先來？,Whose go is it first?,你先請！,After you!,你領先。,You're in the lead.
香蕉,xiāng jiāo,名,banana,3,⿱禾日,"{'type': 'ideographic', 'hint': 'A herb 禾 with a sweet 甘 smell'}",香,"香蕉: As a noun, it functions as the subject or object in sentences.",我在吃香蕉。,I am eating a banana.,猫不吃香蕉。,Cats don't eat bananas.,我是个香蕉。,I am a banana.
相信,xiāng xìn,动,to believe,3,⿰木目,"{'type': 'ideographic', 'hint': 'To stare 目 at a tree 木, meaning to observe'}",目,相信: Placed after subject to express belief in something or someone.,相信我。,Trust me.,請相信我。,Please believe me.,你相信UFO吗？,Do you believe in UFOs?
像,xiàng,动,likeness; resemble; look as if,3,⿰亻象,"{'type': 'pictophonetic', 'phonetic': '象', 'semantic': '亻', 'hint': 'person'}",亻,像: Placed before a subject to compare or indicate resemblance.,像傻瓜一樣！,You're just like a fool!,忠告像鹽。,Advice is like salt.,她很像她媽。,She closely resembles her mother.
向,xiàng,介,towards,3,⿵？口,{},口,向: Placed before a direction or person to indicate towards or to.,向上！,Ascend!,向上去。,Ascend.,向右转。,Turn right.
小心,xiǎo xīn,形/动,take care,3,⿻亅八,"{'type': 'ideographic', 'hint': 'Dividing 八 by a line 亅'}",小,小心: Used before verbs to advise caution or care.,小心!,Be careful!,小心！,Be careful!,小心狗！,Beware of the dog!
校长,xiào zhǎng,名,head teacher; principal,3,⿰木交,"{'type': 'pictophonetic', 'phonetic': '交', 'semantic': '木', 'hint': 'wood'}",木,"校长: Noun referring to a school principal, used as a subject or object in sentences.",校长想跟你谈话。,The principal wants to talk to you.,我校校长很老了。,Our school's principal is very old.,校长向每个毕业生颁发了毕业证书。,The principal presented each of the graduates with diploma.
新闻,xīn wén,名,news,3,⿰亲斤,"{'type': 'ideographic', 'hint': 'A freshly chopped 斤 tree 亲'}",斤,新闻: Serves as a noun representing news in a sentence.,这是今天的新闻,That's today's newspaper.,新闻使她不安。,The news distressed her.,你听到新闻了吗？,Did you hear the news?
新鲜,xīn xiān,形,fresh,3,⿰亲斤,"{'type': 'ideographic', 'hint': 'A freshly chopped 斤 tree 亲'}",斤,新鲜: Placed after nouns as an adjective to describe freshness.,面包不新鲜。,The bread is not fresh.,这些都很新鲜。,These are fresh.,有什么新鲜事吗？,What's new?
信用卡,xìn yòng kǎ,名,credit card,3,⿰亻言,{},亻,信用卡: Used as a noun in sentences to refer to a credit card.,您接受信用卡嗎？,Do you accept credit card?,我的信用卡无效。,My credit card was invalid.,我在用信用卡付。,I'm paying by credit card.
行李箱,xíng li xiāng,名,trunk [luggage],3,⿰彳亍,"{'type': 'ideographic', 'hint': ""To take small steps 亍 with one's feet 彳""}",行,行李箱: Used as a noun referring to a suitcase or trunk for luggage.,我要他提行李箱。,I made him carry the suitcase.,您的行李箱有多重?,How heavy is your suitcase?,你能帮我拿这个行李箱吗？,Will you please help me carry this suitcase?
熊猫,xióng māo,名,panda,3,⿱能灬,"{'type': 'ideographic', 'hint': ""A bear's 能 footprints 灬""}",灬,熊猫: A noun representing the animal panda.,你是熊猫。,You are a panda.,熊猫很聪明。,Pandas are very clever.,熊猫是很美的动物。,Pandas are beautiful animals.
需要,xū yào,动,need,3,⿱雨而,"{'type': 'ideographic', 'hint': 'Rain 雨 needed for crops to grow'}",雨,需要: Placed before a noun or verb to indicate necessity.,不需要。,No need.,他需要降班.,He needs to be demoted.,需要准许。,A permit is required.
选择,xuǎn zé,动,choice,3,⿺辶先,"{'type': 'pictophonetic', 'phonetic': '先', 'semantic': '辶', 'hint': 'walk'}",辶,选择: Placed as a verb indicating the act of choosing.,选择。,Choose.,你有选择。,You do have choices.,这是你的选择。,It's your decision.
越,yuè,副,the more...the more….,3,⿺走戉,"{'type': 'pictophonetic', 'phonetic': '戉', 'semantic': '走', 'hint': 'run'}",走,"越: Placed before comparatives to indicate ""the more... the more..."" relationship.",越多越好。,"The more, the better.",禁止跨越。,No leaping over.,越快越好。,"The sooner, the better."
要求,yāo qiú,动/名,requirement,3,⿱覀女,"{'type': 'ideographic', 'hint': 'A woman 女 with hands on her waist 覀'}",覀,要求: Used as a verb to demand/request or as a noun for requirements.,他们要求加薪。,They asked for an increase of salary.,他的要求如下。,His request is as follows.,我要求她離去。,I demanded that she should go.
爷爷,yé ye,名,grandfather [father's father],3,⿱父卩,"{'type': 'pictophonetic', 'phonetic': '耶', 'semantic': '父', 'hint': 'father'}",父,爷爷: Noun referring to one's paternal grandfather.,你爷爷多大了？,How old is your grandfather?,爷爷买给我的！,Grandpa bought it for me!,我爷爷喜欢步行。,My grandfather likes to walk.
一般,yī bān,形,ordinary,3,,"{'type': 'ideographic', 'hint': 'Represents heaven (天), earth (旦), or the number 1'}",一,一般: Placed before adjectives or verbs to indicate usual circumstances.,你一般幾點睡覺？,What time do you usually go to bed?,您一般几点下班？,When do you usually get off work?,你一般几点下班？,When do you usually get off work?
一边,yī biān,副,on the one hand …,3,,"{'type': 'ideographic', 'hint': 'Represents heaven (天), earth (旦), or the number 1'}",一,一边: Placed before verbs to indicate doing one thing while another is happening.,一边站着。,Stand aside.,她把我拉到一边。,She pulled me aside.,他到另一边去了。,He went over to the other side.
一定,yī dìng,副/形,definitely,3,,"{'type': 'ideographic', 'hint': 'Represents heaven (天), earth (旦), or the number 1'}",一,一定: Placed before verbs to emphasize certainty or determination.,這一定是我。,It has to be me.,你一定很有钱。,You must be very rich.,一定要有蘋果。,Apples are necessary.
一共,yī gòng,副,altogether,3,,"{'type': 'ideographic', 'hint': 'Represents heaven (天), earth (旦), or the number 1'}",一,一共: Placed before a number to indicate a total amount.,一共要多少錢？,How much will it all cost?,你一共花了多少钱？,What is the total amount of money you spent?,一共有十多个学生。,There are about ten to twenty students in total.
一会儿,yī huì er,数量,a short while,3,,"{'type': 'ideographic', 'hint': 'Represents heaven (天), earth (旦), or the number 1'}",一,一会儿: Placed after verbs to indicate a short duration of time.,一会儿见！,See you soon!,我呆了一会儿。,I stayed for a while.,我出去一会儿。,I'm going out for a while.
一样,yī yàng,形,same; identical,3,,"{'type': 'ideographic', 'hint': 'Represents heaven (天), earth (旦), or the number 1'}",一,一样: Placed after nouns or phrases to indicate sameness.,反正一样。,Makes no difference anyway.,价钱都一样吗？,Are all the prices the same?,你象纸一样白.,You are as white as a sheet.
一直,yī zhí,副,straight on; always,3,,"{'type': 'ideographic', 'hint': 'Represents heaven (天), earth (旦), or the number 1'}",一,一直: Placed before a verb to indicate continuous action over time.,你一直忙。,You're always busy.,一直向前走！,Keep going straight ahead!,我一直聪明。,I've always been smart.
以前,yǐ qián,名,before,3,⿰？人,{},人,以前: Placed before verbs to indicate past actions or states relative to now.,多久以前？,How long ago was that?,以前比較好。,It was better in the old days.,他以前做過。,He has done it before.
音乐,yīn yuè,名,music,3,⿱立日,"{'type': 'ideographic', 'hint': 'A tongue 立 forming a sound in the mouth 日'}",音,"音乐: A noun representing music, used as a subject or object in sentences.",我爱音乐。,I love music.,音乐悦耳。,Music gratifies the ears.,我听音乐。,I listen to music.
银行,yín háng,名,bank,3,⿰钅艮,"{'type': 'pictophonetic', 'phonetic': '艮', 'semantic': '钅', 'hint': 'money'}",钅,银行: Serves as a noun representing a financial institution in sentences.,银行在哪里？,Where is the bank?,我不信任银行。,I don't trust banks.,银行今天关门。,The banks are closed today.
饮料,yǐn liào,名,drink,3,⿰饣欠,"{'type': 'pictophonetic', 'phonetic': '欠', 'semantic': '饣', 'hint': 'food'}",饣,"饮料: A noun referring to drinks, used as the subject or object in sentences.",汤姆手里拿着饮料。,Tom had a drink in his hand.,你最喜欢的饮料是什么？,What's your favorite beverage?,我不喜欢喝太甜的饮料。,I don't like drinks that are too sweet.
应该,yīng gāi,动,should,3,⿸广⿱⺍一,{},广,应该: Placed before a verb to express obligation or expectation.,我应该知道。,I should know that.,你应该付钱。,You should pay for it.,,
影响,yǐng xiǎng,动/名,influence; to affect,3,⿰景彡,"{'type': 'pictophonetic', 'phonetic': '景', 'semantic': '彡', 'hint': 'sunlight'}",彡,影响: Can function as a verb (to affect) or a noun (influence).,你的影响力是什么？,What are your influences?,这对他没有影响。,It has had no effect on him.,这对生意影响不好。,It's bad for business.
用,yòng,动,to use,3,⿵冂？,{},用,用: Placed before a noun to indicate using something.,請慢用！,Bon appétit!,請享用！,Enjoy!,有用嗎？,Did it help?
游戏,yóu xì,名,game,3,⿰氵斿,"{'type': 'ideographic', 'hint': 'To swim freely 斿 through the seas 氵'}",氵,游戏: Serves as a noun representing games in sentences.,我爱游戏。,I love video games.,游戏结束。,Game over.,我打游戏。,I play video games.
有名,yǒu míng,形,famous,3,⿸？月,"{'type': 'pictophonetic', 'phonetic': '月'}",月,有名: Placed after a noun to indicate it is famous.,我没有名字。,I have no name.,我的妹妹有名。,My sister is famous.,湯姆比你有名氣。,Tom is more famous than you.
又,yòu,副,again,3,,"{'type': 'pictographic', 'hint': 'A right hand, representing a pair; compare 左'}",又,又: Placed before verbs or nouns to indicate repetition or addition.,又来了！,It started again!,又是你。,It's you again.,又下雨了！,It's raining again!
遇到,yù dào,动,to meet,3,⿺辶禺,"{'type': 'pictophonetic', 'phonetic': '禺', 'semantic': '辶', 'hint': 'walk'}",辶,遇到: Placed after subject to indicate meeting someone or something.,你遇到麻煩了？,Are you troubled?,你遇到了我。,You bumped into me.,他遇到了麻煩。,He's troubled.
元,yuán,量,yuan [unit of Chinese currency]; dollar,3,⿱二儿,"{'type': 'pictographic', 'hint': 'A man 儿 with two lines emphasizing their head 二'}",儿,元: Placed after a number to denote currency amount.,只要十元！,It only costs $10.00!,元旦快樂！,Happy New Year!,50日元。,It's 50 yen.
愿意,yuàn yì,动,willing,3,⿸原心,"{'type': 'pictophonetic', 'phonetic': '原', 'semantic': '心', 'hint': 'heart'}",心,愿意: Placed after modal verbs to express willingness.,你愿意来吗？,Would you like to come?,我不愿意做。,I'd be opposed to doing that.,你愿意帮我吗？,Are you willing to help me?
月亮,yuè liang,名,moon,3,⿵冂二,"{'type': 'pictographic', 'hint': 'A crescent moon'}",月,月亮: A noun representing the moon in sentences.,昨晚月亮圓。,The moon was full last night.,今晚月亮很圆。,There's a full moon tonight.,太陽比月亮大。,The sun is larger than the moon.
站,zhàn,动,stand,3,⿰立占,"{'type': 'pictophonetic', 'phonetic': '占', 'semantic': '立', 'hint': 'stand'}",立,站: 动作动词，表示站立的动作。,站住！,Stop!,往后站！,Stand back!,回去站崗！,Back to your stations!
张,zhāng,量,"to open up; to spread; [measure word for table, picture, paper etc]",3,⿰弓长,"{'type': 'pictophonetic', 'phonetic': '长', 'semantic': '弓', 'hint': 'bow'}",弓,张: Used as a measure word for flat objects like tables and pictures.,你紧张吗？,Are you nervous?,别紧张。,Don't be nervous.,把嘴张开！,Open your mouth!
长,zhǎng,动,to grow,3,⿻？一,"{'type': 'ideographic', 'hint': 'Simplified form of 長; an old man with long hair and a cane'}",长,长: Placed after verbs to indicate growth or development.,铅笔长吗？,Is the pencil long?,那够长了。,That's long enough.,你长大了。,You've grown up.
着急,zháo jí,形,anxious,3,⿸羊目,{},目,着急: Used as an adjective to describe being anxious or worried.,我很着急。,I'm really worried.,她更着急了。,She grew even more worried.,别那么着急。,Don't be that worried.
照顾,zhào gu,动,to look after,3,⿱昭灬,"{'type': 'pictophonetic', 'phonetic': '昭', 'semantic': '灬', 'hint': 'fire'}",灬,照顾: Placed after subjects to indicate looking after someone or something.,照顾好他。,Look after them.,谁照顾孩子？,Who looks after the children?,我会照顾你。,I'll take care of you.
照片,zhào piàn,名,photograph,3,⿱昭灬,"{'type': 'pictophonetic', 'phonetic': '昭', 'semantic': '灬', 'hint': 'fire'}",灬,照片: Serves as a noun representing a photograph in sentences.,没照片。,No pictures.,那是我的照片嗎？,Is that a picture of me?,我有很多照片。,I have a lot of pictures.
照相机,zhào xiàng jī,名,camera,3,⿱昭灬,"{'type': 'pictophonetic', 'phonetic': '昭', 'semantic': '灬', 'hint': 'fire'}",灬,照相机: A noun representing a camera in sentences.,你有照相机吗？,Do you have a camera?,这是我的照相机。,This is my camera.,你在哪儿修的照相机？,Where did you get your camera repaired?
只,zhǐ,副,only,3,⿱口八,"{'type': 'ideographic', 'hint': 'Simple words 八 coming from the mouth 口'}",口,"只: Placed before nouns or verbs to indicate ""only"" or limit quantity.",只要十元！,It only costs $10.00!,几只苹果？,How many apples are there?,哦，一只蝴蝶！,"Oh, a butterfly!"
只有……才……,zhǐ yǒu ……cái,关联,only if…then...,3,⿱口八,"{'type': 'ideographic', 'hint': 'Simple words 八 coming from the mouth 口'}",口,只有……才……: Placed around clauses to express necessity or sufficiency.,zh,en,只有他来，我才去。,Only if he comes will I go.,只有努力学习，才能取得好成绩。,Only by studying hard can one achieve good grades.
中间,zhōng jiān,名,middle,3,⿻口丨,"{'type': 'ideographic', 'hint': 'A line 丨 through the center of a box 口'}",丨,中间: Placed between nouns to indicate something in the middle.,路中间有一辆卡车。,A truck was standing in the middle of the road.,老虎躺在笼子的中间。,The tiger laid in the middle of the cage.,你坐在Meg和我的中间。,You are sitting between Meg and me.
中文,zhōng wén,名,Chinese [written language],3,⿻口丨,"{'type': 'ideographic', 'hint': 'A line 丨 through the center of a box 口'}",丨,中文：表示中国的书面语言。,在學中文。,I am learning Chinese.,她写中文。,She writes Chinese.,我寫中文。,I write Chinese.
终于,zhōng yú,副,at last,3,⿰纟冬,"{'type': 'pictophonetic', 'phonetic': '冬', 'semantic': '纟', 'hint': 'thread'}",纟,终于: Placed before a verb to indicate that something happens after a long time or expectation.,终于！,Finally!,终于不下雨了。,At last it's stopped raining.,汤姆终于停了。,Tom finally stopped.
种,zhǒng,量,kind,3,⿰禾中,"{'type': 'pictophonetic', 'phonetic': '中', 'semantic': '禾', 'hint': 'grain'}",禾,种: Placed after a noun to quantify kinds or types.,你妈杂种!,You fucking bastard!,你会几种语言？,How many languages do you know?,他会几种外语？,How many foreign languages can you speak?
重要,zhòng yào,形,important,3,⿻千里,"{'type': 'ideographic', 'hint': 'A burden carried for a thousand 千 miles 里'}",里,重要: Placed after nouns to describe importance.,这不重要。,This is not important.,对她很重要。,It's important to her.,這非常重要。,This is very important.
周末,zhōu mò,名,weekend,3,⿵冂⿱土口,"{'type': 'ideographic', 'hint': 'Border 冂 around land 土 with a well 口'}",口,周末: Indicates weekend as a noun in sentences.,周末愉快！,Have a nice weekend!,周末愉快。,Have a good weekend!,她周末病倒了。,She got sick this weekend.
主要,zhǔ yào,形,mainly,3,⿱丶王,"{'type': 'pictographic', 'hint': 'A lamp 王 with a flame 丶'}",丶,主要: Placed before nouns to indicate primary importance.,我早饭主要吃水果。,I mostly have fruit for breakfast.,他主要是心理的問題。,His trouble was chiefly mental.,主要問題是什麼時候開始。,When to start is the main problem.
注意,zhù yì,动,take note of,3,⿰氵主,"{'type': 'pictophonetic', 'phonetic': '主', 'semantic': '氵', 'hint': 'water'}",氵,注意: Placed before a noun or verb to indicate paying attention to something.,注意！,Heads up!,注意。,Caution.,请注意！,Pay attention!
自己,zì jǐ,代,self; oneself,3,⿻目？,"{'type': 'pictographic', 'hint': 'A nose; in China, people refer to themselves by pointing to their noses'}",自,自己: Used as a pronoun to refer to oneself in sentences.,自己做！,Do it yourself!,忠於自己。,Be true to yourself.,控制住自己！,Control yourself!
自行车,zì xíng chē,名,bicycle,3,⿻目？,"{'type': 'pictographic', 'hint': 'A nose; in China, people refer to themselves by pointing to their noses'}",自,自行车: Serves as a noun representing a bicycle in sentences.,汤姆在骑自行车。,Tom is riding a bicycle.,那自行车是我的。,That bicycle is mine.,车取代了自行车。,Cars took the place of bicycles.
总是,zǒng shì,副,always,3,⿳丷口心,"{'type': 'ideographic', 'hint': 'Many mouths 口 speaking with one mind 心'}",心,总是: Placed before a verb to indicate always doing something.,她总是很忙。,She is always very busy.,他总是很忙。,He's always so busy.,我总是有事。,I'm busy all the time.
嘴,zuǐ,名,mouth,3,⿰口觜,"{'type': 'pictophonetic', 'phonetic': '觜', 'semantic': '口', 'hint': 'mouth'}",口,嘴: A noun placed in sentences to refer to the physical mouth or metaphorically for speaking.,閉嘴！,Shut up!,闭嘴。,Shut up.,鷹嘴豆泥,Hummus?
最后,zuì hòu,名,lastly,3,⿱日取,"{'type': 'ideographic', 'hint': 'To take place 取 under the sun 日 (that is, everywhere)'}",曰,最后: Placed at the end of a sentence to indicate finally or lastly.,最后她没有来。,After all she did not come.,最后我还是习惯了。,I eventually got used to it.,你没必要待到最后。,You don't have to wait until the end.
最近,zuì jìn,名,recently,3,⿱日取,"{'type': 'ideographic', 'hint': 'To take place 取 under the sun 日 (that is, everywhere)'}",曰,最近: Placed at the beginning or within a sentence to indicate recent time frame.,最近咋样？,How've ya' been lately?,最近还好么？,You've been well lately?,最近怎么样？,How have you been recently?
作业,zuò yè,名,homework,3,⿰亻乍,"{'type': 'ideographic', 'hint': 'A person 亻 making something for the first time 乍; 乍 also provides the pronunciation'}",亻,作业: Serves as a noun representing homework in sentences.,没写作业。,I didn't do the homework.,做你的作业。,Do your homework.,我们做了作业。,We did our homework.
爱情,ài qíng,名,romantic love,4,⿱⿱爫冖友,"{'type': 'ideographic', 'hint': ""To bring a friend 友 into one's house 冖""}",爫,爱情: A noun representing romantic love in a sentence.,给爱情开门！,Open the door for love.,我相信爱情。,I believe in love.,爱情是盲目的。,Love is blind.
安排,ān pái,动,to arrange; plan,4,⿱宀女,"{'type': 'ideographic', 'hint': 'A woman 女 safe in a house 宀'}",宀,安排: Placed as a verb to indicate planning or arranging something.,已經安排好了。,Arrangements have already been made.,下週日有什麼安排？,What are you doing next Sunday?,聖誕節假有什麼安排？,What are you doing over Christmas break?
安全,ān quán,形,safe; security,4,⿱宀女,"{'type': 'ideographic', 'hint': 'A woman 女 safe in a house 宀'}",宀,安全: Used as an adjective before nouns to describe safety or security.,这不安全。,This is not safe.,有安全問題嗎？,Is there a security problem?,這裏很安全的！,This place is really safe!
按时,àn shí,副,on time,4,⿰扌安,"{'type': 'pictophonetic', 'phonetic': '安', 'semantic': '扌', 'hint': 'hand'}",扌,按时: Placed before verbs to indicate doing something on time.,我按时到了学校。,I arrived at school on time.,她会尽量按时赶来的。,She will do her best to be here on time.,有时候火车没能按时到达。,At times the train doesn't arrive on time.
按照,àn zhào,介,according to,4,⿰扌安,"{'type': 'pictophonetic', 'phonetic': '安', 'semantic': '扌', 'hint': 'hand'}",扌,按照: Placed before nouns or phrases indicating method or basis.,他按照我的建议行事。,He acts according to my advice.,他严格按照原则办事。,He is a stickler for principles.,他按照字面上的意思。,He took it literally.
百分之,bǎi fēn zhī,,percent,4,⿱一白,"{'type': 'pictophonetic', 'phonetic': '白', 'semantic': '一', 'hint': 'one'}",白,百分之: Placed before a number to indicate percent.,我百分之百赞成。,I'm all for it.,我百分之百同意Tom。,I agree with Tom a hundred percent.,我百分之百相信你。,I have absolute faith in you.
棒,bàng,形,stick; staff; excellent,4,⿰木奉,"{'type': 'pictophonetic', 'phonetic': '奉', 'semantic': '木', 'hint': 'wood'}",木,棒: Used as an adjective meaning excellent or great.,很棒！,Terrific!,好棒！,Fantastic!,太棒了,Awesome.
包子,bāo zi,名,bao zi [steamed stuffed bun],4,⿹勹巳,"{'type': 'ideographic', 'hint': 'To swaddle 勹 a baby 巳; 勹 also provides the pronunciation'}",勹,包子: A noun representing a steamed stuffed bun.,大學時期，買零食很便宜。我常常會吃個咖哩牛肉包子或一個大肉桂捲，再喝杯茶。,"During my university days, it was cheap then to buy a snack. I would munch on a curried beef bun or a big cinnamon roll and drink a cup of tea.",,,,
保护,bǎo hù,动,protection; to protect,4,⿰亻呆,"{'type': 'pictophonetic', 'phonetic': '呆', 'semantic': '亻', 'hint': 'person'}",亻,保护: Placed as a verb to indicate the action of protecting something or someone.,Tom需要保护。,Tom needs protection.,他试图保护她。,He tried to defend her.,你没有保护我。,You didn't protect me.
保证,bǎo zhèng,动,guarantee,4,⿰亻呆,"{'type': 'pictophonetic', 'phonetic': '呆', 'semantic': '亻', 'hint': 'person'}",亻,保证: Placed as a verb to promise or ensure something.,你保证？,You promise?,我和你保证。,I gave you my word.,我向你保证。,I give you my word.
抱,bào,动,to hold,4,⿰扌包,"{'type': 'ideographic', 'hint': ""To wrap 包 in one's arms 扌; 包 also provides the pronunciation""}",扌,抱: Placed as a verb indicating action of holding something or someone.,抱歉...,Sorry...,抱歉！,I'm sorry!,抱歉？,Excuse me?!
报名,bào míng,动,sign up,4,⿰扌⿸卩又,"{'type': 'ideographic', 'hint': 'A hand 扌 cuffing 又 a criminal 卩, representing sentencing'}",扌,报名: Placed after verbs to indicate signing up for something.,比尔报名考试了。,Bill signed up for the exam.,我怎样报名参加呢？,How do I sign up?,您需要带两张本人的白底报名照。,You will need to bring two passport-sized photos of yourself taken with a white background.
抱歉,bào qiàn,形,apologise,4,⿰扌包,"{'type': 'ideographic', 'hint': ""To wrap 包 in one's arms 扌; 包 also provides the pronunciation""}",扌,抱歉: Used at the beginning of a sentence to express apology.,抱歉...,Sorry...,抱歉！,I'm sorry!,抱歉？,Excuse me?!
倍,bèi,量,times; double; twice as much,4,⿰亻咅,{},亻,倍: Placed after a number to indicate multiplication or increase.,價值翻倍了。,The value doubled.,他大我一倍。,He is twice as old as I am.,你比我重十倍。,You're ten times heavier than I am.
本来,běn lái,副,originally,4,⿻木一,"{'type': 'ideographic', 'hint': 'A tree 木 with its roots highlighted'}",木,本来: Placed before verbs to indicate original intention or state.,我本来什么也不知道啊！,"Originally, I knew nothing about it at all!",她本来没必要付钱的。,She needn't have paid the money.,我这个下午本来想去逛街。,I had intended to go shopping this afternoon.
笨,bèn,形,stupid,4,⿱⺮本,"{'type': 'pictophonetic', 'phonetic': '本', 'semantic': '⺮', 'hint': 'bamboo'}",⺮,笨: Placed after a subject to describe someone as stupid.,笨蛋！,Idiot!,你很笨。,You are stupid.,他比妳笨。,He's dumber than you.
比如,bǐ rú,动,for example; for instance; such as,4,⿰匕匕,"{'type': 'ideographic', 'hint': 'Two spoons 匕 side-by-side; 匕 also provides the pronunciation'}",比,比如: Placed at the beginning of a clause to introduce examples.,我喜欢花，比如说，玫瑰。,"I like flowers, such as roses.","爬树的动物, 比如猫, 长有爪子。","Animals that climb trees, like cats, have claws.",比如说，我要到市中心，有什么车子可以坐吗？,"For example, if I want to get downtown what bus should I take?"
毕业,bì yè,动,graduate,4,⿱比十,"{'type': 'pictophonetic', 'phonetic': '比', 'semantic': '十', 'hint': 'complete'}",比,毕业: Placed after verbs to indicate completing studies or a degree program.,汤姆将提前毕业。,Tom will be graduating early.,我毕业快两年了。,It's been almost two years since I graduated.,汤姆将在10月毕业。,Tom will graduate in October.
遍,biàn,量,time [when doing something repeatedly],4,⿺辶扁,"{'type': 'pictophonetic', 'phonetic': '扁', 'semantic': '辶', 'hint': 'walk'}",辶,遍: Placed after a verb to indicate repetition over a period.,请再说一遍!,Please say that again!,再读一遍。,Read it once more.,再做一遍。,Do it again.
标准,biāo zhǔn,名/形,standard; standardised,4,⿰木示,"{'type': 'pictophonetic', 'phonetic': '票', 'semantic': '木', 'hint': 'wood'}",木,标准: Used as a noun or adjective to describe standards or standardization.,我想学标准的英语。,I want to learn standard English.,我们尝试达到标准。,We tried to come up to the standard.,标准汉语又称普通话。,Standard Chinese is also called Mandarin.
表格,biǎo gé,名,form; table,4,⿱毛衣,"{'type': 'ideographic', 'hint': 'Fur 毛 clothing 衣; a shawl or wrap'}",衣,表格: Used as a noun to refer to a form or table in a sentence.,请填好这张表格。,"Fill out this form, please.",请填写这份表格。,Please fill out this form.,請幫我填這張表格。,Please help me fill out this form.
表示,biǎo shì,动,express; indicate,4,⿱毛衣,"{'type': 'ideographic', 'hint': 'Fur 毛 clothing 衣; a shawl or wrap'}",衣,表示: Placed after verbs to show how actions are carried out or expressed.,13% 表示反對。,Thirteen percent were opposed.,那就表示有問題...,Then there is a problem...,他表示他非常高興。,He said he was very happy.
表演,biǎo yǎn,动,performance,4,⿱毛衣,"{'type': 'ideographic', 'hint': 'Fur 毛 clothing 衣; a shawl or wrap'}",衣,表演: 动词，表示进行某种演出或展示。,她表演得真好。,Her performance is really good.,下一場表演在幾點鐘？,What time is the next performance?,我们为表演者鼓掌。,We gave the performer a round of applause.
表扬,biǎo yáng,动,to praise,4,⿱毛衣,"{'type': 'ideographic', 'hint': 'Fur 毛 clothing 衣; a shawl or wrap'}",衣,表扬: Placed after subject to indicate praising someone.,即使在受到表扬的时候，谦虚也是很重要的。,"Even when one is being praised, modesty is important.",,,,
饼干,bǐng gān,名,cookie; biscuit,4,⿰饣并,"{'type': 'pictophonetic', 'phonetic': '并', 'semantic': '饣', 'hint': 'food'}",饣,饼干: A noun representing cookies or biscuits in a sentence.,谁吃了全部饼干？,Who has eaten all the cookies?,饼干都是纯素的。,The cookies are vegan.,她打开了一包饼干。,She opened a packet of biscuits.
并且,bìng qiě,连,and,4,⿱丷开,"{'type': 'ideographic', 'hint': 'Simplified form of 並; two men standing side-by-side'}",干,并且: Placed between clauses to mean 'and' or 'also'.,我很惊讶，并且感到难过。,I was surprised and became sad.,我一直这么认为并且坚持。,I've always believed in and insisted on this.,Mary霸占了她的包包并且离开了。,Mary grabbed her purse and left.
博士,bó shì,名,doctor,4,⿰十尃,"{'type': 'pictophonetic', 'phonetic': '尃', 'semantic': '十', 'hint': 'ten'}",十,博士: Used as a noun to refer to a doctoral degree holder.,她取得了博士學位。,She received a doctor's degree.,我正在在波士顿读博士。,I'm in Boston going for my Ph.D. right now.,预定在一点半与博士见面。,I planned to meet the professor at 1:30.
不过,bú guò,连,however,4,⿱一？,"{'type': 'ideographic', 'hint': 'A bird flying toward the sky 一'}",一,不过: Placed at the beginning of a clause to introduce a contrast.,再糟糕不过了。,That couldn't have gone any worse.,他不过是个孩子。,He is but a child.,他喘不过气来了。,He was out of breath.
不得不,bù dé bù,,to have to,4,⿱一？,"{'type': 'ideographic', 'hint': 'A bird flying toward the sky 一'}",一,不得不: Placed after a verb to indicate necessity due to circumstances.,她不得不哭。,She could not refrain from tears.,我们也不得不做,"We'll have to do that, too.",他们不得不后撤。,They had no alternative but to retreat.
部分,bù fen,名,part; section; portion,4,⿰咅阝,"{'type': 'pictophonetic', 'phonetic': '咅', 'semantic': '阝', 'hint': 'place'}",阝,部分: Placed before nouns to indicate a part or portion of something.,这部分是容易的,That part was easy.,你對了一部分。,You're partially correct.,翻译划线部分。,Translate the underlined part.
不管,bù guǎn,连,regardless of; no matter (what/how),4,⿱一？,"{'type': 'ideographic', 'hint': 'A bird flying toward the sky 一'}",一,不管: Placed before nouns or clauses to express disregard or indifference.,不管它。,Skip it.,我完全不管。,I don't give a rat's ass.,我不管你在哪。,I don't care where you are.
不仅,bù jǐn,连,not only [this one],4,⿱一？,"{'type': 'ideographic', 'hint': 'A bird flying toward the sky 一'}",一,不仅: Placed before a clause to mean 'not only'.,她不仅友好还诚实。,"She is not only kind, but also honest.",Bob不仅会弹吉他还会吹笛。,Bob plays not only the guitar but also the flute.,他不仅社会学毕业，还有哲学。,"He not only graduated from studying sociology, but also philosophy."
擦,cā,动,rub,4,⿰扌察,"{'type': 'pictophonetic', 'phonetic': '察', 'semantic': '扌', 'hint': 'hand'}",扌,擦: Placed after subject to indicate rubbing action.,汤姆擦了地板。,Tom mopped the floor.,擦擦你的眼睛。,Wipe your eyes.,這污點擦不掉。,This blot can't be wiped out.
猜,cāi,动,guess,4,⿰犭青,"{'type': 'pictophonetic', 'phonetic': '青', 'semantic': '犭', 'hint': 'dog'}",犭,猜: Placed as a verb to express guessing or conjecturing about something.,猜猜看！,Guess!,来猜拳吧！,Let's play rock-paper-scissors!,只是瞎猜的。,That was just a wild guess.
材料,cái liào,名,material,4,⿰木才,"{'type': 'pictophonetic', 'phonetic': '才', 'semantic': '木', 'hint': 'wood'}",木,材料: Placed after quantifiers in sentences indicating quantity of materials.,材料损坏了。,This material is ruined.,材料将被提供。,Materials will be provided.,日本缺乏原材料。,Japan is lacking in raw materials.
参观,cān guān,动,to visit (a place; a museum; etc.),4,⿱⿱厶大彡,"{'type': 'pictophonetic', 'phonetic': '彡'}",厶,参观: Placed before a location noun to indicate visiting it.,您参观过东京塔吗？,Did you visit the Tokyo Tower?,她的梦想是参观巴黎。,Her dream is to visit Paris.,,
餐厅,cān tīng,名,canteen,4,⿱⿰歺又食,"{'type': 'pictophonetic', 'semantic': '食', 'hint': 'food'}",食,餐厅: Serves as a noun indicating a dining establishment in a sentence.,餐厅在哪里？,Where's the dining room?,自助餐厅在哪里？,Where is the buffet restaurant?,我们要去日式餐厅！,We're going to a Japanese restaurant!
厕所,cè suǒ,名,toilets; lavatory,4,⿸厂则,"{'type': 'pictophonetic', 'phonetic': '则', 'semantic': '厂', 'hint': 'building'}",厂,厕所: Used as a noun indicating a place for toilet facilities.,厕所在哪？,Where's the bog?,我在厕所。,I'm in the toilet.,你是个厕所！,You are a toilet!
差不多,chà bu duō,副/形,almost,4,⿸羊工,"{'type': 'ideographic', 'hint': 'Work 工 done by a sheep 羊; incompetence'}",工,"差不多: Used before verbs or sentences to mean ""almost"" or ""more or less"".",差不多六点了。,It's almost six o'clock.,差不多该回去了。,It's getting to be time for me to head back.,差不多该开始了。,It's about time to start.
长城,Cháng chéng,名,The Great Wall,4,⿻？一,"{'type': 'ideographic', 'hint': 'Simplified form of 長; an old man with long hair and a cane'}",长,"长城: As a noun, it names the historical structure without grammatical function indicators.",我男朋友还没有去过长城。,My boyfriend still hasn't been to the Great Wall.,中国与蒙古隔着万里长城。,China and Mongolia are separated by the Great Wall of China.,,
长江,Cháng jiāng,名,Yangtze River,4,⿻？一,"{'type': 'ideographic', 'hint': 'Simplified form of 長; an old man with long hair and a cane'}",长,"长江: As a proper noun, it names the Yangtze River in sentences.",长江是亚洲的最长江，6380公里。,"The Yangtze, at 6,380 km, is Asia's longest river.",,,,
场,chǎng,量,"[a level open space (eg. a threshing ground, market, sports field, square etc)]",4,⿰土勿,"{'type': 'pictophonetic', 'phonetic': '昜', 'semantic': '土', 'hint': 'earth'}",土,场: Placed after nouns to quantify open spaces or events.,农场！,The farm!,,,,
超过,chāo guò,动,exceed,4,⿺走召,"{'type': 'pictophonetic', 'phonetic': '召', 'semantic': '走', 'hint': 'run'}",走,超过: Placed before a number or phrase to indicate exceeding it.,他超过80公斤重。,He weighs more than 80 kilograms.,我的书不超过十本。,I have not more than ten books.,她肯定超过80岁了。,She must be over eighty.
成功,chéng gōng,动/形,success; successful,4,⿰丁戈,{},戈,成功: Can function as a noun indicating success or as an adjective meaning successful.,祝你成功！,May you succeed!,她成功了。,She was successful.,祝你成功。,I wish you success.
诚实,chéng shí,形,honest,4,⿰讠成,"{'type': 'pictophonetic', 'phonetic': '成', 'semantic': '讠', 'hint': 'speech'}",讠,诚实: Used as an adjective to describe honesty in subjects.,我不觉得他诚实。,I don't think that he's honest.,她不仅友好还诚实。,"She is not only kind, but also honest.",我不觉得他很诚实。,I don't think he is truthful.
成为,chéng wéi,动,become,4,⿰丁戈,{},戈,成为: Placed after a subject to indicate transformation into a state or role.,你想成为什么？,What do you want to be?,您想成为什么？,What do you want to be?,我想成为记者。,I want to be a journalist.
乘坐,chéng zuò,动,to ride (in a vehicle),4,⿻禾北,"{'type': 'ideographic', 'hint': 'Two feet 北 climbing a beanstalk 禾'}",丿,乘坐: Placed before a vehicle noun to indicate riding in it.,我从来没乘坐船。,I've never been on a ship.,我喜歡乘坐火車。,I like to ride on trains.,在9号站台乘坐快车。,Take the express train from platform 9.
吃惊,chī jīng,动,to be startled,4,⿰口乞,"{'type': 'pictophonetic', 'phonetic': '乞', 'semantic': '口', 'hint': 'mouth'}",口,吃惊: Placed as a verb in a sentence to express being startled.,汤姆吃惊吗？,Was Tom surprised?,你看起来很吃惊。,You look surprised.,所有人都很吃惊。,Everyone was surprised.
重新,chóng xīn,副,again,4,⿻千里,"{'type': 'ideographic', 'hint': 'A burden carried for a thousand 千 miles 里'}",里,重新: Placed before verbs to indicate doing something again.,重新告訴我。,Tell me again.,重新來過吧。,Start over.,把电脑重新启动,Reboot the computer.
抽烟,chōu yān,动,to smoke,4,⿰扌由,"{'type': 'pictophonetic', 'phonetic': '由', 'semantic': '扌', 'hint': 'hand'}",扌,抽烟: 动词，表示吸烟的行为。,请抽烟!,Please smoke!,你抽不抽烟？,Do you smoke?,我不抽烟。,I don't smoke.
出差,chū chāi,动,go on business trip,4,⿱屮凵,"{'type': 'ideographic', 'hint': 'A sprout 屮 growing out of a container 凵'}",凵,出差: Indicates going on a business trip as a single verb phrase.,我來出差。,I came on business.,你来这里出差的？,Are you here on business?,我在這裡出差。,I am here on business.
出发,chū fā,动,set off; depart,4,⿱屮凵,"{'type': 'ideographic', 'hint': 'A sprout 屮 growing out of a container 凵'}",凵,出发: Placed after verbs to indicate setting off from a place.,列车已经出发。,The train has already left.,我们后天出发。,We're leaving the day after tomorrow.,火车6点出发。,The train leaves at 6 o'clock.
出生,chū shēng,动,birth; to be born,4,⿱屮凵,"{'type': 'ideographic', 'hint': 'A sprout 屮 growing out of a container 凵'}",凵,出生: Placed after subjects to indicate when or where one was born.,您於何時出生？,When were you born?,她去年出生。,She was born last year.,她幾點出生的？,At what hour was she born?
出现,chū xiàn,动,emerge,4,⿱屮凵,"{'type': 'ideographic', 'hint': 'A sprout 屮 growing out of a container 凵'}",凵,出现: Placed after verbs to indicate emergence or appearance of something.,烟雾出现了。,Smoke appeared.,他终于出现了。,He appeared at last.,出现了新困难。,A new difficulty has arisen.
厨房,chú fáng,名,kitchen,4,⿸厂⿰豆寸,"{'type': 'pictophonetic', 'phonetic': '豆', 'semantic': '厂', 'hint': 'building'}",厂,厨房: Placed in a sentence as a noun indicating the location of kitchen-related activities.,厨房在哪?,Where's the kitchen?,他在厨房。,He is in the kitchen.,她在厨房。,She's in the kitchen.
传真,chuán zhēn,名,fax,4,⿰亻专,"{'type': 'pictophonetic', 'phonetic': '专', 'semantic': '亻', 'hint': 'people'}",亻,传真: Used as a noun referring to a fax machine or the act of sending a fax.,请把它传真给我。,Please send it to me by fax.,我不知道如何传真。,I have no idea of how to send a fax.,您能把地图传真给我吗？,Could you send me a map by facsimile?
窗户,chuāng hu,名,window,4,⿱穴囱,"{'type': 'pictophonetic', 'phonetic': '囱', 'semantic': '穴', 'hint': 'hole'}",穴,窗户: A noun representing a window in a sentence.,关上窗户！,Close the window.,窗户 打开 了。,The window opened.,别忘记关窗户。,Remember to shut the windows.
词语,cí yǔ,名,words and expressions,4,⿰讠司,"{'type': 'pictophonetic', 'phonetic': '司', 'semantic': '讠', 'hint': 'words'}",讠,词语: A noun referring to words and expressions in language study.,“旗袍”这个词语在中国北方广为使用。,"The term ""qipao"" is widely used in Northern China.",用疑问代词表任指格式改写下面的句子，根据需要可以增加或者减少一些词语。,"Use interrogative pronouns to rewrite the sentences below; if you need to, you can add or remove a few words.",,
从来,cóng lái,副,always,4,⿰人人,"{'type': 'ideographic', 'hint': 'One person 人 following another'}",人,从来: Placed before verbs to indicate something has always been true or never happened.,你从来吮了阴茎吗？,Have you ever sucked a penis?,我从来没乘坐船。,I've never been on a ship.,你从来没有快乐过。,You've never been happy.
粗心,cū xīn,形,careless,4,⿰米且,"{'type': 'pictophonetic', 'phonetic': '且', 'semantic': '米', 'hint': 'grain'}",米,粗心: Placed after verbs to describe being careless in actions or behavior.,别这么粗心！,Don't be so careless!,火生于粗心。,The fire originated from carelessness.,他責備了我的粗心大意。,He reproached me for carelessness.
存,cún,动,store; keep; survive,4,⿸才子,"{'type': 'pictophonetic', 'phonetic': '才', 'semantic': '子', 'hint': 'seed'}",子,存: Placed as a verb to indicate storing or keeping something.,存在嗎？,Does it exist?,立即儲存！,Save now!,現在儲存！,Save now!
错误,cuò wù,名/形,error; mistake,4,⿰钅昔,"{'type': 'ideographic', 'hint': 'Gold 钅 that once was 昔 but is lost'}",钅,错误: Used as a noun or predicate to denote an error or mistake.,错误！,Wrong!,没有错误。,There's no mistake.,这不算犯错误。,That doesn’t count as making a mistake.
答案,dá àn,名,answer,4,⿱⺮合,{},⺮,答案: Serves as a noun representing the answer in a sentence.,那就是答案。,That's the answer.,湯姆知道答案。,Tom knew the answer.,你知道答案嗎?,Do you know the answer?
打扮,dǎ ban,动,to decorate,4,⿰扌丁,"{'type': 'pictophonetic', 'phonetic': '丁', 'semantic': '扌', 'hint': 'hand'}",扌,打扮: 动词，意为装扮或装饰自己。,湯姆打扮成吸血鬼。,Tom is dressed as a vampire.,玛丽打扮成一个女巫。,Mary dressed up as a witch.,他打扮得像女人一樣。,He disguised himself as a woman.
打扰,dǎ rǎo,动,disturb,4,⿰扌丁,"{'type': 'pictophonetic', 'phonetic': '丁', 'semantic': '扌', 'hint': 'hand'}",扌,打扰: Placed after verbs to indicate causing disturbance.,打扰了。,I'm disturbing you.,我打扰到你吗？,Am I disturbing you?,别去打扰她。,Let's leave her alone.
打印,dǎ yìn,动,print,4,⿰扌丁,"{'type': 'pictophonetic', 'phonetic': '丁', 'semantic': '扌', 'hint': 'hand'}",扌,打印: Used as a verb to express the action of printing something.,你有打印機嗎？,Do you have a printer?,我昨天买了这个打印机。,I bought this printer yesterday.,汤姆买了一台新的多功能打印机。,Tom bought a new multifunction printer.
打招呼,dǎ zhāo hu,,greet somebody,4,⿰扌丁,"{'type': 'pictophonetic', 'phonetic': '丁', 'semantic': '扌', 'hint': 'hand'}",扌,打招呼: Used as a verb to greet someone.,每次见面都打招呼。,Greet someone every time you meet them.,她揮著手向他打招呼。,She greeted him waving her hand.,那女孩跟我微笑打招呼。,That girl smiled and waved to me.
打折,dǎ zhé,动,to give a discount,4,⿰扌丁,"{'type': 'pictophonetic', 'phonetic': '丁', 'semantic': '扌', 'hint': 'hand'}",扌,打折: Placed after a verb to indicate giving a discount on prices.,能不能给我打折？,Can you give me a discount?,价钱可以打折吗？,Can the price be discounted?,你能不能给我打折？,Can you give me a discount?
打针,dǎ zhēn,动,give/have an injection,4,⿰扌丁,"{'type': 'pictophonetic', 'phonetic': '丁', 'semantic': '扌', 'hint': 'hand'}",扌,打针: 动词，表示接受注射的行为。,打针,Having an injection,1. 妈妈带孩子去医院打针。,Mom takes the child to the hospital to get an injection.,2. 今天我需要去诊所打针。,Today I need to go to the clinic for an injection.
大概,dà gài,副,probably; maybe,4,⿻一人,"{'type': 'ideographic', 'hint': 'A man 人 with outstretched arms'}",大,大概: Placed before verbs to express uncertainty or approximation.,我大概懂了。,I sort of understand.,我想他大概60岁,I think he's about 60 years old.,大概三平方英里。,It's about three square miles.
大使馆,dà shǐ guǎn,名,embassy,4,⿻一人,"{'type': 'ideographic', 'hint': 'A man 人 with outstretched arms'}",大,大使馆: Placed in sentences to denote the physical location of an embassy.,俄罗斯大使馆在哪儿？,Where is the Russian embassy?,他有权出入美国大使馆。,He has access to the American Embassy.,大使馆就在最高法院旁边。,The embassy is located next to the Supreme Court.
大约,dà yuē,形/副,approximately; around; about,4,⿻一人,"{'type': 'ideographic', 'hint': 'A man 人 with outstretched arms'}",大,大约: Placed before numbers or verbs to indicate approximation.,大约。,Probably.,大约两周内。,In about two weeks.,大约 30 个人被逮捕。,Approximately 30 people were arrested.
戴,dài,动,to wear (accessories),4,⿻⿱十異戈,{},戈,戴: Placed before objects to indicate wearing accessories.,我戴手錶。,I wear a watch.,把眼鏡戴上!,Put your glasses on.,他戴眼鏡。,He wears glasses.
大夫,dài fu,名,doctor,4,⿻一人,"{'type': 'ideographic', 'hint': 'A man 人 with outstretched arms'}",大,大夫: Used as a noun to refer to a doctor.,我父亲是个大夫。,My father is a doctor.,她以为我是大夫。,She thought that I was a doctor.,,
当,dāng,介,work as,4,⿱⺌彐,{},⺌,当: Placed before a verb to indicate functioning in a role.,当心！,Look out!,当然哪！,Definitely!,当然。,Of course.
当时,dāng shí,名,at that time,4,⿱⺌彐,{},⺌,当时: Placed at the beginning of a sentence to indicate time.,您当时在忙吗？,Were you busy?,当时只有三人。,There was only three people at that time.,汤姆当时在哭。,Tom was crying.
刀,dāo,名,knife,4,⿹？丿,{},刀,刀: Used as a noun representing a knife in a sentence.,把刀放下！,Drop the knife!,你有刀吗？,Do you have a knife?,石头剪刀布！,"Rock-paper-scissors, shoot!"
导游,dǎo yóu,名,lead a site-seeing tour,4,⿱巳寸,"{'type': 'ideographic', 'hint': 'A hand 寸 pointing the way to someplace 巳'}",寸,导游: Serves as a noun referring to a tour guide leading sightseeing tours.,我在东京做导游。,I'm a tour guide in Tokyo.,我为你充当导游。,I'll act as a guide for you.,这本导游册子或许会对你的旅行有帮助。,This guidebook might be of use to you on your trip.
倒,dào,动,to reverse; turn upside down; to pour,4,⿰亻到,"{'type': 'pictophonetic', 'phonetic': '到', 'semantic': '亻', 'hint': 'person'}",亻,倒: Placed after verbs to indicate reversing or pouring actions.,他砍倒樹。,He felled the tree.,我怕摔倒。,I'm afraid to fall.,这倒也没错。,That's not entirely wrong.
到处,dào chù,副,everywhere,4,⿰至刂,"{'type': 'pictophonetic', 'phonetic': '刂', 'semantic': '至', 'hint': 'arrive'}",刂,到处: Used before verbs to indicate actions happening everywhere.,到处都是血。,Blood was everywhere.,真的到处都有吗？,Is it really everywhere?,真的到处都是吗？,Is it really everywhere?
到底,dào dǐ,副,in the end,4,⿰至刂,"{'type': 'pictophonetic', 'phonetic': '刂', 'semantic': '至', 'hint': 'arrive'}",刂,到底: Placed before verbs to emphasize ultimate result or conclusion.,坚持到底！,Stiff upper lip!,你到底是谁？,"Who are you, anyway?",到底怎么了？,What on earth is the matter?
道歉,dào qiàn,动,apology,4,⿺辶首,"{'type': 'pictophonetic', 'phonetic': '首', 'semantic': '辶', 'hint': 'walk'}",辶,道歉: Used as a verb to express歉意or make an apology.,道歉。,Apologize.,向他道歉。,Apologize to him.,您無需道歉。,You don't need to apologise.
得,de,助动,feel,4,⿰彳⿱旦寸,"{'type': 'ideographic', 'hint': 'A hand 寸 grabbing a shell 旦'}",彳,得: Placed after a verb to indicate degree or manner of action.,要得。,It is feasible.,做得好！,Well done!,想得好!,Good thinking!
得意,dé yì,形,proud of oneself,4,⿰彳⿱旦寸,"{'type': 'ideographic', 'hint': 'A hand 寸 grabbing a shell 旦'}",彳,得意: Placed after verbs to express pride in doing something.,凡人皆有得意时。,Every dog has his day.,最後笑的人，才是笑得最得意的人。,He laughs best who laughs last.,,
登机牌,dēng jī pái,名,boarding pass,4,⿱癶豆,"{'type': 'pictophonetic', 'phonetic': '豆', 'semantic': '癶', 'hint': 'legs'}",癶,登机牌: A noun representing the boarding pass for air travel.,登机牌,boarding pass,---,---,我需要在机场取登机牌。,I need to get my boarding pass at the airport.
等,děng,助,etc.,4,⿱⺮寺,"{'type': 'ideographic', 'hint': 'Bamboo strips ⺮ laid before a court 寺'}",⺮,等: Placed after verbs to indicate waiting or continuation.,等等！,Wait!,等你。,I'll wait for you.,等会见！,See you later!
低,dī,形,low,4,⿰亻氐,"{'type': 'pictophonetic', 'phonetic': '氐'}",亻,低: Used as an adjective to describe low positions or amounts.,别低估我。,Don't underestimate me.,她情緒低落。,She felt blue.,利率還是低。,Interest rates are still low.
底,dǐ,名,bottom,4,⿸广氐,"{'type': 'pictophonetic', 'phonetic': '氐', 'semantic': '广', 'hint': 'building'}",广,底: Indicates the bottom part or aspect of something as a noun.,坚持到底！,Stiff upper lip!,你到底是谁？,"Who are you, anyway?",到底怎么了？,What on earth is the matter?
地点,dì diǎn,名,location,4,⿰土也,"{'type': 'pictophonetic', 'phonetic': '也', 'semantic': '土', 'hint': 'earth'}",土,地点: Serves as a noun indicating a specific place in a sentence.,集合地点是哪儿？,Where is the assembly point?,在车站，我把排队买票的地点弄清楚后，开始久等。,"At the train station, once I had figured out where the queue for tickets actually was, I began the long wait.",历史课总是根据时间和地点的差异在不同情况下显示出不同的结论，即便是现在发生的也可能是相反的。,The lesson of history is always that things have been otherwise in different times and places and thus could now be otherwise as well.
地球,dì qiú,名,earth,4,⿰土也,"{'type': 'pictophonetic', 'phonetic': '也', 'semantic': '土', 'hint': 'earth'}",土,地球: Used as a noun referring to Earth or the globe in sentences.,地球母亲。,Mother Earth.,地球出現了。,Earth appeared.,今天是地球日。,Today is Earth day.
地址,dì zhǐ,名,address,4,⿰土也,"{'type': 'pictophonetic', 'phonetic': '也', 'semantic': '土', 'hint': 'earth'}",土,"地址: Placed after ""在"" to indicate a specific location.",你有地址嗎？,Do you have an address?,这是谁的地址？,Whose address is this?,我忘记地址了。,I forgot the address.
掉,diào,动,lose; [as a complement after some verbs to indicate result of action],4,⿰扌卓,"{'type': 'pictophonetic', 'phonetic': '卓', 'semantic': '扌', 'hint': 'hand'}",扌,掉: Used as a complement after verbs to show something has fallen or lost.,扔掉,Throw it away.,蘋果掉了！,The apple fell!,吃掉它。,Eat it.
调查,diào chá,动,investigation,4,⿰讠周,"{'type': 'pictophonetic', 'phonetic': '周', 'semantic': '讠', 'hint': 'speech'}",讠,调查: Used as a verb to conduct an investigation.,调查下这个。,Examine this.,警方正在调查。,The police are looking into the matter.,警察会调查这起案件。,The police will look into the case.
丢,diū,动,lose,4,⿱王厶,"{'type': 'ideographic', 'hint': 'A lost 厶 jade 玉'}",一,丢: Placed after verbs to indicate losing something.,真丢人！,What a shame!,你真丢脸！,Shame on you!,多丢人啊！,How shameful!
动作,dòng zuò,名,movement,4,⿰云力,"{'type': 'pictophonetic', 'semantic': '力', 'hint': 'strength'}",力,动作: Serves as a noun representing movement or action in a sentence.,松鼠动作很快。,Squirrels are quick of movement.,约翰做了个愤怒的动作。,John gestured angrily.,要想赶上火车就动作快点。,You'll have to get a move on if you want to catch the train.
堵车,dǔ chē,动,traffic jam,4,⿰土者,"{'type': 'pictophonetic', 'phonetic': '者', 'semantic': '土', 'hint': 'earth'}",土,堵车: Used as a verb phrase indicating experiencing a traffic jam.,因为堵车， 我开会迟到了。,"Because there was traffic, I was late to the meeting.",现在才6点半，怎么会堵车呢？,"How can there be a traffic jam now, as late as 6 o'clock?",,
肚子,dù zi,名,belly,4,⿰⺼土,"{'type': 'pictophonetic', 'phonetic': '土', 'semantic': '⺼', 'hint': 'flesh'}",⺼,肚子: A noun referring to the belly or stomach in a sentence.,他肚子疼。,His stomach hurts.,我拉肚子。,I have diarrhea.,你肚子饿吗？,Are you hungry?
短信,duǎn xìn,名,text message; SMS,4,⿰矢豆,"{'type': 'pictophonetic', 'phonetic': '豆', 'semantic': '矢', 'hint': 'dart'}",矢,短信: Serves as a noun representing a text message or SMS in sentences.,她发了一条短信。,She sent a text.,你为什么总是发短信？,Why are you texting all the time?,汤姆收到玛丽的短信。,Tom got a message from Mary.
对话,duì huà,动,dialogue,4,⿰又寸,"{'type': 'ideographic', 'hint': 'A pair 又 of hands 寸'}",寸,对话: Used as a verb indicating engagement in dialogue.,我没有参与对话。,I didn't take part in the conversation.,汤姆没有和玛丽对话的机会。,Tom didn't have a chance to speak to Mary.,小草间的对话不要得罪大树。,"In conversation among the small grasses, do not offend the big tree."
对面,duì miàn,名,opposite,4,⿰又寸,"{'type': 'ideographic', 'hint': 'A pair 又 of hands 寸'}",寸,对面: Placed before a noun to indicate something opposite.,花园在房子对面。,The garden is in front of the house.,,,,
对于,duì yú,介,about; with regard to,4,⿰又寸,"{'type': 'ideographic', 'hint': 'A pair 又 of hands 寸'}",寸,对于: Placed before nouns to introduce topics or subjects regarding.,对于我，我不反对。,"As for me, I have no objection.","对于昨晚,我很抱歉!",I'm sorry about last night.,"对于那个,我不确信。",I am not certain about that.
而,ér,连,and; while,4,,{},而,而: Placed between clauses to show contrast or consequence.,适可而止,Quit while you're ahead.,随遇而安。,"Whatever will be, will be.",量力而行。,Pace yourself.
儿童,ér tóng,名,child; children,4,⿰丿乚,"{'type': 'pictographic', 'hint': 'Simplified form of 兒, a picture of a child; compare 人'}",儿,"儿童: A noun referring to children, used as the subject or object in sentences.",儿童区在哪里？,Where's the children's section?,儿童免费入场。,Admission is free for children.,今天是六一儿童节。,Today is Children's day on 1st of June.
发生,fā shēng,动,happen,4,⿸？又,{},又,发生: Placed after subjects to indicate events happening.,在哪里发生？,Where did it happen?,那有时会发生。,That happens sometimes.,那里发生什么了？,What happened there?
发展,fā zhǎn,动,develop,4,⿸？又,{},又,发展: Placed as a verb to indicate development or progress.,中国很快地发展。,China developed very quickly.,中国发展得很快。,China is developing very quickly.,上海发展得快不快？,Is Shanghai developing quickly?
法律,fǎ lǜ,名,law,4,⿰氵去,"{'type': 'ideographic', 'hint': 'The course 去 followed by a stream 氵'}",氵,法律: Serves as a noun referring to law in sentences.,法律很清楚。,The law is quite clear.,新人新法律。,"New people, new laws.",他触犯了法律。,He broke the law.
翻译,fān yì,名/动,to translate,4,⿰番羽,"{'type': 'pictophonetic', 'phonetic': '番', 'semantic': '羽', 'hint': 'wings'}",羽,翻译: 可用作动词表示翻译行为，或名词指译文。,别翻译我！,Don't translate me!,我来翻译。,I will translate.,我在翻译。,I am translating.
烦恼,fán nǎo,形,to be worried,4,⿰火页,"{'type': 'pictophonetic', 'semantic': '火', 'hint': 'fire', 'phonetic': '页'}",火,烦恼: Used as a noun meaning worry or trouble in sentences.,汤姆，把烦恼忘掉吧。,"Hey, Tom, forget about your worries.",生活中的烦恼在所难免。,The troubles of life are inevitable.,现在有什么烦恼的事情吗？,Is there anything that worries you right now?
反对,fǎn duì,动,to fight against; to opposed to something,4,⿸厂又,"{'type': 'ideographic', 'hint': 'A hand 又 held up against a cliff 厂'}",又,反对: Placed before nouns or used as a verb to express opposition against something.,他反对垄断。,He was opposed to monopolies.,我没有反对你。,I'm not disagreeing with you.,我们反对战争。,We are against war.
方法,fāng fǎ,名,method,4,⿱亠？,{},方,方法: Serves as a noun indicating a method or way in a sentence.,採用他的方法。,Take his way.,他的方法不科学。,His methods are not scientific.,你用什么方法解压?,How do you relieve stress?
方面,fāng miàn,名,aspect,4,⿱亠？,{},方,方面: Placed after nouns to indicate aspects or sides of something.,我只想注意积极方面。,I want to just focus on the positive.,你想找哪个方面的工作？,What kind of job are you looking for?,近来各方面都有所改进。,We've seen all-round improvements lately.
方式,fāng shì,名,way; fashion; pattern,4,⿱亠？,{},方,方式: Serves as a noun indicating method or approach in a sentence.,换种方式说。,Say it in another way.,你用什么方式减压？,How do you relieve stress?,请提供联系方式。,Please provide contact details.
方向,fāng xiàng,名,direction,4,⿱亠？,{},方,方向: Placed after prepositions or verbs to indicate direction or orientation.,你的方向感很好。,You have a keen sense of direction.,箭头表示行进方向。,The arrow indicates the way to go.,中央公園在哪個方向？,Which way is Central Park?
房东,fáng dōng,名,landlord/landlady,4,⿸户方,"{'type': 'pictophonetic', 'phonetic': '方', 'semantic': '户', 'hint': 'door'}",户,房东: A noun referring to a landlord or landlady.,为什么这个月房东还不来收房租？,Why hasn't the landlord come to collect rent this month?,我的六十岁的房东为什么买了一个蹦床？,Why did my sixty-year-old landlord buy a trampoline?,,
放弃,fàng qì,动,to renounce,4,⿰方攵,"{'type': 'pictophonetic', 'phonetic': '方', 'semantic': '攵', 'hint': 'let go'}",攵,放弃: Placed as a verb to indicate renouncing or giving up something.,我放弃。,I give up.,我绝不放弃！,I will never give up!,决不放弃。,Never give up.
放暑假,fàng shǔ jià,,to be on summer vacation,4,⿰方攵,"{'type': 'pictophonetic', 'phonetic': '方', 'semantic': '攵', 'hint': 'let go'}",攵,放暑假: Indicates the start of summer vacation following a verb or as a predicate.,你什么时候放暑假？,When are you going on summer vacation?,离放暑假还有五天。,We have five days to go before the summer vacation.,仲有五日就放暑假喇。,We have five days to go before the summer vacation.
放松,fàng sōng,动,to relax; slacken; loosen,4,⿰方攵,"{'type': 'pictophonetic', 'phonetic': '方', 'semantic': '攵', 'hint': 'let go'}",攵,放松: Placed as a verb in a sentence indicating the action of relaxing.,放松吧。,Relax.,我很放松。,I'm relaxed.,放松点吧。,Just relax.
份,fèn,量,portion,4,⿰亻分,"{'type': 'ideographic', 'hint': 'The lot or portion 分 allotted to a man 亻'}",亻,份: Placed after nouns to indicate quantity or portion.,8月份没课。,There is no school during August.,这些份量太大了,The portions are ginormous.,了解這份文件。,Learn about this documentation.
丰富,fēng fù,形,enrich; abundant rich; plentiful,4,⿻三丨,"{'type': 'pictographic', 'hint': 'An ear of grass'}",丨,丰富: Placed after nouns to describe abundance or richness.,他经验丰富。,He has ample experience.,我国物产丰富。,Our country abounds in products.,美国的自然资源很丰富。,The United States is abundant in natural resources.
否则,fǒu zé,连,if not,4,⿱不口,"{'type': 'pictophonetic', 'phonetic': '口', 'semantic': '不', 'hint': 'no'}",口,"否则: Placed at the beginning of a clause to mean ""otherwise"" or ""if not.""",快一点，否则你会迟到。,"Hurry up, or you will be late.",快一点，否则就要迟到了。,"Hurry up, or you will be late.",法律必须被信仰，否则形同虚设。,"One must have conviction in law, or its existence will be superficial only."
符合,fú hé,动,tally with; accord with,4,⿱⺮付,"{'type': 'pictophonetic', 'phonetic': '付', 'semantic': '⺮', 'hint': 'bamboo'}",⺮,符合: Placed after a noun or phrase to indicate agreement with something.,那符合逻辑。,That's logical.,價格應該符合預算。,The price should fit my budget.,我不认识符合条件的人。,I don't know anyone who meets that description.
富,fù,形,rich,4,⿱宀畐,"{'type': 'pictophonetic', 'phonetic': '畐', 'semantic': '宀', 'hint': 'roof'}",宀,富: Used as an adjective before nouns to describe richness or wealth.,她挺富有。,She's quite wealthy.,你想致富嗎？,Do you want to be rich?,富士山有多高？,How high is Mt. Fuji?
付款,fù kuǎn,动,pay a sum of money,4,⿰亻寸,"{'type': 'ideographic', 'hint': 'To hand 寸 something over to someone 亻 '}",亻,付款: Placed as a verb in a sentence to indicate paying money.,我用现金付款。,I pay in cash.,我拒绝了付款。,I refused to pay.,我想用支票付款。,I'd like to pay by check.
父亲,fù qīn,名,father,4,⿱八乂,"{'type': 'ideographic', 'hint': 'A hand 乂 holding an axe 八'}",父,父亲: A noun representing one's father in a sentence.,我父亲在哪里？,Where is my dad?,父亲很健康。,My father is healthy.,父亲在浇花。,Father is watering flowers.
复印,fù yìn,动,to photocopy,4,⿱亻⿱日夂,"{'type': 'ideographic', 'hint': 'A person 亻 who goes  somewhere 夂 every day 日'}",夊,复印: Used as a verb to indicate the action of photocopying documents.,请把每一页复印三份。,Please make three copies of each page.,他比较了复印稿和原件。,He compared the copy with the original.,,
复杂,fù zá,形,complicated,4,⿱亻⿱日夂,"{'type': 'ideographic', 'hint': 'A person 亻 who goes  somewhere 夂 every day 日'}",夊,复杂: Used as an adjective to describe something complicated.,生活多么复杂！,Life is so complicated.,语法非常复杂。,Grammar is very complicated.,语法是很复杂的。,Grammar is a very complex thing.
负责,fù zé,动,responsible for,4,⿱⺈贝,"{'type': 'ideographic', 'hint': 'A person 人 carrying a lot of money 贝'}",贝,负责: Placed before a noun to indicate being in charge of something.,究竟谁要负责？,Who exactly is responsible?,谁负责销售部门？,Who's in charge of the sales section?,谁负责这个部门？,Who's in charge of this section?
改变,gǎi biàn,动,to change,4,⿰己攵,"{'type': 'ideographic', 'hint': 'A hand with a stick 攵 disciplining a kneeling child 己'}",攵,改变: Placed as a verb in a sentence to indicate making changes.,我没改变。,I haven't changed.,什么都改变了。,Everything's changed.,他改变想法了。,He changed his mind.
干杯,gān bēi,动,cheers,4,⿱一十,"{'type': 'pictographic', 'hint': 'A club or axe'}",十,干杯: Used as a standalone expression for making a toast.,干杯！,Bottoms up!,请诸位斟满酒，为新郎和新娘干杯！,Please charge your glasses and drink a toast to the bride and groom!,,
赶,gǎn,动,to catch up,4,⿺走干,"{'type': 'pictophonetic', 'phonetic': '干', 'semantic': '走', 'hint': 'run'}",走,赶: Placed before a verb to indicate hurrying to do something.,赶紧去做！,Just do it!,赶上时髦,Get with it.,赶紧扔掉。,Just get rid of it.
敢,gǎn,动,dare to,4,⿰⿱？耳攵,"{'type': 'ideographic', 'hint': 'A hand with a stick 攵 striking a beast 耳'}",攵,敢: Placed before a verb to indicate daring to do something.,你敢！,How dare you!,勇敢點！,Have courage!,你敢。,Don't you dare.
感动,gǎn dòng,动,move (emotionally),4,⿱咸心,"{'type': 'ideographic', 'hint': 'Two hearts 心 beating together 咸'}",心,感动: Used after a subject to express being moved emotionally by something.,情歌感动我。,Love songs move me.,我有点儿感动。,I'm a little touched.,观众深受感动。,The audience was deeply affected.
感觉,gǎn jué,动,feel,4,⿱咸心,"{'type': 'ideographic', 'hint': 'Two hearts 心 beating together 咸'}",心,感觉: Placed after a verb to express feeling or sensation about it.,你感觉好吗？,Are you feeling okay?,你感觉如何？,How do you feel?,我感觉很好。,I feel fine.
感情,gǎn qíng,名,feeling,4,⿱咸心,"{'type': 'ideographic', 'hint': 'Two hearts 心 beating together 咸'}",心,感情: A noun representing feelings or emotions in a relationship.,那个感情非常强烈。,The feeling was really strong.,不要流露你的感情。,Don't let your feelings show.,你不该玩弄他的感情。,You should not trifle with his feelings.
感谢,gǎn xiè,动,to thank,4,⿱咸心,"{'type': 'ideographic', 'hint': 'Two hearts 心 beating together 咸'}",心,感谢: Placed after verbs to express gratitude for actions received.,非常感谢！,Thank you very much!,感谢澄清。,Thanks for the clarification.,感谢上帝。,Thank God.
干,gàn,动,trunk; main part; do; work,4,⿱一十,"{'type': 'pictographic', 'hint': 'A club or axe'}",十,干：用作动词，意为做、工作。,干杯！,Bottoms up!,干的好！,Well done!,在干什么？,What are you doing?
刚,gāng,副,just,4,⿰冈刂,"{'type': 'pictophonetic', 'phonetic': '冈', 'semantic': '刂', 'hint': 'knife'}",刂,刚: Placed before a verb to indicate an action just happened.,他刚到。,He just arrived.,我爸是李刚!,My father is Li Gang!,他刚来这里,He arrived here just now.
高速公路,gāo sù gōng lù,,expressway; motorway; freeway,4,⿳亠口冋,"{'type': 'pictographic', 'hint': 'A tall palace'}",高,"高速公路: Noun phrase for expressway, used to specify road type in sentences.",我走58號高速公路。,I took Highway 58.,事故發生在高速公路上。,The accident took place on the highway.,奥地利的高速公路是收费的。,"In Austria, you have to pay to use the highway."
胳膊,gē bo,名,arm,4,⿰⺼各,"{'type': 'pictophonetic', 'phonetic': '各', 'semantic': '⺼', 'hint': 'flesh'}",⺼,"胳膊: A noun referring to the arm, used as a subject or object in sentences.",他抓住了她的胳膊。,He caught her by the arm.,湯姆碰了我的胳膊肘。,Tom touched my elbow.,他把身子靠在胳膊上。,He leaned on his elbows.
各,gè,代,each,4,⿱夂口,"{'type': 'ideographic', 'hint': 'Walking 夂 and talking 口'}",口,各: Placed before nouns to indicate each or every.,各司其事。,Let everyone take care of their own affairs.,人各有志。,Each has their aspiration.,人各有偶。,Every Jack has his Jill.
功夫,gōng fu,名,labour; ability; kung fu,4,⿰工力,"{'type': 'ideographic', 'hint': 'Results produced by capable 力 labor 工; 工 also provides the pronunciation'}",力,"功夫: Used as a noun to refer to skill, effort, or martial arts.",我沒功夫吃飯。,I had no time to eat.,眨个眼的功夫，贡特就不见了。,"In a wink, Gunter was gone.",我想解決這個問題，可是白費功夫。,I tried in vain to deal with the problem.
公里,gōng lǐ,量,kilometre,4,⿱八厶,"{'type': 'ideographic', 'hint': 'To divide 八 what is private 厶'}",八,公里: Placed after numerals to indicate kilometres.,我們跑了三公里。,We ran three kilometers.,那条河长300公里。,The river is 300 kilometers in length.,我今天走了十公里,Today I walked 10 kilometers.
工资,gōng zī,名,wage; salary,4,⿱一丄,"{'type': 'pictographic', 'hint': ""A spade or other workman's tool""}",工,工资: A noun representing wage or salary in a sentence.,您想要多少工资？,How much do you want in terms of salary?,他的工资涨了10％。,His salary rose 10%.,这份工作工资很高。,That job paid well.
共同,gòng tóng,形,jointly,4,⿳廾一八,"{'type': 'ideographic', 'hint': 'Two hands 八 holding one object 廾'}",八,共同: Placed before nouns to indicate joint action or shared quality.,他跟她没啥共同点。,He has nothing in common with her.,我跟他没啥共同点。,I have nothing in common with him.,我们有这个共同点。,We have that in common.
够,gòu,动,enough,4,⿰句多,"{'type': 'pictophonetic', 'phonetic': '句', 'semantic': '多', 'hint': 'more'}",夕,够: Placed after a verb or before a noun to indicate sufficiency.,够了！,Enough!,不够吗？,Is that not enough?,够了。,That's enough.
购物,gòu wù,动,shopping,4,⿰贝勾,"{'type': 'pictophonetic', 'phonetic': '勾', 'semantic': '贝', 'hint': 'money'}",贝,购物: Used as a verb indicating the action of shopping.,她去购物了。,She has gone shopping.,什么时候去购物？,When are we going shopping?,明天我得购物。,Tomorrow I have to go shopping.
估计,gū jì,动,to estimate,4,⿰亻古,"{'type': 'pictophonetic', 'phonetic': '古', 'semantic': '亻', 'hint': 'person'}",亻,估计: Placed before a verb to express estimation of something.,估计那就是个笑话吧。,I guess it's only a joke.,我估计我无法及时赶到。,I don't think that I'll be able to get there on time.,据最少的估计，也要花3000日元。,It takes 3000 yen by the lowest estimation.
鼓励,gǔ lì,动,encourage,4,⿰壴支,"{'type': 'pictophonetic', 'phonetic': '支', 'semantic': '壴', 'hint': 'drum'}",鼓,鼓励: Placed after subject to indicate encouraging someone to do something.,多多鼓励他人。,Encourage others.,没有人鼓励她。,No one encouraged her.,没有人鼓励他。,Nobody encouraged him.
顾客,gù kè,名,customer,4,⿰厄页,"{'type': 'pictophonetic', 'phonetic': '厄', 'semantic': '页', 'hint': 'head'}",页,顾客: Placed as a subject or object in sentences referring to customers.,顾客没来。,The customer did not come.,不要和顾客调情。,Don't flirt with the customers.,今天顾客比较少。,There's not very many customers today.
故意,gù yì,副,intentional,4,⿰古攵,"{'type': 'pictophonetic', 'phonetic': '古', 'semantic': '攵', 'hint': 'tap'}",攵,故意: Placed before a verb to indicate intentional action.,我不是故意的。,I didn't do it on purpose.,那不是我故意的。,That wasn't my intention.,他不是故意地做。,He didn't do it on purpose.
挂,guà,动,hang up,4,⿰扌圭,"{'type': 'pictophonetic', 'phonetic': '圭', 'semantic': '扌', 'hint': 'hand'}",扌,挂: Placed after a subject to indicate hanging something up.,我要挂科了！,I'm going to fail the class!,我不想挂科。,I don't want to fail my exams.,地图挂在墙上。,The map is on the wall.
关键,guān jiàn,名,crucial (point),4,⿱丷天,{},丷,关键: Used as a noun or modifier to emphasize crucial points or elements.,这是一个关键点。,This is a crucial point.,这正是问题的关键。,That's the point.,关键不在穿什么，而是怎么穿。,"It's not what you wear, it's how you wear it."
观众,guān zhòng,名,audience,4,⿰又见,"{'type': 'ideographic', 'hint': 'To see 见 again 又'}",见,观众: Serves as the subject or object in sentences referring to spectators or audience.,观众深受感动。,The audience was deeply affected.,观众人数庞大。,The audience was very large.,所有的观众都站起来鼓掌。,The whole audience got up and started to applaud.
管理,guǎn lǐ,动,to supervise,4,⿱⺮官,"{'type': 'pictophonetic', 'phonetic': '官', 'semantic': '⺮', 'hint': 'bamboo'}",⺮,管理: Used as a verb to indicate supervising or managing something or someone.,網站的管理者很忙。,The website manager is very busy.,小明同学管理能力很强。,"My classmate, Xiao Ming, has strong managerial capability.",日本政府无法管理问题。,The Japanese government can't cope with the problem.
光,guāng,副/形,light,4,⿱⺌兀,"{'type': 'ideographic', 'hint': 'A person 儿 carrying a torch 火'}",儿,"光: Placed before verbs to mean ""only"" or emphasize exclusivity.",我全吃光！,I am eating up everything!,欢迎光临！,Welcome.,歡迎光臨。,Please come.
广播,guǎng bō,名,broadcast,4,⿱丶厂,"{'type': 'ideographic', 'hint': 'A lean-to 厂, suggesting a building'}",广,广播: Serves as a noun representing a broadcast or broadcasting activity.,据广播里讲，明天会下雪。,"According to the radio, it will snow tomorrow.",我常常在我的闲暇时候听广播。,I often spend my leisure time listening to the radio.,要是你不在听广播的话，就关掉它。,"If you're not listening to the radio, turn it off."
广告,guǎng gào,名,advertisement,4,⿱丶厂,"{'type': 'ideographic', 'hint': 'A lean-to 厂, suggesting a building'}",广,广告: Serves as a noun referring to advertisements in sentences.,门外又被贴满了小广告。,Everything outside is fly-posted again.,我们应该禁止针对儿童的广告。,We should ban advertising aimed towards children.,那家公司在广告上花了很多钱。,The company spends a lot of money on advertising.
逛,guàng,动,stroll,4,⿺辶狂,"{'type': 'pictophonetic', 'phonetic': '狂', 'semantic': '辶', 'hint': 'walk'}",辶,逛: Placed as a verb indicating the action of strolling or leisurely walking.,我在瞎逛。,I walked around aimlessly.,我跟他闲逛过。,I've been hanging out with him.,母親去了逛街。,Mother has gone shopping.
规定,guī dìng,名,rule,4,⿰夫见,"{'type': 'pictophonetic', 'phonetic': '夫', 'semantic': '见', 'hint': 'observe'}",见,规定: Indicates a rule or regulation in a sentence as a noun.,这条规定不许例外。,This rule allows no exception.,学校规定学生不能抽烟。,The school rules that students cannot smoke.,一些海滩没能遵守环保规定。,Some beaches had failed to comply with environmental regulations.
国籍,guó jí,名,nationality,4,⿴囗玉,"{'type': 'ideographic', 'hint': ""Treasure 玉 within a country's borders 囗""}",囗,国籍: Placed after a subject to indicate one's nationality.,我们真正的国籍是人类。,Our true nationality is mankind.,这家公司不分种族、宗教或国籍雇用人。,"That company hires people without regard to race, religion, or nationality.",,
国际,guó jì,形,international,4,⿴囗玉,"{'type': 'ideographic', 'hint': ""Treasure 玉 within a country's borders 囗""}",囗,国际: Used before nouns to indicate international context.,国际妇女节快乐！,Happy International Women's Day!,开什么国际玩笑。,Don't make stupid jokes.,国际政治风云变幻。,World politics are constantly changing.
果汁,guǒ zhī,名,fruit juice,4,⿱田木,"{'type': 'ideographic', 'hint': 'Fruit 田 growing on a tree 木'}",木,"果汁: Noun referring to fruit juice, used as a subject or object in sentences.",Tom喝果汁。,Tom drinks juice.,我喝果汁。,I drink fruit juice.,喝這果汁。,Drink this juice.
过程,guò chéng,名,course of events,4,⿺辶寸,"{'type': 'pictophonetic', 'phonetic': '咼', 'semantic': '辶', 'hint': 'walk'}",辶,过程: Serves as a noun representing a sequence of events or steps in a process.,整个过程需要耗费数月。,The whole process will take months.,学习是一个循序渐进的过程。,Studying is a step-by-step process.,在这过程中，我回答了好几个问题。,"During this process, I answered quite a few questions."
海洋,hǎi yáng,名,ocean,4,⿰氵每,"{'type': 'pictophonetic', 'phonetic': '每', 'semantic': '氵', 'hint': 'water'}",氵,海洋: A noun representing a large body of salt water.,海洋底部有沙子。,There is sand at the bottom of the ocean.,谁能揭开海洋的奥秘？,Who shall ever unravel the mysteries of the sea?,废水经常污染海洋。,Sewage often pollutes the ocean.
害羞,hài xiū,形,shy,4,⿱宀⿱丰口,{},宀,害羞: Used as an adjective to describe someone who is shy.,別害羞！,Don't be shy!,我害羞。,I was shy.,我很害羞。,I'm shy.
寒假,hán jià,名,winter holiday,4,⿱宀⿱？？,{},宀,寒假: Serves as a noun indicating the winter holiday period.,你的寒假怎么过的？,How did you spend your winter vacation?,你寒假過得愉快嗎？,Did you enjoy your winter holidays?,,
汗,hàn,名,sweat,4,⿰氵干,"{'type': 'pictophonetic', 'phonetic': '干', 'semantic': '氵', 'hint': 'water'}",氵,"汗: A noun representing sweat, often used as a subject or object in sentences.",我正流着汗。,I'm dripping with sweat.,他开始出汗了。,He began to sweat.,擦掉你额头上的汗。,Wipe the sweat from your brow.
航班,háng bān,名,flight,4,⿰舟亢,"{'type': 'pictophonetic', 'phonetic': '亢', 'semantic': '舟', 'hint': 'ship'}",舟,航班: Serves as a noun referring to a flight in sentences.,航班取消了,The flight was cancelled.,我的航班晚点了。,My flight was delayed.,我们的航班被取消了。,Our flight was canceled.
好处,hǎo chu,名,advantage; benefit,4,⿰女子,"{'type': 'ideographic', 'hint': 'A woman 女 with a son 子'}",女,好处: Placed after adjectives or verbs to express resulting advantage or benefit.,这对谁有好处？,Who benefits?,这药对你有好处。,This medicine will do you good.,这么做没什么好处。,Doing things in this way has no benefit.
好像,hǎo xiàng,副,to seem,4,⿰女子,"{'type': 'ideographic', 'hint': 'A woman 女 with a son 子'}",女,好像: Placed before verbs to express seeming or appearing as if.,好像很明显。,It seems pretty obvious.,你好像很忙。,You look busy.,好像挺有趣。,How fascinating!
号码,hào mǎ,名,number,4,⿱口丂,"{'type': 'pictophonetic', 'phonetic': '丂', 'semantic': '口', 'hint': 'mouth'}",口,号码: Placed after measure word to indicate number of items.,电话号码是多少？,What's the number?,你电话号码是多少？,What's your phone number?,把那个号码给我。,Give me the number.
合格,hé gé,形,qualified,4,⿱亼口,{},口,合格: Used after adjectives to indicate meeting a standard.,没有合格的申请人吗？,Aren't there any qualified applicants?,她是个合格的护士。,She is qualified as a nurse.,我以為他一定會考試合格。,I took it for granted that he would pass the exam.
合适,hé shì,形,suitable,4,⿱亼口,{},口,合适: Placed after a noun to indicate suitability.,这实在不合适。,It is highly improper.,这套西装合适吗？,Does this suit fit?,这对我正合适。,That suits me all right.
盒子,hé zi,名,small box,4,⿱合皿,"{'type': 'pictophonetic', 'phonetic': '合', 'semantic': '皿', 'hint': 'container'}",皿,"盒子: A noun representing a small box, used as an object in sentences.",那個盒子裡有糖。,There is sugar in that box.,盒子裡有什麼呢?,What is inside the box?,盒子裡有一些蛋。,There are some eggs in the box.
厚,hòu,形,thick,4,⿸⿸厂日子,"{'type': 'ideographic', 'hint': 'Sunlight 日 and children 子 in a building 厂'}",厂,厚: Placed after nouns to describe thickness.,這本書好厚。,This book is too thick.,这本书非常厚。,This book is very thick.,我对她寄予厚望。,I have high hopes for her.
后悔,hòu huǐ,动,to regret,4,⿸？口,{},口,后悔: Placed as a verb to express regret about past actions.,你会后悔的。,You're going to regret this.,我后悔当老师。,I regret becoming a teacher.,好！你会后悔的。,All right! You will be sorry for this.
互联网,hù lián wǎng,名,Internet,4,⿴二？,"{'type': 'ideographic', 'hint': 'Two hooks hooking eachother'}",二,互联网: Serves as a noun representing the Internet in sentences.,互联网是一种无法估量的信息资源。,The Internet is an invaluable source of information.,主要互联网的搜索引擎之一说：“快比慢好”。,One of the major Internet search engines states that ‘Fast is better than slow’.,互联网的广泛应用使新一代的年轻人诞生了。,The proliferation of Internet usage has given birth to a new generation of young people.
护士,hù shi,名,nurse,4,⿰扌户,"{'type': 'ideographic', 'hint': 'Guarding 扌 a home 户; 户 also provides the pronunciation'}",扌,护士: Functions as a noun referring to a nurse in sentences.,她是护士。,She is a nurse.,我想当护士,I want to be a nurse.,我是护士。,I'm a nurse.
互相,hù xiāng,副,each other,4,⿴二？,"{'type': 'ideographic', 'hint': 'Two hooks hooking eachother'}",二,互相: Placed before verbs to indicate mutual action between subjects.,他們互相超越。,They surpassed one another.,我們互相幫忙。,We help each other out.,他们互相尊重。,They have mutual respect.
怀疑,huái yí,动,doubt,4,⿰忄不,"{'type': 'pictophonetic', 'phonetic': '不', 'semantic': '忄', 'hint': 'heart'}",忄,怀疑: Placed after verbs to express doubt about actions or statements.,别怀疑他的话。,Don't doubt his words.,我们非常怀疑。,We're very skeptical.,怀疑会毁掉友情。,Suspicion is destructive of friendship.
回忆,huí yì,动,to recall,4,⿴囗口,"{'type': 'ideographic', 'hint': 'Originally, a spiral signifying return'}",囗,回忆: Placed as a verb to indicate recalling past events.,感谢那些回忆。,Thanks for the memories.,我不愿意勾起久远的回忆。,I don't want to stir up old memories.,每次听到这首歌，都会让我回忆起自己年轻的时候。,"Whenever I hear that song, I remember my youth."
活动,huó dòng,动/名,activity,4,⿰氵舌,"{'type': 'pictophonetic', 'phonetic': '舌', 'semantic': '氵', 'hint': 'water'}",氵,活动: Can function as a noun indicating an event or activity.,你参加社团活动吗？,Do you take part in any community activities?,村里没啥娱乐活动。,There are not many amusements in the village.,孩子们喜欢户外活动。,Children like outdoor activities.
活泼,huó po,形,brisk; lively,4,⿰氵舌,"{'type': 'pictophonetic', 'phonetic': '舌', 'semantic': '氵', 'hint': 'water'}",氵,活泼: Used as an adjective to describe lively or brisk qualities in nouns.,他有点活泼。,He is rather an active person.,克莱恩女士虽已至耄耋之年，但仍然很活泼。,Although Mrs Crane is at her eighties，she is still vivacious.,,
火,huǒ,名,fire,4,⿻丷人,"{'type': 'pictographic', 'hint': 'Flames'}",火,"火: A noun representing fire, used as subject or object in sentences.",火！,Fire!,火啊！,Fire!,開火!,Open fire!
获得,huò dé,动,obtain; win,4,⿱艹犾,{},艹,获得: Placed as a verb to indicate obtaining or winning something.,汤姆获得了胜利。,Tom was victorious.,他获得了诺贝尔文学奖。,He won the Nobel Prize for Literature.,,
基础,jī chǔ,名,base,4,⿱其土,"{'type': 'pictophonetic', 'phonetic': '其', 'semantic': '土', 'hint': 'earth'}",土,基础: Placed after measure words or used alone as a noun to refer to base or foundation.,物理是基础自然科学。,Physics is the basic physical science.,衣食住是生存的基础。,"Food, clothing and shelter are the basis of life.",数学是所有科学的基础。,Mathematics are the foundation of all sciences.
激动,jī dòng,形,to excite,4,⿰氵敫,"{'type': 'pictophonetic', 'phonetic': '敫', 'semantic': '氵', 'hint': 'water'}",氵,激动: Used as an adjective to describe feeling excited.,我很激动。,I'm so excited.,别这么激动！,Don't get so excited!,我激动得睡不着。,I'm too excited to sleep.
积极,jī jí,形,active,4,⿰禾只,"{'type': 'pictophonetic', 'phonetic': '只', 'semantic': '禾', 'hint': 'grain'}",禾,积极: Placed before nouns to describe actively positive qualities.,你必须积极主动。,You have to be proactive.,我只想注意积极方面。,I want to just focus on the positive.,这些形容词都是积极的。,These adjectives are all positive.
积累,jī lěi,动,to accumulate,4,⿰禾只,"{'type': 'pictophonetic', 'phonetic': '只', 'semantic': '禾', 'hint': 'grain'}",禾,积累: Placed after verbs to indicate accumulation of actions or things.,积累知识对学习很重要。,Accumulating knowledge is important for learning.,zh,en,他通过阅读来积累词汇量。,He accumulates his vocabulary through reading.
及时,jí shí,形/副,in time,4,⿻？又,{},又,及时: Placed before verbs to indicate doing something in time.,我们会及时赶到吗?,Will we arrive in time?,我估计我无法及时赶到。,I don't think that I'll be able to get there on time.,他打出租车以及时赶到。,He took a taxi to get there in time.
即使,jí shǐ,连,even if,4,⿰？卩,"{'type': 'ideographic', 'hint': 'A hungry person卩 kneeling over food 皀; compare 既'}",卩,即使: Placed at the beginning of a clause to introduce a condition.,即使是弯树也能遮阴。,Even crooked tree gives shade.,即使下雨我也會去那裡。,I will go there even if it rains.,即使她愛我，我也不愛她。,"I don't love her, not even if she loves me."
寄,jì,动,to send (mail; post),4,⿱宀奇,"{'type': 'pictophonetic', 'phonetic': '奇', 'semantic': '宀', 'hint': 'roof'}",宀,寄: Placed after its object to indicate sending something (mail/post).,寄掛號嗎？,By registered letter?,航空邮寄它。,Send it airmail.,我忘了寄信。,I've forgotten to post the letter.
计划,jì huà,名,plan,4,⿰讠十,"{'type': 'pictophonetic', 'phonetic': '十', 'semantic': '讠', 'hint': 'speech'}",讠,计划: Placed as a noun in sentences to express planning or plans.,这计划如何？,How is this plan?,计划行得通。,The plan is workable.,计划行不通。,The plan isn't workable.
既然,jì rán,连,since,4,⿰？旡,"{'type': 'ideographic', 'hint': 'A person 旡 turning away from food 皀; compare 即'}",旡,既然: Placed at the beginning of a clause to introduce a reason or condition.,你既然已经知道了，还问什么？,"If you already know, why are you still asking?",既然你们这么说，那让我再想想。,"Since you all say that, I must think again.","既然你在這裡, 那我們就開始吧。","As long as you are here, we might as well begin."
技术,jì shù,名,technology,4,⿰扌支,"{'type': 'pictophonetic', 'phonetic': '支', 'semantic': '扌', 'hint': 'hand'}",扌,技术: Serves as a noun representing technology in sentences.,那位技师技术很好。,That technician is highly skilled.,她骑摩托车的技术不错！,She rides a motorcycle well.,听说大数据技术现在很热门。,I hear that the network is very popular now.
继续,jì xù,动,to carry on; continue,4,⿰纟⿺？米,"{'type': 'pictophonetic', 'phonetic': '米', 'semantic': '纟', 'hint': 'thread'}",纟,继续: Placed before a verb to indicate continuing an action.,请继续。,Please continue.,继续看。,Keep reading.,继续听。,Keep listening.
记者,jì zhě,名,journalist,4,⿰讠己,"{'type': 'ideographic', 'hint': 'A private 己 note 讠; 己 also provides the pronunciation'}",讠,记者: Serves as a subject or object in sentences referring to a journalist.,你是记者吗？,Are you a reporter?,我是记者。,I'm a journalist.,你是个记者。,You're a reporter.
加班,jiā bān,动,over work,4,⿰力口,"{'type': 'ideographic', 'hint': ""Supporting a cause with the strength 力 of one's words 口""}",力,加班: Placed after subject to indicate working overtime.,他被迫加班。,He was forced to work overtime.,我今晚得加班。,I have to work overtime tonight.,约翰疲于加班。,John was tired from working overtime.
家具,jiā jù,名,furniture,4,⿱宀豕,"{'type': 'pictophonetic', 'phonetic': '豕', 'semantic': '宀', 'hint': 'roof'}",宀,家具: A noun referring to furniture in a setting.,他移动了家具。,He moved the furniture.,我們有很多家具。,We had a lot of furniture.,房間裡家具齊全。,The room is fully furnished.
加油站,jiā yóu zhàn,名,petrol station,4,⿰力口,"{'type': 'ideographic', 'hint': ""Supporting a cause with the strength 力 of one's words 口""}",力,加油站: Placed in a sentence to denote the location of a petrol station.,這裏附近有沒有加油站？,Is there a gas station around here?,我们在下个加油站停一下。,Let's stop at the next gas station.,,
假,jiǎ,形,FALSE,4,⿰亻叚,"{'type': 'ideographic', 'hint': 'A false 叚 person 亻; 叚 also provides the pronunciation'}",亻,假: Placed after nouns to indicate something is not genuine.,假的。,Faking.,度假愉快！,Enjoy your holidays.,我在休假。,I've been on vacation.
价格,jià gé,名,price,4,⿰亻介,"{'type': 'pictophonetic', 'phonetic': '介'}",亻,价格: Placed after measure words or before nouns indicating price.,价格高。,Prices are high.,价格还会继续涨吗？,Will the price keep going up?,这个价格含了税。,This amount includes tax.
坚持,jiān chí,动,to persevere with,4,⿱⿰？又土,{},土,坚持: Placed as a verb to express perseverance in an action or belief.,坚持。,Keep it up!,坚持到底！,Stiff upper lip!,她坚持让我付钱。,She insisted on my paying the bill.
减肥,jiǎn féi,动,to lose weight,4,⿰冫咸,"{'type': 'pictophonetic', 'phonetic': '咸', 'semantic': '冫', 'hint': 'ice'}",冫,减肥: Placed as a verb in a sentence indicating the action of losing weight.,谁在减肥？,Who's on diet?,我要减肥。,I want to lose weight.,我想减肥。,I want to lose weight.
减少,jiǎn shǎo,动,to reduce; to cut back; decrease,4,⿰冫咸,"{'type': 'pictophonetic', 'phonetic': '咸', 'semantic': '冫', 'hint': 'ice'}",冫,减少: Placed after subject to indicate reduction or decrease in quantity.,米的产量减少了。,Production of rice has decreased.,日本的人口在减少。,Japan's population is declining.,最近我的体重减少了。,I've lost weight recently.
建议,jiàn yì,动,to propose; suggest; recommend,4,⿺廴聿,"{'type': 'pictophonetic', 'phonetic': '聿', 'semantic': '廴', 'hint': 'action'}",廴,"建议: Placed as a verb to propose, suggest, or recommend something.",你有什么建议吗？,Do you have a suggestion?,我需要些建议。,I need advice.,汤姆建议了什么？,What does Tom suggest?
将来,jiāng lái,名,in the future; future,4,⿰丬⿱夕寸,"{'type': 'ideographic', 'hint': 'Going to bed 丬 at night 夕, a predictable future'}",丬,将来: Placed before nouns to indicate future time.,我不在乎将来。,I don't care a bit about the future.,日本将来会怎么样？,What will become of Japan?,为将来做准备吧。,Prepare yourself for the future.
奖金,jiǎng jīn,名,premium,4,⿱⿰丬夕大,"{'type': 'pictophonetic', 'phonetic': '丬', 'semantic': '大', 'hint': 'big'}",大,奖金: Placed after quantifiers in sentences referring to monetary rewards.,他把奖金存到银行了。,He deposited the prize money in the bank.,,,,
降低,jiàng dī,动,to reduce,4,⿰阝夅,"{'type': 'pictophonetic', 'phonetic': '夅', 'semantic': '阝', 'hint': 'hill'}",阝,降低: Placed after subject to indicate reducing something.,怎麼降低成本呢？,How do you keep costs down?,大雪降低了能見度。,The snow was reducing visibility.,他们正努力降低成本。,They are trying to keep costs down.
降落,jiàng luò,动,to land [plane]; to descend,4,⿰阝夅,"{'type': 'pictophonetic', 'phonetic': '夅', 'semantic': '阝', 'hint': 'hill'}",阝,降落: Placed after verbs to indicate landing or descending.,飛機就要降落了。,The plane is about to land.,起飛比降落容易。,Taking off is easier than landing.,明天他会在月球降落。,"Tomorrow, he will land on the moon."
交,jiāo,动,exchange to hand over; to accociate with,4,⿱六乂,"{'type': 'ideographic', 'hint': 'A person with crossed (intersecting) legs'}",亠,交: Placed after objects indicating exchange or transfer between parties.,提交！,Submit!,提交。,Submit.,交換。,Swap.
骄傲,jiāo ào,形,proud; arrogant,4,⿰马乔,"{'type': 'ideographic', 'hint': 'A proud 乔 horse 马; 乔 also provides the pronunciation'}",马,骄傲: Used as an adjective to describe being proud or arrogant.,我真为她骄傲。,I'm so proud of her.,骄傲使人落后。,Pride goes before a fall.,我一直为您骄傲。,I've always been proud of you.
交流,jiāo liú,动,exchange; communication,4,⿱六乂,"{'type': 'ideographic', 'hint': 'A person with crossed (intersecting) legs'}",亠,交流: Placed as a verb indicating exchange or communication between subjects.,交流。,Communicate.,人们需要更多的交流。,People should get more involved.,我们要设法跟他们交流。,We have to try to communicate with them.
郊区,jiāo qū,名,suburbs; outskirts,4,⿰交阝,"{'type': 'pictophonetic', 'phonetic': '交', 'semantic': '阝', 'hint': 'place'}",阝,郊区: Placed before nouns to specify suburban areas.,郊区很安静......,It's quiet in the suburbs...,我们住在郊区。,We live in the suburbs.,要住在郊区的话，汽车是必需的。,A car is a must for life in the suburbs.
交通,jiāo tōng,名,transport; traffic,4,⿱六乂,"{'type': 'ideographic', 'hint': 'A person with crossed (intersecting) legs'}",亠,交通: Used as a noun referring to transport or traffic in a sentence.,这里交通繁忙。,Traffic is busy here.,事故耽誤了交通。,The accident held up traffic.,湯姆死於交通事故。,Tom died in a traffic accident.
饺子,jiǎo zi,名,dumpling,4,⿰饣交,"{'type': 'pictophonetic', 'phonetic': '交', 'semantic': '饣', 'hint': 'food'}",饣,饺子: A noun representing a type of dumpling in Chinese cuisine.,这饺子是什么馅的啊？,What is the filling in these dumplings?,晚上我们去吃饺子，好吗？,"We're going out for dumplings in the evening, all right?",饺子是年夜饭桌上必不可少的。,Dumplings are essential at the New Year's Eve dinner table.
教授,jiào shòu,名,professor,4,⿰孝攵,"{'type': 'pictophonetic', 'phonetic': '孝', 'semantic': '攵', 'hint': 'script'}",攵,教授: Used as a noun to refer to a university professor.,你是教授。,You are a professor.,我是教授。,I am a professor.,她是一名教授。,She's a professor.
教育,jiào yù,动/名,education,4,⿰孝攵,"{'type': 'pictophonetic', 'phonetic': '孝', 'semantic': '攵', 'hint': 'script'}",攵,教育: Can function as a noun indicating education or as a verb in phrases about educating.,他很会教育人。,He is very good at teaching people.,教育从家庭开始。,Education starts at home.,去歷史系或者教育系。,Go to the history department or education department.
接受,jiē shòu,动,accept,4,⿰扌妾,"{'type': 'pictophonetic', 'phonetic': '妾', 'semantic': '扌', 'hint': 'hand'}",扌,接受: Placed after verbs to indicate accepting actions or gifts.,我不接受。,I won't accept that.,她被接受了。,She got accepted.,湯姆會接受。,Tom would accept.
接着,jiē zhe,副,to catch; to carry on,4,⿰扌妾,"{'type': 'pictophonetic', 'phonetic': '妾', 'semantic': '扌', 'hint': 'hand'}",扌,接着: Placed before a verb to indicate continuing an action.,茶点过后我们接着开会。,We will continue the meeting after some light refreshments.,汤姆咳嗽了一下然后接着讲。,Tom cleared his throat and continued to speak.,他们一个接着一个地离开了。,They left one after another.
节,jié,量,"festival; [measure word for something segmented (e.g. lesson; paragraph, railway coach, etc.)]",4,⿱艹？,"{'type': 'ideographic', 'hint': 'Simplified form of 節; sections of bamboo ⺮'}",艹,节: Used as a measure word for segmented items like lessons or railway coaches.,春节快乐！,Merry Spring Festival!,她在节食。,She is on a diet.,七夕节快乐！,Happy Qixi Festival!
结果,jié guǒ,名,result; outcome; fruit,4,⿰纟吉,"{'type': 'pictophonetic', 'phonetic': '吉', 'semantic': '纟', 'hint': 'thread'}",纟,结果: Placed at the end of a sentence to indicate the outcome.,这没有结果。,It came to nothing.,汤姆对结果不满。,Tom isn't satisfied with the result.,他对结果很满意。,He's very much satisfied with the result.
节约,jié yuē,动,to save; economise,4,⿱艹？,"{'type': 'ideographic', 'hint': 'Simplified form of 節; sections of bamboo ⺮'}",艹,节约: Placed as a verb to express saving or economizing in a sentence.,请节约用电。,Please save electricity.,节约是一种美德。,Frugality is a virtue.,我节约我有的钱。,I save what money I got.
解释,jiě shì,动,to justify; explanation,4,⿰角⿱刀牛,"{'type': 'ideographic', 'hint': 'To cut 刀 the horns 角 off of an ox 牛; 角 also provides the pronunciation'}",角,解释: 用作动词，表示说明或阐述某事。,让我解释。,Let me explain.,没时间解释。,There is no time for explanation.,你不用解释。,You don't have to explain.
尽管,jǐn guǎn,连,without hesitating; despite,4,⿵尺⺀,{},尸,尽管: Placed before a clause to introduce concession or contrast.,尽管提问。,Feel free to ask any questions.,你可以尽管放心。,You can depend on it.,尽管下着雨，我还是出了门。,I went out in spite of the rain.
紧张,jǐn zhāng,形,nervous; anxious,4,⿱⿰？又糸,"{'type': 'pictophonetic', 'semantic': '糸', 'hint': 'silk'}",糸,紧张: Used as an adjective to describe being nervous or anxious.,你紧张吗？,Are you nervous?,别紧张。,Don't be nervous.,我也紧张。,"I was nervous, too."
进行,jìn xíng,动,advance; progress,4,⿺辶井,"{'type': 'pictophonetic', 'phonetic': '井', 'semantic': '辶', 'hint': 'walk'}",辶,进行: Placed before a verb to indicate the progression or continuation of an action.,该项目正在进行中。,The project is ongoing.,我们应该进行测试。,We should run some tests.,,
禁止,jìn zhǐ,动,to ban; prohibit; forbid,4,⿱林示,"{'type': 'pictophonetic', 'phonetic': '林', 'semantic': '示', 'hint': 'altar'}",示,禁止: Placed before a noun to prohibit actions related to it.,禁止停車！,No parking!,禁止遊戲。,Suspend the game.,禁止遊戲嗎？,Suspend the game?
精彩,jīng cǎi,形,brilliant,4,⿰米青,"{'type': 'pictophonetic', 'phonetic': '青', 'semantic': '米', 'hint': 'grain'}",米,精彩: Used as an adjective to describe something brilliant or excellent.,精彩！,Amazing!,精彩的一击！,What a great shot!,汤姆的演讲很精彩。,Tom's speech was good.
经济,jīng jì,名,economics,4,⿰纟⿱？工,"{'type': 'pictophonetic', 'phonetic': '工', 'semantic': '纟', 'hint': 'thread'}",纟,经济: Serves as a noun representing the field of economics in a sentence.,经济怎么样？,How is the economy?,经济进展得慢。,The economy progressed slowly.,经济在复苏之中。,The economy is picking up.
京剧,jīng jù,名,Beijing opera,4,⿳亠口小,"{'type': 'pictographic', 'hint': 'A capital building on a hill'}",亠,京剧: A noun referring to Beijing opera.,京剧是中国的传统艺术。,Beijing opera is a traditional art form in China.,我喜欢看京剧。,I like watching Beijing opera.,他正在学唱京剧。,He is learning to sing in Beijing opera.
经历,jīng lì,名/动,experience,4,⿰纟⿱？工,"{'type': 'pictophonetic', 'phonetic': '工', 'semantic': '纟', 'hint': 'thread'}",纟,经历: Used as a noun or verb to describe personal experience.,这是一次很棒的经历。,It was an amazing experience.,我们俩都经历过不幸。,Worse things have happened to both of us.,他有许多不愉快的经历。,He's had many unhappy experiences.
经验,jīng yàn,名,experience,4,⿰纟⿱？工,"{'type': 'pictophonetic', 'phonetic': '工', 'semantic': '纟', 'hint': 'thread'}",纟,经验: Placed after verbs or as a noun to refer to experience gained.,汤姆有经验吗？,Does Tom have experience?,他经验丰富。,He has ample experience.,你还不够经验。,You're still green.
警察,jǐng chá,名,police,4,⿱敬言,"{'type': 'pictophonetic', 'phonetic': '敬', 'semantic': '言', 'hint': 'speech'}",言,"警察: As a noun, it refers to police without grammatical marking requirements.",警察！,Police!,是警察！,It's the cops!,叫警察！,Call the police!
景色,jǐng sè,名,scenery; view; landscape,4,⿱日京,"{'type': 'ideographic', 'hint': 'The sun 日 rising over a city 京; 京 also provides the pronunciation'}",日,景色: A noun representing scenery or landscape in a sentence.,泽西岛的景色很美。,Jersey has beautiful scenery.,从这儿看景色很美。,It is a nice view from here.,這座山的景色非常美。,This mountain scenery is very beautiful.
竟然,jìng rán,副,[indicates unexpectedness],4,⿱音儿,"{'type': 'ideographic', 'hint': 'A person 儿 finishing a musical piece 音'}",立,竟然: Placed before a verb or clause to express unexpectedness.,他竟然叫你笨蛋。,He unexpectedly called you stupid.,他竟然还给我装傻。,Despite everything he is still playing dumb.,买票的人龙竟然那么长！,The queue for buying tickets was unbelievably long.
竞争,jìng zhēng,动,to compete,4,⿱立兄,"{'type': 'ideographic', 'hint': 'To stand up 立 to a foe 兄'}",立,竞争: Placed after subjects to indicate competing actions.,他被竞争公司挖去了。,He was hired away by a rival company.,这场足球赛充满着激情和精彩的竞争。,This soccer match is full of energetic and splendid competition.,为了保持竞争力，我们得发挥我们的优势。,"To remain competitive, we've got to play to our strengths."
镜子,jìng zi,名,mirror,4,⿰钅竟,"{'type': 'pictophonetic', 'phonetic': '竟', 'semantic': '钅', 'hint': 'metal'}",钅,镜子: Placed as a noun in a sentence to denote a mirror.,照镜子。,Look in the mirror.,别打碎镜子。,Don't break a mirror.,镜子被摔碎了。,The mirror was shattered.
究竟,jiū jìng,副,after all; when all is said and done,4,⿱穴九,"{'type': 'pictophonetic', 'phonetic': '九', 'semantic': '穴', 'hint': 'cave'}",穴,究竟: Placed before verbs to emphasize ultimate conclusion or truth.,究竟谁要负责？,Who exactly is responsible?,汤姆究竟在做什么？,What exactly does Tom do?,那裡究竟發生了什麼事？,What exactly happened there?
举,jǔ,动,raise up; hold up,4,⿱兴扌,"{'type': 'pictophonetic', 'semantic': '扌', 'hint': 'hand', 'phonetic': '舉'}",丶,举: Placed before objects to indicate raising or holding them up.,举起手来！,Put your hands up!,手举起来。,Put your hands up!,举起你的手！,Raise your hands!
举办,jǔ bàn,动,hold; conduct; run [an event],4,⿱兴扌,"{'type': 'pictophonetic', 'semantic': '扌', 'hint': 'hand', 'phonetic': '舉'}",丶,举办: Placed before nouns to indicate holding/conducting events.,我举办了一场派对。,I threw a party.,他举办了一场舞会。,He gave a ball.,收获稻子时举办节日。,A festival is held at the rice harvest.
举行,jǔ xíng,动,hold (an event),4,⿱兴扌,"{'type': 'pictophonetic', 'semantic': '扌', 'hint': 'hand', 'phonetic': '舉'}",丶,举行: Placed after subject to indicate holding an event.,婚礼在哪儿举行？,Where is the wedding to be?,明天举行典礼。,The ceremony will take place tomorrow.,运动会要延期举行。,The athletic meeting will be put off.
聚会,jù huì,名,get together; meet; gathering,4,⿱取乑,"{'type': 'ideographic', 'hint': 'People standing side-by-side 乑, hand-to-ear 取'}",耳,聚会: A noun referring to a gathering or meeting event.,聚会要开始了。,The party is about to begin.,聚会愉快，约翰。,"Enjoy yourself at the party, John.",开个聚会很好。,It would be nice to have a party.
拒绝,jù jué,动,to refuse,4,⿰扌巨,"{'type': 'pictophonetic', 'phonetic': '巨', 'semantic': '扌', 'hint': 'hand'}",扌,拒绝: Placed as a verb to indicate refusal of something or someone.,我拒绝。,I must decline.,我必须拒绝。,I must say no to you.,她拒绝了我。,She rejected me.
距离,jù lí,名,distance; be away from,4,⿰足巨,"{'type': 'pictophonetic', 'phonetic': '巨', 'semantic': '足', 'hint': 'foot'}",足,距离: Serves as a noun indicating physical or abstract distance between points.,我无法判断距离。,I can't judge distance.,纽约和伦敦距离多远？,What is the distance between New York and London?,两人之间的距离已拉近。,The gap between them has narrowed.
开玩笑,kāi wán xiào,,joke,4,⿱一廾,"{'type': 'ideographic', 'hint': 'Simplified form of 開; hands 廾 lifting the latch 一 of a door'}",廾,开玩笑: Used as a verb phrase to indicate telling or playing a joke.,我开玩笑。,I'm just kidding.,你在开玩笑吗？,Are you kidding?,我不开玩笑。,I'm not kidding.
开心,kāi xīn,形,pleased; happy,4,⿱一廾,"{'type': 'ideographic', 'hint': 'Simplified form of 開; hands 廾 lifting the latch 一 of a door'}",廾,开心: Used as an adjective to describe being pleased or happy.,你开心吗？,Are you happy?,玩得开心点！,Have fun!,我不很开心。,I'm not very happy.
看法,kàn fǎ,名,opinion,4,⿱手目,"{'type': 'ideographic', 'hint': ""Shielding one's eyes 目 with a hand 手 to look to the distance""}",目,看法: Placed after a subject to express one's opinion on something.,你甚麼看法呢？,What's your opinion?,你對此有何看法？,What are your thoughts on this?,我的看法相反。,My opinion is the opposite.
考虑,kǎo lǜ,动,consider,4,⿸耂丂,"{'type': 'pictophonetic', 'phonetic': '丂', 'semantic': '耂', 'hint': 'old'}",耂,考虑: Placed as a main verb to indicate considering something.,我之后再考虑。,I'll think about it later.,我将考虑考虑。,I'll have to think about it.,,
烤鸭,kǎo yā,名,roast duck,4,⿰火考,"{'type': 'pictophonetic', 'phonetic': '考', 'semantic': '火', 'hint': 'fire'}",火,"烤鸭: A noun referring to roast duck, typically as a dish name in sentences.",我们在中餐厅吃了北京烤鸭。,We ate Peking duck in the Chinese restaurant.,,,,
棵,kē,量,"individual [measure word for trees, cabbages, plants etc]",4,⿰木果,"{'type': 'pictophonetic', 'phonetic': '果', 'semantic': '木', 'hint': 'tree'}",木,棵: Placed after a number to measure trees or similar plants.,這棵樹很高。,This tree is tall.,那是棵小树。,That's a small tree.,谁种了这棵树？,Who planted this tree?
科学,kē xué,名,science,4,⿰禾斗,"{'type': 'ideographic', 'hint': 'A hand measuring 斗 grain 禾'}",禾,科学: Serves as a noun representing the concept of science in a sentence.,我不喜欢科学。,I do not like science.,神创论是伪科学。,Creationism is pseudoscience.,他想成为科学家。,He wants to be a scientist in the future.
咳嗽,ké sou,动,cough,4,⿰口亥,"{'type': 'pictophonetic', 'phonetic': '亥', 'semantic': '口', 'hint': 'mouth'}",口,咳嗽: 动词，表示咳嗽的动作。,你咳嗽嗎？,Do you have a cough?,我咳嗽。,I have a cough.,你咳嗽吗？,Do you have any coughing?
可怜,kě lián,形,pitiful; to have pity on,4,⿻丁口,"{'type': 'pictophonetic', 'semantic': '丁', 'hint': 'vigorous', 'phonetic': '口'}",口,可怜: Placed after a noun to express pity or sympathy for it.,可怜死了！,How pitiful!,可怜的猫。,Poor cat.,你为什么这么可怜？,Why are you so unfortunate?
可是,kě shì,连,but,4,⿻丁口,"{'type': 'pictophonetic', 'semantic': '丁', 'hint': 'vigorous', 'phonetic': '口'}",口,可是: Placed at the beginning of a clause to introduce a contrast.,可是太贵了！,But it's too expensive!,你还年轻，可是没有永久。,"You're still young, but not permanently.","这个小镇不大,可是很热闹.","This village isn't big, but it's quite lively."
可惜,kě xī,形,it's a pity,4,⿻丁口,"{'type': 'pictophonetic', 'semantic': '丁', 'hint': 'vigorous', 'phonetic': '口'}",口,可惜: Placed at the beginning of a sentence to express regret or pity.,好可惜。,What a shame.,可惜啊。,Too bad.,太可惜了！,What a pity!
客厅,kè tīng,名,living room,4,⿱宀各,"{'type': 'ideographic', 'hint': ""A person 各 welcomed under one's roof 宀; 各 also provides the pronunciation""}",宀,客厅: Placed in a sentence to specify the location of an action or as the subject.,汤姆和玛丽在客厅里。,Tom and Mary are in the living room.,汤姆正在客厅里等着。,Tom is waiting in the living room.,我新家的客厅很宽敞。,The living room in my new house is very large.
肯定,kěn dìng,形/副,certain; definite,4,⿱止⺼,"{'type': 'ideographic', 'hint': ""To stop 止 flexing one's muscles ⺼""}",⺼,肯定: Used before verbs or as an adverb to express certainty.,我很肯定！,I'm absolutely sure!,你肯定吗？,Are you sure?,我不能肯定。,I can't be positive.
空,kōng,形,air/space,4,⿱穴工,"{'type': 'pictophonetic', 'phonetic': '工', 'semantic': '穴', 'hint': 'cave'}",穴,空: Placed before nouns to indicate emptiness or vacancy.,空號。,Number unobtainable.,您有空嗎？,Are you available?,我有空。,I'm free.
空气,kōng qì,名,air,4,⿱穴工,"{'type': 'pictophonetic', 'phonetic': '工', 'semantic': '穴', 'hint': 'cave'}",穴,"空气: A noun representing air, used as subject or object in sentences.",空气有点冷。,The air felt a little cold.,空气是无形的。,Air is invisible.,我需要新鲜空气。,I need fresh air.
恐怕,kǒng pà,副,afraid,4,⿱巩心,"{'type': 'pictophonetic', 'phonetic': '巩', 'semantic': '心', 'hint': 'heart'}",心,恐怕: Placed before a verb to express fear or concern about something happening.,恐怕不行。,I'm afraid not.,恐怕你误解我了。,I'm afraid you misunderstood me.,恐怕你要加班了。,I'm afraid you have to work overtime.
苦,kǔ,形,bitter,4,⿱艹古,"{'type': 'pictophonetic', 'phonetic': '古', 'semantic': '艹', 'hint': 'grass'}",艹,苦: Used as an adjective to describe bitter taste or hardship.,辛苦啦！,Good work!,大家辛苦了！,"Good job, everyone!",人生良苦。,Life is very hard.
矿泉水,kuàng quán shuǐ,名,mineral water,4,⿰石广,"{'type': 'pictophonetic', 'phonetic': '广', 'semantic': '石', 'hint': 'mineral'}",石,"矿泉水: Noun referring to mineral water, used as a subject or object in sentences.",矿泉水很干净。,Mineral water is very clean.,我每天早上喝一瓶矿泉水。,I drink a bottle of mineral water every morning.,请给我两瓶矿泉水。,Please give me two bottles of mineral water.
困,kùn,形,difficulty; sleepy,4,⿴囗木,"{'type': 'ideographic', 'hint': 'A fence 囗 built around a tree 木'}",囗,困: Used as an adjective before nouns indicating difficulty or sleepiness.,你困吗？,Are you tired?,困死了。,I'm exhausted.,她不困。,She's not sleepy.
困难,kùn nan,名/形,difficulty,4,⿴囗木,"{'type': 'ideographic', 'hint': 'A fence 囗 built around a tree 木'}",囗,困难: Used as a noun or adjective to express difficulty in a sentence.,我呼吸困难。,I have trouble breathing.,这非常困难。,This is very difficult.,汤姆站立困难。,Tom had trouble standing up.
拉,lā,动,to play (a bowed instrument) to pull,4,⿰扌立,"{'type': 'pictophonetic', 'phonetic': '立', 'semantic': '扌', 'hint': 'hand'}",扌,拉: Placed after subject to indicate pulling action.,瑪撒拉！,Mashallah!,我要拉屎。,I have to take a dump.,拉塔來了嗎？,Has Lata come?
垃圾桶,lā jī tǒng,名,rubbish bin,4,⿰土立,"{'type': 'pictophonetic', 'phonetic': '立', 'semantic': '土', 'hint': 'earth'}",土,垃圾桶: A noun referring to a container for waste; used in phrases indicating placement of trash.,垃圾桶空了。,The bin is empty.,給丟到垃圾桶裡去。,Toss it into the trash.,,
辣,là,形,spicy,4,⿰辛束,"{'type': 'pictophonetic', 'phonetic': '束', 'semantic': '辛', 'hint': 'bitter'}",辛,辣: Used as an adjective before a noun to describe spiciness.,我不吃辣。,I don't eat spicy food.,不是很辣。,It is not very spicy.,薑是老的辣。,"The older, the wiser."
来不及,lái bu jí,动,there's not enough time (to do something),4,⿻未丷,"{'type': 'ideographic', 'hint': 'A wheat plant that has not yet borne fruit; compare 來'}",木,来不及: Placed after a verb to indicate it's too late to do something.,时间快来不及了。,We're running out of time.,我时间来不及啦，你快一点呀！,"I don't have enough time, hurry up!",我时间有点来不及，只能出门买大饼油条。,"I'm running a little short on time, so I can only go out and buy flat bread and bread sticks."
来得及,lái de jí,动,there's still time,4,⿻未丷,"{'type': 'ideographic', 'hint': 'A wheat plant that has not yet borne fruit; compare 來'}",木,来得及：用于句末表示还有时间。,我们来得及。,We have enough time.,很不幸，我没来得及听他的演讲。,Unfortunately I was not in time for his speech.,五点钟，你的信赶快投进去还来得及。,"It's five o' clock. If you quickly post your letter, it still might make it in time."
来自,lái zì,动,come from,4,⿻未丷,"{'type': 'ideographic', 'hint': 'A wheat plant that has not yet borne fruit; compare 來'}",木,来自: Placed before a noun to indicate origin.,我来自北京。,I come from Beijing.,你来自非洲吗？,Are you from Africa?,我来自非洲。,I'm from Africa.
懒,lǎn,形,lazy,4,⿰忄赖,"{'type': 'pictophonetic', 'phonetic': '赖', 'semantic': '忄', 'hint': 'heart'}",忄,懒: Used as an adjective before nouns to describe being lazy.,我不懒。,I'm not lazy.,他很懒。,He is lazy.,不要那么懒啊！,Don't be so lazy.
浪费,làng fèi,动,waste,4,⿰氵良,"{'type': 'pictophonetic', 'phonetic': '良', 'semantic': '氵', 'hint': 'water'}",氵,浪费: Placed after subject to indicate wasting of something.,这是浪费时间。,It's a waste of time.,一粒米都不要浪费!,Waste not a single grain of rice!,,
浪漫,làng màn,形,romantic,4,⿰氵良,"{'type': 'pictophonetic', 'phonetic': '良', 'semantic': '氵', 'hint': 'water'}",氵,浪漫: Used as an adjective to describe romantic qualities or situations.,好浪漫啊！,How romantic!,汤姆非常的浪漫。,Tom is extremely romantic.,玛丽总是说汤姆不够浪漫。,Mary is always saying that Tom isn't romantic enough.
老虎,lǎo hǔ,名,tiger,4,⿱耂匕,"{'type': 'pictographic', 'hint': 'A person bent over with long hair 匕 and a crutch; compare 耂'}",老,"老虎: A noun representing a tiger, used as a subject or object in sentences.",这不是老虎。,This is not a tiger.,老虎被杀了。,The tiger was killed.,那不是老虎。,That is not a tiger.
冷静,lěng jìng,形,calm,4,⿰冫令,"{'type': 'pictophonetic', 'phonetic': '令', 'semantic': '冫', 'hint': 'ice'}",冫,冷静: Used as an adjective to describe a calm state or attribute.,请冷静！,"Please, calm down!",冷静下来！,Get a grip on yourself!,冷静点。,Calm down.
礼拜天,lǐ bài tiān,名,Sunday,4,⿰礻乚,"{'type': 'pictophonetic', 'phonetic': '乚', 'semantic': '礻', 'hint': 'spirit'}",礻,"礼拜天: Indicates Sunday, used as a noun in sentences.",礼拜天我去公园散步。,"On Sunday, I go to the park for a walk.",礼拜天我要和朋友去看电影。,"On Sunday, I want to see a movie with my friends.",明天礼拜天，我可以休息一下。,"Tomorrow is Sunday, so I can take a rest."
理发,lǐ fà,动,hair-dressing,4,⿰王里,"{'type': 'pictophonetic', 'phonetic': '里', 'semantic': '王', 'hint': 'king'}",王,理发: Used as a verb indicating the action of getting hair cut.,你该理发了。,You should get your hair cut.,我去了理发店。,I have been to the barber's.,我今天去理发。,I'm going to the barber today.
理解,lǐ jiě,动,comprehend; understanding,4,⿰王里,"{'type': 'pictophonetic', 'phonetic': '里', 'semantic': '王', 'hint': 'king'}",王,理解: Placed as a verb indicating comprehension of something.,能理解？,Understand?,我能理解！,I understand!,他能理解。,He understands.
礼貌,lǐ mào,名,courtesy; politeness,4,⿰礻乚,"{'type': 'pictophonetic', 'phonetic': '乚', 'semantic': '礻', 'hint': 'spirit'}",礻,礼貌: Used as a noun to express courtesy or politeness in a sentence.,她很有礼貌。,She has very good manners.,Tom没有礼貌。,Tom has no manners.,他真的很没礼貌。,He really has no manners.
理想,lǐ xiǎng,名,ideal; ambition,4,⿰王里,"{'type': 'pictophonetic', 'phonetic': '里', 'semantic': '王', 'hint': 'king'}",王,理想: Serves as a noun representing an ideal or ambition in sentences.,你是我的理想情人。,You're the girl of my dreams.,他被证实是个理想丈夫。,He proved to be an ideal husband.,在理想的战争里，后果是人会死。,In a war of ideas it is people who get killed.
厉害,lì hai,形,difficult to deal with,4,⿸厂万,{},厂,厉害: Used as an adjective to describe something challenging or formidable.,我非常厉害。,I'm a bad-ass.,她游泳很厉害。,She swims brilliantly well.,我烧得很厉害。,I have a high fever.
力气,lì qi,名,strength,4,⿻丿？,"{'type': 'ideographic', 'hint': ""A plow's head representing strength""}",力,力气: A noun indicating physical or mental strength.,我没力气了。,I have no strength.,我的力气耗尽了。,My strength is all gone.,我没力气继续尝试了。,I don't have the strength to keep trying.
例如,lì rú,动,for example,4,⿰亻列,"{'type': 'pictophonetic', 'phonetic': '列', 'semantic': '亻', 'hint': 'person'}",亻,例如: Placed at the beginning of a clause to introduce examples.,例如，這是一支筆。,"For example, this is a pen.",日语 “Tatoeba” 是例如的意思。,"""Tatoeba"" means ""for example"" in Japanese.",例如，在保加利亚摇头表示同意而点头表示不同意。,"For example in Bulgaria, shaking one's head means yes while nodding one's head means no."
俩,liǎ,,two; both (people),4,⿰亻两,"{'type': 'ideographic', 'hint': 'A couple 寿; 寿 also provides the pronunciation'}",亻,"俩: Placed after a numeral to mean ""two people"" concisely.",他们俩上了车。,They both got in the car.,咱们俩是朋友。,You and I are friends.,你们俩都不傻。,He is no more foolish than you are.
连,lián,介,connect,4,⿺辶车,"{'type': 'ideographic', 'hint': 'A cart 车 moving 辶 goods between cities'}",辶,连: Placed before verbs to indicate continuity or connection.,连笑话也有限制。,Even jokes have a limit.,连小孩儿都会做。,Even a child could do it.,我们连蛋都没剩下,We don't have any eggs left either.
联系,lián xì,动,to make contact,4,⿰耳关,"{'type': 'pictophonetic', 'phonetic': '关', 'semantic': '耳', 'hint': 'ear'}",耳,联系: Placed after subject to indicate making contact with someone.,联系我。,Call me.,没有联系。,There's no contact.,联系我们。,Call us.
凉快,liáng kuai,形,cool,4,⿰冫京,"{'type': 'pictophonetic', 'semantic': '冫', 'hint': 'ice', 'phonetic': '京'}",冫,凉快: Used as an adjective to describe something cool or pleasant in temperature.,今天很凉快。,It's cool today.,,,,
零钱,líng qián,名,(small) change [money],4,⿱雨令,"{'type': 'pictophonetic', 'phonetic': '令', 'semantic': '雨', 'hint': 'raindrop'}",雨,零钱: Used as a noun referring to small change for transactions.,有零钱吗？,Do you have any small change?,不用找零钱了。,Keep the change!,我没任何零钱。,I don't have any change.
另外,lìng wài,连/代,another,4,⿱口力,{},口,另外: Used at the beginning of a clause to introduce additional information.,在服務台另外預約。,Make another appointment at the front desk.,另外一队轻视了我们。,The other team took us lightly.,所以你来自另外一个星球？,So you come from another planet?
留,liú,动,remain,4,⿱卯田,{},田,留: Placed after verbs to indicate remaining or keeping something.,留下来！,Stay!,留着吧。,Keep it.,留下來了,It is left here.
流利,liú lì,形,fluent,4,⿰氵㐬,"{'type': 'pictophonetic', 'phonetic': '㐬', 'semantic': '氵', 'hint': 'water'}",氵,流利: Used as an adjective to describe fluency in languages or skills.,他的英语多流利啊！,His English is very fluent!,她法语说得不流利。,Her French is not fluent.,他能讲流利的日语。,He's fluent in Japanese.
流行,liú xíng,动,popular,4,⿰氵㐬,"{'type': 'pictophonetic', 'phonetic': '㐬', 'semantic': '氵', 'hint': 'water'}",氵,流行: Used as a verb to describe something becoming popular.,這不是很流行。,This is not very stylish.,红色不流行了。,Red is out of fashion.,我喜歡流行音樂。,I like pop music.
乱,luàn,形,chaotic,4,⿰舌乚,{},乚,乱: Placed after nouns to describe as chaotic or placed before verbs to indicate disorderly action.,不能去乱碰的！,You can't touch it!,我不会乱动的。,I wouldn't make any sudden moves.,汤姆也很混乱。,"Tom was confused, too."
旅行,lǚ xíng,动,to travel,4,⿰方⿱？氏,"{'type': 'ideographic', 'hint': 'A man 方 traveling with a pack 氏 on his back'}",方,旅行: Used as a verb indicating the action of traveling.,他愛旅行。,He loves traveling.,旅行是乐事。,It's fun to travel.,我想去旅行。,I feel like going on a trip.
律师,lǜ shī,名,lawyer,4,⿰彳聿,"{'type': 'ideographic', 'hint': 'To walk 彳 as required by law 聿'}",彳,律师: Serves as a noun representing a legal professional in sentences.,我是你的律师。,I'm your lawyer.,律师都是骗子。,Lawyers are all liars.,这男人是律师。,The man is a lawyer.
麻烦,má fan,名/动,hassle; to trouble somebody,4,⿸广林,"{'type': 'ideographic', 'hint': 'Hemp plants 林 growing in a greenhouse 广'}",麻,麻烦: Used after 找 to ask for help politely or placed before verb to cause inconvenience.,真麻烦。,How annoying.,麻烦您了！,Sorry to bother you!,他有麻烦。,He is in trouble.
马虎,mǎ hu,形,careless,4,⿹？一,"{'type': 'pictographic', 'hint': 'Simplified form of 馬, a horse galloping to the left'}",马,马虎: Placed after a noun to describe being careless about it.,我从马来西亚来的妈妈觉得那三匹马马马虎虎。,My mother from Malaysia thinks that those three horses are so-so.,,,,
满,mǎn,形,reach a quota or limit; full,4,⿰氵⿱艹两,"{'type': 'pictophonetic', 'phonetic': '㒼', 'semantic': '氵', 'hint': 'water'}",氵,满: Placed after nouns to indicate fullness or reaching a limit.,后备箱满了。,The trunk is full.,我真是满意。,I was quite satisfied.,他们满意了。,They were satisfied.
毛,máo,名,hair; fur; crude,4,⿻乇一,{},毛,毛: Used as a noun to refer to hair or fur.,你看箇毛呢？,What the hell are you looking at?,你有毛毯吗？,Do you have a woollen blanket?,你剃过腿毛吗？,Have you ever shaved your legs?
毛巾,máo jīn,名,towel,4,⿻乇一,{},毛,毛巾: A noun representing a towel in a sentence as an object.,我需要一塊毛巾。,I need a towel.,幫我遞一下毛巾。,Hand me my towel.,給我一條乾毛巾。,Bring me a dry towel.
美丽,měi lì,形,pretty,4,⿱羊大,"{'type': 'ideographic', 'hint': 'A person 大 wearing an elegant crown 羊'}",羊,美丽: Used as an adjective to describe something pretty.,德国很美丽。,Germany is beautiful.,你非常美丽。,You are very beautiful.,文学是美丽的。,Literature is beautiful.
梦,mèng,名,dream,4,⿱林夕,"{'type': 'ideographic', 'hint': 'Two eyes shut 林 at night 夕'}",木,"梦: A noun representing a dream, often used as subject or object in sentences.",梦想成真！,A dream come true!,继续做梦！,Dream on!,做个美梦！,Have a good dream!
迷路,mí lù,动,lose the way; get lost,4,⿺辶米,"{'type': 'pictophonetic', 'phonetic': '米', 'semantic': '辶', 'hint': 'walk'}",辶,迷路: Used as a verb phrase indicating one has lost their way.,你迷路了吗？,Are you lost?,您迷路了吗？,Are you lost?,拉雅迷路了。,Raya got lost.
密码,mì mǎ,名,code,4,⿱宓山,"{'type': 'ideographic', 'hint': 'A silent 宓 mountain 山; 宓 also provides the pronunciation'}",宀,密码: Used as a noun to refer to codes or passwords in sentences.,"密码是""Muiriel""。","The password is ""Muiriel"".",他忘记了密码,He doesn't remember the password.,你知道密码吗？,Do you know the password?
免费,miǎn fèi,动,free,4,⿱⺈⿻口儿,{},儿,免费: Used before nouns to indicate something is free of charge.,免费的。,It's for free.,这是免费的。,It's on the house.,这是免费的吗？,Is it free?
秒,miǎo,量,second,4,⿰禾少,"{'type': 'pictophonetic', 'phonetic': '少', 'semantic': '禾', 'hint': 'grain'}",禾,秒: Placed after numbers to indicate seconds.,分秒必争。,Every minute counts.,一分鐘有 60 秒。,A minute has 60 seconds.,一分钟有六十秒。,A minute has sixty seconds.
民族,mín zú,名,nationality,4,⿻巳戈,"{'type': 'ideographic', 'hint': 'An eye 巳 pierced by a dagger 戈, an old mark of slavery'}",民,民族: Placed after classifiers to refer to nationalities or ethnic groups.,中国有56个民族。,There are 56 ethnic groups in China.,日本人是勤劳的民族。,The Japanese are an industrious people.,世界上有很多不同的民族。,There are a lot of different peoples in the world.
母亲,mǔ qīn,名,mother,4,,"{'type': 'ideographic', 'hint': ""A mother's breasts""}",母,"母亲: A noun referring to one's mother, used as a subject or object in sentences.",地球母亲。,Mother Earth.,母亲节快乐！,Happy Mother's Day!,她比母亲高。,She's taller than her mother.
目的,mù dì,名,objective; purpose,4,⿴口二,"{'type': 'pictographic', 'hint': 'An eye drawn on its side'}",目,目的: Serves as a noun representing an objective or purpose in a sentence.,為了什麼目的？,For what purpose?,愛是盲目的。,Love is blind.,这是我的目的。,That's my aim.
耐心,nài xīn,形,patient,4,⿰而寸,{},而,耐心: Used as an adjective to describe having patience.,耐心點。,Just be patient.,耐心等着。,Sit tight.,你缺乏耐心。,You're impatient.
难道,nán dào,副,could it be...?,4,⿰又隹,"{'type': 'ideographic', 'hint': 'A hand 又 trying to grasp at a bird 隹'}",又,难道: Placed at the beginning of a sentence to express doubt or surprise.,难道你不感到荣幸？,Don't you feel honored?,难道你不想念什么吗？,Don't you miss anything?,他把我忘了，难道不是吗？,"He had forgotten me, didn't he?"
难受,nán shòu,形,feel unwell; difficult to bear,4,⿰又隹,"{'type': 'ideographic', 'hint': 'A hand 又 trying to grasp at a bird 隹'}",又,难受: Used as an adjective to describe feeling unwell or emotional distress.,我难受三周了。,I was sore for three weeks.,我生病了，很难受！,"I'm sick, and it's miserable!",他死了我真难受。,I am very sad that he has died.
内,nèi,名,within,4,⿻冂人,"{'type': 'ideographic', 'hint': 'A man 人  entering a door 冂'}",入,内: Placed before or after nouns to indicate inside or within.,他很内向。,He is introverted.,禁止入内。,No Trespassing.,我内存不够。,I don't have enough RAM.
内容,nèi róng,名,content,4,⿻冂人,"{'type': 'ideographic', 'hint': 'A man 人  entering a door 冂'}",入,内容: Serves as a noun representing the subject's topic or material.,信的内容是什么？,What is the letter about?,这本书的内容是什么？,What is the book about?,我刚才说的内容，你想补充么？,Is there anything you want to add to what I just said?
能力,néng lì,名,skills; ability,4,⿰⿱厶⺼⿱匕匕,"{'type': 'pictographic', 'hint': ""A bear's head 厶, body ⺼, and claws 匕""}",⺼,能力: Placed after measure words or used alone as a noun.,她有预言的能力。,She has a gift for prophecy.,努力提升英文能力。,Try to polish up your English.,你的学习能力很强。,You have a strong ability to learn.
年龄,nián líng,名,age,4,⿻干？,"{'type': 'ideographic', 'hint': 'A man 干 carrying grain, representing the annual harvest'}",干,年龄: Placed after quantifiers or used alone to indicate age.,‘年龄’ ‘16岁’,"""Age?"" ""16.""",他们年龄相仿。,They are about the same age.,你的年龄是多少？,How old are you?
弄,nòng,动,play with; fix; manage,4,⿱玉廾,"{'type': 'ideographic', 'hint': 'Two hands 廾 playing with a piece of jade 玉; 廾 also provides the pronunciation'}",廾,弄: 动词，表示处理或玩耍某物。,弄什麼呀？,What are you doing?,让我来弄。,Leave it to me.,洗后弄平。,"After washing, de-wrinkle it."
暖和,nuǎn huo,形,warm,4,⿰日爰,"{'type': 'pictophonetic', 'phonetic': '爰', 'semantic': '日', 'hint': 'sun'}",日,暖和: Used as an adjective to describe warmth.,天氣暖和。,It was a warm day.,今天相當暖和。,It's fairly warm today.,這條被子很暖和。,This quilt is very warm.
偶尔,ǒu ěr,副,occasionally,4,⿰亻禺,"{'type': 'pictophonetic', 'phonetic': '禺', 'semantic': '亻', 'hint': 'person'}",亻,偶尔: Placed before verbs to indicate occasional action.,我偶尔做。,I seldom do that.,它偶尔会发生。,It happens occasionally.,他偶尔会来拜访我。,He occasionally visited me.
排队,pái duì,动,queue up; line up,4,⿰扌非,"{'type': 'pictophonetic', 'phonetic': '非', 'semantic': '扌', 'hint': 'hand'}",扌,排队: Used as a verb to indicate lining up or queuing for something.,您必须排队。,You have to wait in line.,他是排队的第一个。,He was the first in line.,“我已经在排队呢，”我告诉他。,"""But I'm already queuing,"" I tell him."
排列,pái liè,动,array,4,⿰扌非,"{'type': 'pictophonetic', 'phonetic': '非', 'semantic': '扌', 'hint': 'hand'}",扌,排列: 动词，表示按顺序安排或排列物体。,你能把這清單按字母順序排列嗎？,Could you rearrange this list so it's in alphabetical order?,把一疊撲克牌的排列次序背熟，雖然絕不是一件易事，卻也不是沒有可能的。,"Memorising the cards in a deck in order is certainly a difficult task, but manageable.",,
判断,pàn duàn,动,to decide,4,⿰半刂,"{'type': 'pictophonetic', 'phonetic': '半', 'semantic': '刂', 'hint': 'knife'}",刂,判断: Placed as a verb to express making a decision or judgment.,我无法判断距离。,I can't judge distance.,我一直都相信你的判断。,I've always trusted your judgment.,我无法判断他的话是真是假。,I've no way of telling whether or not what he says is true.
陪,péi,动,accompany,4,⿰阝咅,"{'type': 'pictophonetic', 'phonetic': '咅', 'semantic': '阝', 'hint': 'place'}",阝,陪: Placed after a subject to indicate accompanying someone.,沒人陪他玩。,He has no one to play with.,你会陪我去吗？,Will you accompany me?,我陪她散步。,I accompanied her on a walk.
批评,pī píng,动,criticise,4,⿰扌比,"{'type': 'pictophonetic', 'phonetic': '比', 'semantic': '扌', 'hint': 'hand'}",扌,批评: Used as a verb to express criticism of actions or works.,你总是批评我！,You're always criticizing me!,他被严历批评。,He was harshly criticized.,不要再批评我了！,Stop criticizing me!
皮肤,pí fū,名,skin,4,⿸？攴,"{'type': 'pictographic', 'hint': 'A hand using a tool 攴 to strip the hide from a carcass'}",皮,"皮肤: A noun referring to skin, used as a subject or object in sentences.",熬夜是皮肤的大敌。,Staying up late at night is very bad for your skin.,我的皮肤是干性的。,I have dry skin.,她的皮肤比雪还白。,Her skin is more white than snow.
脾气,pí qi,名,temperament; disposition,4,⿰⺼卑,"{'type': 'pictophonetic', 'phonetic': '卑', 'semantic': '⺼', 'hint': 'flesh'}",⺼,脾气: A noun indicating one's temperament or disposition in a sentence.,她脾气有点坏。,She has a bit of a bad temper.,燕妮要发脾气了。,Yanni was losing his temper.,他是个好脾气的人。,He is an agreeable person.
篇,piān,量,sheet,4,⿱⺮扁,"{'type': 'ideographic', 'hint': 'A bamboo ⺮ tablet 扁; 扁 also provides the pronunciation'}",⺮,篇: Used as a measure word for documents or articles.,我想写篇文章。,I want to write an article.,这篇文章很好。,This article is very good.,我在读短篇小说。,I am reading short stories.
骗,piàn,动,deceive; cheat,4,⿰马扁,"{'type': 'pictophonetic', 'phonetic': '扁', 'semantic': '马', 'hint': 'horse'}",马,骗: Placed as a verb to indicate deceiving or cheating someone.,别骗我！,Don't lie to me!,你骗人！,You must be kidding!,你骗了他！,You lied to him!
乒乓球,pīng pāng qiú,名,table tennis; ping-pong,4,⿱丘丿,"{'type': 'ideographic', 'hint': 'A ball bouncing back and forth; compare 乓'}",丿,乒乓球: Serves as a noun in sentences referring to table tennis.,我们队是这次乒乓球比赛得标的热门队。,Our team is seeded in the ping-pong competition.,中国乒乓球队进行了一个月的封闭式冬训。,The China National Table Tennis Team had a month's closed training in winter.,,
平时,píng shí,名,ordinarily,4,⿻干丷,"{'type': 'pictographic', 'hint': 'A leveling scale'}",广,平时: Placed before verbs to indicate usual actions or states.,你平时做些什么？,What do you do normally?,今天比平时还忙。,Today's even busier than normal.,汤姆起得比平时早。,Tom got up much earlier than usual.
破,pò,动,break,4,⿰石皮,"{'type': 'pictophonetic', 'phonetic': '皮', 'semantic': '石', 'hint': 'rock'}",石,破: Placed before a noun to indicate breaking it.,哇！打破了！,Ahh! It broke!,他破產了。,He is bankrupt.,他破产了。,He went bankrupt.
葡萄,pú tao,名,grapes,4,⿱艹匍,"{'type': 'pictophonetic', 'phonetic': '匍', 'semantic': '艹', 'hint': 'plant'}",艹,葡萄: A noun representing grapes in a sentence as a subject or object.,我喜欢葡萄酒。,I like wine.,她是葡萄牙人。,She is Portuguese.,他是葡萄牙人。,He is Portuguese.
普遍,pǔ biàn,形,universal,4,⿱並日,"{'type': 'ideographic', 'hint': 'Everyone 並 under the sun 日'}",日,普遍: Placed after nouns to describe universal characteristics.,日本人普遍很内敛。,Japanese people are generally very reserved.,学术造假比你想象的普遍。,Academic fraud is more common than you might think.,地震後人們普遍覺得恐慌。,There was widespread panic after the earthquake.
普通话,pǔ tōng huà,名,Standard Chinese [language],4,⿱並日,"{'type': 'ideographic', 'hint': 'Everyone 並 under the sun 日'}",日,普通话: Noun referring to Standard Chinese language.,您会讲普通话吗？,Can you speak Mandarin?,你会讲普通话吗？,Can you speak Mandarin?,我的普通话很好。,My Chinese is very good.
其次,qí cì,代,next,4,⿱甘⿱一八,{},八,其次: Introduces the second point in a sequence of ideas.,其次，按照日程今天有将要发布的项目吗？,"Secondly, is there any project scheduled to be released today?",种一棵树，最好的时间是20年前，其次是现在。,The best time to plant a tree is 20 years ago. The second best time is now.,首先，我一點錢也沒有。其次，我也沒有時間。,"First, I don't have any money. Second, I don't have the time."
其中,qí zhōng,名,among which,4,⿱甘⿱一八,{},八,其中: Placed in sentences to refer to something within a previously mentioned scope.,她不想涉入其中。,She didn't want to get involved.,你也是其中一个吧！,"You're one of them too, aren't you?!",我想要买其中一个。,I'd like to buy one of these.
气候,qì hòu,名,climate,4,⿱亻？,"{'type': 'ideographic', 'hint': 'A person 亻 breathing air'}",气,气候: Placed after a location noun to describe local weather patterns.,岛上气候怎么样？,What is the climate on the island like?,我对这气候习惯了。,I am accustomed to the climate.,那里的气候怎么样?,How's the weather there?
千万,qiān wàn,副,ten million,4,⿱丿十,{},十,千万: Used before verbs or clauses to emphasize great quantity or importance.,千万不要!,Please don't!,千万不可低估汤姆。,Never underestimate Tom.,千万别误会我的意思。,Please don't misunderstand me.
签证,qiān zhèng,名,visa,4,⿱⺮佥,"{'type': 'pictophonetic', 'phonetic': '佥', 'semantic': '⺮', 'hint': 'bamboo'}",⺮,签证: Placed after quantifiers or as a noun in sentences related to travel documents.,我申请了签证。,I applied for a visa.,拜托您，请给我一张签证。,"I beg you, give me a visa.",只有得了签证才可以来中国。,You can only come to China if you’ve got a visa.
敲,qiāo,动,to hit,4,⿰高攴,"{'type': 'pictophonetic', 'phonetic': '高', 'semantic': '攴', 'hint': 'strike'}",攴,敲: Placed as a verb indicating the action of hitting or knocking.,誰在敲門？,Who's knocking on the door?,请敲门。,Please knock on the door.,有人敲门吗？,Is someone knocking on the door?
桥,qiáo,名,bridge,4,⿰木乔,"{'type': 'pictophonetic', 'phonetic': '乔', 'semantic': '木', 'hint': 'wood'}",木,桥: A noun indicating a structure spanning and providing passage over water or space.,桥下很黑。,It was pretty dark under the bridge.,过河拆桥。,"Danger past, God forgotten.",桥在建造中。,The bridge is under construction.
巧克力,qiǎo kè lì,名,chocolate,4,⿰工丂,"{'type': 'pictophonetic', 'phonetic': '丂', 'semantic': '工', 'hint': 'work'}",工,"巧克力: As a noun, it functions as the subject or object in a sentence.",谁要热巧克力？,Who wants hot chocolate?,我会买巧克力。,I will buy chocolate.,您喜歡巧克力嗎？,Do you like chocolate?
亲戚,qīn qi,名,relatives,4,⿱立⿻一小,"{'type': 'ideographic', 'hint': 'A tree 木 bearing fruit 立'}",立,"亲戚: A noun referring to relatives, used in sentences to identify familial connections.",我常常访问我的亲戚。,I often visit my relatives.,你是不是长岛家的亲戚？,Are you related to the Nagashima family?,她没有任何亲戚朋友照顾她。,She doesn't have any friends or relatives to take care of her.
轻,qīng,形,light-weight,4,⿰车⿱又工,"{'type': 'pictophonetic', 'phonetic': '工', 'hint': 'cart', 'semantic': '车'}",车,轻: Placed before nouns to describe light weight or lightly.,他很年轻。,He is very young.,你还年轻。,You're still green.,轻一点儿放！,Put it down lightly!
轻松,qīng sōng,形,gentle,4,⿰车⿱又工,"{'type': 'pictophonetic', 'phonetic': '工', 'hint': 'cart', 'semantic': '车'}",车,轻松: Used as an adjective to describe something gentle or easy.,我感觉轻松了。,I feel relieved.,他能轻松地读英语。,He can read English easily.,,
情况,qíng kuàng,名,happening,4,⿰忄青,"{'type': 'pictophonetic', 'phonetic': '青', 'semantic': '忄', 'hint': 'heart'}",忄,情况: Used after nouns to describe circumstances or situations.,情况很棘手。,The situation is difficult.,这得看情况。,It depends on the context.,这要看情况。,It depends on the context.
穷,qióng,形,poor,4,⿱穴力,{},穴,穷: Placed after a subject to describe being poor.,我很穷。,I'm poor.,他很穷。,He is poor.,他们都不穷。,All of them are not poor.
区别,qū bié,名,difference,4,⿷匸乂,"{'type': 'ideographic', 'hint': ""A place 匸 under a lord's control 乂""}",匸,区别: Placed after a comparison to indicate difference between two things.,有什么区别吗？,Is there a difference?,“这”和“那”有什么区别？,What is the difference between this and that?,这没有任何区别。,That makes no difference.
取,qǔ,动,take; get,4,⿰耳又,"{'type': 'ideographic', 'hint': 'A hand 又 taking the ear 耳 of a fallen enemy'}",又,取: Placed as a verb to indicate taking or obtaining something.,取决于你,It's up to you.,航班取消了,The flight was cancelled.,別以貌取人。,Don't judge people from the way they look.
全部,quán bù,名,all,4,⿱入玉,"{'type': 'ideographic', 'hint': 'Jade 玉 put away 入 for safe-keeping'}",入,全部: Placed before nouns to indicate all of something.,全部上岸！,All ashore!,这就是全部吗？,Is this everything?,这就是全部了吗？,Is this all?
缺点,quē diǎn,名,disadvantage,4,⿰缶夬,"{'type': 'pictophonetic', 'phonetic': '夬', 'semantic': '缶', 'hint': 'jar'}",缶,缺点: Placed after adjectives or following verbs to express a disadvantage.,她的缺点让我更爱她。,I love her all the more for her faults.,电视的确有一些缺点。,It is true that television also has some disadvantages.,你不觉得他有很多缺点吗？,You don't think he has many faults?
缺少,quē shǎo,动,lack,4,⿰缶夬,"{'type': 'pictophonetic', 'phonetic': '夬', 'semantic': '缶', 'hint': 'jar'}",缶,缺少: Followed by a noun to indicate lack of something.,此刻我缺少現金。,I'm short of cash at the moment.,公司缺少領導團隊。,The company lacks leadership.,缺少运动有害健康。,A lack of exercise is bad for your health.
却,què,副,but,4,⿰去卩,"{'type': 'pictophonetic', 'phonetic': '去', 'semantic': '卩', 'hint': 'seal'}",卩,却: Placed before a verb to indicate contrast or unexpectedness.,他瞄准了，却没命中。,"He aimed, but missed.",他虽然穷，却很幸福。,"Even though he's poor, he's happy.",我爱她，但是她却爱别人。,"I love her, but she loves someone else."
确实,què shí,副,indeed,4,⿰石角,"{'type': 'pictophonetic', 'phonetic': '角', 'semantic': '石', 'hint': 'stone'}",石,确实: Placed before verbs to emphasize agreement or confirmation.,她确实死了。,It's true that she's dead.,你确实很强。,You are truly very strong.,确实我有点懒。,I really am kind of lazy.
然而,rán ér,连,however,4,⿱肰灬,"{'type': 'pictophonetic', 'phonetic': '肰', 'semantic': '灬', 'hint': 'fire'}",灬,然而: Placed at the beginning of a clause to introduce a contrast.,然而，相反的理论往往也是真的。,"And yet, the contrary is always true as well.",然而这也算不上什么像样的东西。,But it isn't even worth calling stuff.,原版很好，然而葡萄牙语译文有误。,"The original edition is great, but the Portuguese translation contains errors."
热闹,rè nao,形,bustling; lively,4,⿱执灬,"{'type': 'pictophonetic', 'phonetic': '执', 'semantic': '灬', 'hint': 'fire'}",灬,热闹: Used as an adjective to describe bustling or lively scenes.,市场上到处都很热闹。,There isn't a place in this market that isn't lively.,"这个小镇不大,可是很热闹.","This village isn't big, but it's quite lively.","吃火锅的时候 ,气氛往往是非常热闹的.",The atmosphere is always extremely lively when eating hot pot.
任何,rèn hé,代,any,4,⿰亻壬,"{'type': 'pictophonetic', 'semantic': '亻', 'hint': 'person', 'phonetic': '壬'}",亻,任何: Placed before nouns to indicate 'any' or 'any whatsoever'.,按任何键。,Press any key.,没有任何问题!,No problem at all!,不要告訴任何人！,Please don't tell anyone!
任务,rèn wu,名,task,4,⿰亻壬,"{'type': 'pictophonetic', 'semantic': '亻', 'hint': 'person', 'phonetic': '壬'}",亻,任务: Placed after verbs indicating receiving or undertaking tasks.,任务完成。,Mission accomplished.,谁选你来做这个任务？,Who picked you for this mission?,这是个不可能的任务。,This is an impossible task.
扔,rēng,动,to throw,4,⿰扌乃,"{'type': 'pictophonetic', 'phonetic': '乃', 'semantic': '扌', 'hint': 'hand'}",扌,扔: Placed as a main verb to indicate the action of throwing.,扔掉,Throw it away.,赶紧扔掉。,Just get rid of it.,他把球扔了。,He threw the ball.
仍然,réng rán,副,still,4,⿰亻乃,"{'type': 'pictophonetic', 'phonetic': '亻', 'semantic': '乃', 'hint': 'then'}",亻,仍然: Placed before verbs to indicate actions continue despite changes.,我仍然忙碌。,I'm still busy.,我仍然爱着她。,I still love her.,他仍然爱着她。,He still loves her.
日记,rì jì,名,diary,4,⿴口一,"{'type': 'pictographic', 'hint': 'The sun'}",日,日记: A noun representing a daily record or journal.,你记日记吗？,Do you keep a diary?,我爸爸每天都记日记。,My dad keeps a journal every day.,这一年我下了决心写日记。,I resolved to keep a diary this year.
入口,rù kǒu,名,entrance [to a building],4,,"{'type': 'ideographic', 'hint': 'An arrow indicating ""enter""'}",入,入口: Placed before a noun to indicate an entry point.,這是唯一的入口。,This is the only way in.,没有其他入口了。,There's no other way in.,有辆车停在入口。,A car stopped at the entrance.
散步,sàn bù,动,to go for a walk; stroll,4,⿰⿱？⺼攵,"{'type': 'ideographic', 'hint': 'A hand 攵 tossing seeds from a basket'}",攵,散步: Used as a verb in sentences indicating the action of going for a walk.,我去散步了。,I took a walk.,我陪她散步。,I accompanied her on a walk.,她想去散步。,She felt like taking a walk.
森林,sēn lín,名,forest,4,⿱木⿰木木,"{'type': 'ideographic', 'hint': 'Many trees 木 forming a forest'}",木,森林: Functions as a noun referring to a forest in a sentence.,森林里下雨了。,It had rained in the forest.,我曾是一片森林。,I was a forest.,我们都在森林里。,We're in the forest.
沙发,shā fā,名,sofa,4,⿰氵少,"{'type': 'pictophonetic', 'phonetic': '少', 'semantic': '氵', 'hint': 'water'}",氵,"沙发: A noun representing a piece of furniture, used as subject or object in sentences.",睡在沙发上。,Sleep on the couch.,就在沙发上。,It's just there on the sofa.,我坐在沙发上。,I'm sitting on the sofa.
商量,shāng liang,动,to consult,4,⿱⿱亠丷冏,"{'type': 'pictophonetic', 'phonetic': '章', 'semantic': '冏', 'hint': 'bright'}",口,商量: Placed after subjects to indicate consulting each other.,我得找人商量一下。,I need to find someone to discuss this with.,她想与他商量一些事。,She wanted to go over a few things with him.,我不知道该和谁商量好。,I don't know who to consult with.
伤心,shāng xīn,形,sad,4,⿰亻⿱？力,{},亻,伤心: Placed after verbs or as predicate to express feeling sad.,别伤心。,Don't be sad.,你老婆为什么伤心？,Why is your wife sad?,她看起来很伤心。,She looks sad.
稍微,shāo wēi,副,a little bit,4,⿰禾肖,"{'type': 'ideographic', 'hint': 'Resembling 肖 grain 禾; 肖 also provides the pronunciation'}",禾,稍微: Placed before verbs to indicate doing something slightly.,稍微随意一点。,Let your hair down a little.,稍微冷点儿不要紧。,I don't care if it's a bit cold.,稍微冷一点没关系。,I don't mind if it's a little cold.
勺子,sháo zi,名,spoon; ladle; scoop,4,⿹勹丶,"{'type': 'ideographic', 'hint': 'A spoon 勹 with something in it 丶'}",勹,勺子: A noun representing a spoon or ladle used in sentences to denote utensils.,缺一把勺子。,There is a spoon missing.,我的勺子更大！,My spoon is bigger!,把勺子给我。,Give me the spoon.
社会,shè huì,名,society,4,⿰礻土,"{'type': 'ideographic', 'hint': 'An earth 土 spirit 礻; 礻 also provides the pronunciation'}",礻,社会: Functions as a noun referring to society in discussions.,社会在变化。,Society is changing.,我们住在一个社会。,We live in a society.,他们忙于社会改革。,They were busy working for social reforms.
深,shēn,形,dark [colour]; deep,4,⿰氵罙,"{'type': 'ideographic', 'hint': 'Deep 罙 water 氵'}",氵,深: Placed after nouns to describe darkness or depth.,請深呼吸。,"Take a deep breath, please.",我深感抱歉。,I am sincerely sorry.,這洞有多深啊？,How deep is the hole?
申请,shēn qǐng,动,to apply; application,4,⿻日丨,"{'type': 'pictographic', 'hint': 'A bolt of lightning'}",田,申请: Placed as a verb to indicate making an application or request.,我申请了签证。,I applied for a visa.,没有合格的申请人吗？,Aren't there any qualified applicants?,请填好这张申请表。,Please fill in this application form.
甚至,shèn zhì,连,even,4,⿱甘匹,{},甘,甚至: Placed before a word to emphasize extremity.,我甚至不喜歡你,I don't even like you.,我甚至不想试试。,I don't even want to try it.,他甚至骂我傻瓜。,He even called me an idiot.
生活,shēng huó,名,life,4,⿻一土,"{'type': 'ideographic', 'hint': ' A shoot 屮 growing in the soil 土'}",生,生活: A noun representing one's lifestyle or living conditions.,生活。,My life.,生活第一！,Life first!,生活怎么样？,How's life?
生命,shēng mìng,名,life,4,⿻一土,"{'type': 'ideographic', 'hint': ' A shoot 屮 growing in the soil 土'}",生,生命: Used as a noun to refer to life or lifespan in a sentence.,我爱生命。,I love life.,水就是生命。,Water is life.,這就是生命。,This is the life.
生意,shēng yi,名,business,4,⿻一土,"{'type': 'ideographic', 'hint': ' A shoot 屮 growing in the soil 土'}",生,生意: Used as a noun to refer to business activities or enterprises.,生意真难做!,Man is business difficult!,生意怎么样？,How's business?,他的生意失败了。,He failed in business.
省,shěng,动,to save,4,⿱少目,"{'type': 'pictophonetic', 'phonetic': '少', 'semantic': '目', 'hint': 'division'}",目,省: Placed after a verb to indicate saving or conserving.,省省吧！,Save it!,浙江省在哪里？,Where is Zhejiang Province?,天啊，省省吧。,"Jeez, give it a rest."
剩,shèng,动,spare,4,⿰乘刂,"{'type': 'pictophonetic', 'phonetic': '乘', 'semantic': '刂', 'hint': 'knife'}",刂,剩: Placed after a noun to indicate remaining or leftover items.,還剩座位嗎？,Are any seats still available?,还剩多少时间？,How much time is left?,现在有剩余。,Now there is some left over.
失败,shī bài,动,fail,4,⿻丿夫,"{'type': 'ideographic', 'hint': 'Something 丿 falling from a hand 夫'}",大,失败: Placed as a verb to indicate failing in an action or endeavor.,汤姆失败了。,Tom failed.,你注定失败。,You're bound to fail.,注意别失败。,Take care not to fail.
师傅,shī fu,名,master,4,⿰刂帀,"{'type': 'ideographic', 'hint': 'To skillfully wield 帀 a knife 刂'}",巾,师傅: Used as a noun to address a skilled craftsman or teacher respectfully.,早安，师傅。我应该怎么样提高听力能力？,"Good day, lords. In what way can I refine upon my adroitness in aural comprehension?",师傅，方向反了，我要去东边，你怎么往西边开？,"Driver, you're driving in the opposite direction. I want to go east. Why are you driving west?",,
失望,shī wàng,形,disappointed,4,⿻丿夫,"{'type': 'ideographic', 'hint': 'Something 丿 falling from a hand 夫'}",大,失望: Used as an adjective to describe feeling disappointed.,你們失望嗎？,Are you disappointed?,别为它失望！,Don't let it get you down!,不要失望。,Don't be disappointed.
十分,shí fēn,副,"completely; utterly [literally ""ten points""]",4,⿻一丨,{},十,十分: Placed before adjectives to intensify their meaning.,再等十分钟！,Wait ten more minutes!,十分簡單。,It's pretty simple.,十分感谢。,Thank you very much.
实际,shí jì,形,reality; specific; actual,4,⿱宀头,{},宀,实际: Placed after nouns to indicate reality or actuality.,实际上我错了。,"Actually, I was wrong.",我实际并不知道。,I actually never knew that.,你实际上想说什么？,What do you really want to say?
实在,shí zài,副,truly,4,⿱宀头,{},宀,"实在: Placed before verbs to intensify meaning, indicating truth or reality.",这实在不合适。,It is highly improper.,实在闲得没事干。,I'm bored and I have nothing to do.,我实在不擅长这个。,I'm really bad at this.
使,shǐ,动,to send (someone); cause,4,⿰亻吏,"{'type': 'ideographic', 'hint': 'A person 亻 working for the government 吏'}",亻,使: Placed before verbs to indicate causing or enabling actions.,你使用Skype吗？,Do you use Skype?,我使用火狐。,I use Firefox.,我使用这个。,I use this.
使用,shǐ yòng,动,use,4,⿰亻吏,"{'type': 'ideographic', 'hint': 'A person 亻 working for the government 吏'}",亻,使用: Placed after its object to indicate using something.,你使用Skype吗？,Do you use Skype?,我使用火狐。,I use Firefox.,我使用这个。,I use this.
是否,shì fǒu,副,whether or not,4,⿱日疋,"{'type': 'ideographic', 'hint': 'To speak 日 directly 疋'}",日,是否: Placed before a statement to ask if something is true or not.,你是否同意手术？,Do you give your consent to the operation?,他问我是否很忙。,He asked me if I was busy.,我不在乎是否下雪。,I don't care if it snows.
适合,shì hé,动,suitable for,4,⿺辶舌,"{'type': 'pictophonetic', 'phonetic': '舌', 'semantic': '辶', 'hint': 'walk'}",辶,适合: Placed after a noun to indicate suitability for something or someone.,那很适合我。,That suits me all right.,猪肉不适合我。,Pork doesn't agree with me.,短发很适合你。,Your short hair suits you.
世纪,shì jì,名,century,4,⿻廿？,"{'type': 'pictographic', 'hint': 'Three leaves on a branch'}",一,世纪: Placed after number words to indicate which century.,他生于19世纪。,He was born in the 19th century.,一个世纪就是一百年。,A century is one hundred years.,一百年称为一个世纪。,One hundred years is called a century.
适应,shì yìng,动,to adapt,4,⿺辶舌,"{'type': 'pictophonetic', 'phonetic': '舌', 'semantic': '辶', 'hint': 'walk'}",辶,适应: Placed after verbs to indicate adapting to situations or environments.,我可以去适应一下。,I can adjust.,我适应新环境很慢。,I'm slow to adapt to new situations.,他慢慢地适应了黑暗。,Slowly his eyes adjusted to the darkness.
收,shōu,动,to receive,4,⿰丩攵,"{'type': 'pictophonetic', 'phonetic': '丩', 'semantic': '攵', 'hint': 'hand'}",攵,收: Placed as a verb to indicate receiving an action or item.,收到。,Roger that.,關掉收音機！,Turn off the radio!,覆水难收。,It's no use crying over spilt milk.
收入,shōu rù,名,income,4,⿰丩攵,"{'type': 'pictophonetic', 'phonetic': '丩', 'semantic': '攵', 'hint': 'hand'}",攵,收入: Placed as a noun in sentences to denote income.,他收入可观。,He earns a good salary.,萨米没有收入。,Sami didn't have an income.,他的收入不錯。,He has a fair income.
收拾,shōu shi,动,to put in order,4,⿰丩攵,"{'type': 'pictophonetic', 'phonetic': '丩', 'semantic': '攵', 'hint': 'hand'}",攵,收拾: Placed as a verb indicating the action of tidying up or putting in order.,收拾房间。,Clean up the room.,你收拾好東西了沒有？,Have you finished packing yet?,下午你把房间收拾干净。,Clean up the room in the afternoon.
首都,shǒu dū,名,capital (city),4,⿱丷自,"{'type': 'ideographic', 'hint': ""A deer's head 自 adorned with antlers 丷""}",首,首都: Placed before a noun to specify the capital city.,我住在首都。,I live in the capital.,首都天气有雨。,The weather in the capital is rainy.,美国首都在哪儿？,What is the capital of the United States?
首先,shǒu xiān,代,first,4,⿱丷自,"{'type': 'ideographic', 'hint': ""A deer's head 自 adorned with antlers 丷""}",首,首先: Placed at the beginning of a sentence to indicate first action or point.,首先，幸福跟钱有关系。,"Firstly, happiness is related to money.",首先，关闭手机，保持安静。,"First of all, power off your cellphones and remain silent.",首先，我们检查出勤情况。,"Firstly, let's check the attendance."
受不了,shòu bù liǎo,,cannot bear it,4,⿳爫冖又,"{'type': 'ideographic', 'hint': 'Something 冖 passed from one hand 爫 to another 又'}",又,受不了: Placed after verbs to express inability to endure a situation.,我受不了了。,I can't take it any more.,我受不了他。,I can't put up with him.,我再也受不了了！,I can't stand it anymore.
受到,shòu dào,动,receive,4,⿳爫冖又,"{'type': 'ideographic', 'hint': 'Something 冖 passed from one hand 爫 to another 又'}",又,受到: Placed before a verb to indicate receiving an action or influence.,他們受到迫害。,They were persecuted.,你没受到邀请。,You aren't invited.,他应当受到惩罚。,He needs to be punished.
售货员,shòu huò yuán,名,sales assistant,4,⿱隹口,"{'type': 'ideographic', 'hint': 'A street vendor talks 口 incessantly, like a bird 隹'}",口,"售货员: A noun referring to a sales assistant, used as a subject or object in sentences.",客人和售货员打了2小时电话。,The customer and the salesman spoke for two hours on the phone.,,,,
输,shū,动,to lose,4,⿰车俞,"{'type': 'pictophonetic', 'phonetic': '俞', 'semantic': '车', 'hint': 'cart'}",车,输: Placed after a verb to indicate losing in a game or competition.,我不会输！,I won't lose!,Ziri要输了。,Ziri will lose.,我要输了。,I'm going to lose.
熟悉,shú xī,动,to be familiar with,4,⿱孰灬,"{'type': 'pictophonetic', 'phonetic': '孰', 'semantic': '灬', 'hint': 'fire'}",灬,熟悉: Placed after an object to indicate being familiar with it.,对他熟悉,I am familiar with him.,这首歌蛮熟悉的。,This song is familiar to me.,你熟悉这个领域吗？,Is that an area you are familiar with?
数量,shù liàng,名,amount,4,⿰娄攵,"{'type': 'pictophonetic', 'phonetic': '娄', 'semantic': '攵', 'hint': 'script'}",攵,数量: Placed after quantifiers to indicate amount.,数量不如质量。,Quality is more important than quantity.,汽车的数量在增长。,The number of cars is on the increase.,对我来说，质量不如数量。,I put quantity after quality.
数字,shù zì,名,digital,4,⿰娄攵,"{'type': 'pictophonetic', 'phonetic': '娄', 'semantic': '攵', 'hint': 'script'}",攵,数字: Used as a noun to refer to numbers or digits in a sentence.,那些数字是什么？,What are those numbers?,算数处理数字。,Arithmetic deals with numbers.,两个数字不匹配。,Two figures did not match.
帅,shuài,形,handsome,4,⿰刂巾,"{'type': 'ideographic', 'hint': 'An army officer carrying a weapon 刂 and a flag 巾'}",巾,帅: Used as an adjective before a noun to describe someone as handsome.,他很帅。,He is very handsome.,汤姆真帅。,Tom is really handsome.,他相当帅。,He's rather handsome.
顺便,shùn biàn,副,in passing; incidentally,4,⿰川页,"{'type': 'pictophonetic', 'phonetic': '川', 'semantic': '页', 'hint': 'head'}",页,顺: Placed before a verb to indicate doing something incidentally.,顺便问一句，你今晚有空吗？,"By the way, are you free tonight?",我决定顺便去看望看望他。,I decided to take the opportunity to go and visit him.,顺便说一句，你最近见过他吗？,"By the way, have you seen him lately?"
顺利,shùn lì,形,smooth,4,⿰川页,"{'type': 'pictophonetic', 'phonetic': '川', 'semantic': '页', 'hint': 'head'}",页,顺利: Placed after verbs to indicate smoothness or ease of action.,一切进展顺利。,Everything went smoothly.,一切都还顺利吧？,Everything's still going well?,一切都很顺利。,Everything went well.
顺序,shùn xù,名,sequence,4,⿰川页,"{'type': 'pictophonetic', 'phonetic': '川', 'semantic': '页', 'hint': 'head'}",页,顺序: Placed after classifiers to indicate sequence in a list or order.,我们应该把学生的名字跟着字母顺序来安排。,We ought to sort the students' names alphabetically.,,,,
说明,shuō míng,动,to explain; instruction,4,⿰讠兑,"{'type': 'pictophonetic', 'phonetic': '兑', 'semantic': '讠', 'hint': 'speech'}",讠,说明: Placed after objects to explain them or as a verb to explain something.,这什么都说明不了！,It doesn't mean anything!,老师说明了词的意思。,The teacher explained the meaning of the word to us.,,
硕士,shuò shì,名,master's degree,4,⿰石页,"{'type': 'ideographic', 'hint': 'Like a sheet 页 of stone 石'}",石,硕士: Used as a noun to refer to a master's degree holder.,他有一个数学硕士学位。,He has a master's degree in mathematics.,下个月就要进行硕士论文答辩了。,The defense of the master thesis is just happening next month.,,
死,sǐ,形,die; extremely; rigid,4,⿸歹匕,"{'type': 'ideographic', 'hint': 'A person kneeling 匕 before a corpse 歹'}",歹,死: Used as a verb to indicate death or can function as an adjective meaning extremely/rigid.,死！,Die!,別死！,Don't die!,死了嗎？,Are you dead?
速度,sù dù,名,speed,4,⿺辶束,"{'type': 'pictophonetic', 'phonetic': '束', 'semantic': '辶', 'hint': 'walk'}",辶,速度: Placed as a noun in sentences to denote speed.,速度提升。,Faster.,有速度限制吗?,Is there a speed limit?,他開車速度非常快。,He drives very fast.
塑料袋,sù liào dài,名,plastic bag,4,⿱朔土,"{'type': 'pictophonetic', 'phonetic': '朔', 'semantic': '土', 'hint': 'earth'}",土,塑料袋: A noun referring to a plastic bag used in sentences to denote objects.,我拒絕使用塑料袋。,I refuse to use plastic bags.,不用，谢谢。不需要塑料袋。,"No thank you, I don't need a plastic bag.",不，谢谢。我不需要塑料袋。,"No thank you, I don't need a plastic bag."
酸,suān,形,sour,4,⿰酉夋,"{'type': 'ideographic', 'hint': 'Wine 酉 aged too long 夋; 夋 also provides the pronunciation'}",酉,酸: Placed after nouns to describe sourness.,柠檬很酸。,Lemon is sour.,柚子很酸。,The grapefruit tastes very sour.,牛奶酸了。,The milk is sour.
随便,suí biàn,形,as one wishes,4,⿰阝迶,"{'type': 'ideographic', 'hint': 'To walk 迶 to the city 阝; to follow a path'}",阝,随便: Placed after verbs to indicate indifference or convenience.,随便！,Whatever!,我随便。,With me everything is OK.,随便坐。,Sit wherever you like.
随着,suí zhe,介,along with,4,⿰阝迶,"{'type': 'ideographic', 'hint': 'To walk 迶 to the city 阝; to follow a path'}",阝,随着: Placed at the beginning of a sentence to indicate along with or as.,我无奈只得跟随着她。,I was compelled to follow her.,随着故事的进行，谜题揭开了。,"As the story advances, the mystery unravels.",不管他去哪儿，他的狗就随着走。,His dog follows him wherever he goes.
孙子,sūn zi,名,grandson [father's family],4,⿰子小,"{'type': 'ideographic', 'hint': 'Simplified form of 孫; a chain 系 of descent 子'}",子,孙子: Noun referring to one's grandson from father's side.,传说彭祖是天帝的孙子。,It is said that Peng Zu was the grandson of a celestial emperor.,有一位奶奶带着小孙子上学。,A grandmother is sending her grandson to school.,可能我的孙子会是登陆火星的第一人。,Maybe my grandchild will be the first person to set foot on Mars.
所有,suǒ yǒu,形,all,4,⿰户斤,"{'type': 'ideographic', 'hint': 'An axe 斤 swung at a door 户'}",户,所有: Placed before nouns to indicate possession of all.,我一無所有。,I don't have anything.,所有狗都活着。,All the dogs are alive.,所有鸟都会飞吗？,Can all birds fly?
抬,tái,动,to lift,4,⿰扌台,"{'type': 'pictophonetic', 'phonetic': '台', 'semantic': '扌', 'hint': 'hand'}",扌,抬: Placed as a verb to indicate the action of lifting something.,抬头，挺胸。,"Chin up, chest out.",帮我抬包裹。,Help me lift the package.,把你的腿抬起來,Raise your leg.
台,tái,量,platform,4,⿱厶口,{},口,台: Used as a measure word for platforms or similar objects.,保衛台灣 ！,Defend Taiwan!,去露台。,Go to the patio.,他换台了。,He changed the channel.
态度,tài du,名,manner,4,⿱太心,"{'type': 'pictophonetic', 'phonetic': '太', 'semantic': '心', 'hint': 'heart'}",心,"态度: Placed after ""对"" to indicate one's manner towards someone or something.",我对他的态度变了。,My attitude towards him changed.,我不喜欢她说话的态度。,I don't like the way she speaks.,我无法忍受她傲慢的态度。,I couldn't put up with her arrogant behavior.
谈,tán,动,talk,4,⿰讠炎,"{'type': 'pictophonetic', 'phonetic': '炎', 'semantic': '讠', 'hint': 'speech'}",讠,谈: Placed before a topic to indicate discussing it.,她很健谈。,She talks a lot.,他不太健谈。,He is a man of few words.,,
弹钢琴,tán gāng qín,,to play the piano,4,⿰弓单,"{'type': 'pictophonetic', 'phonetic': '单', 'semantic': '弓', 'hint': 'bow'}",弓,"弹钢琴: Verb phrase meaning ""to play the piano.""",谁在弹钢琴？,Who is playing the piano?,我弹钢琴。,I play the piano.,她会弹钢琴。,She can play the piano.
汤,tāng,名,soup,4,⿰氵昜,"{'type': 'pictophonetic', 'phonetic': '昜', 'semantic': '氵', 'hint': 'water'}",氵,"汤: A noun representing soup, used as the subject or object in sentences.",汤姆！,Tom!,我喝汤。,I'm having soup.,汤姆小心！,"Be careful, Tom!"
糖,táng,名,sugar,4,⿰米唐,"{'type': 'pictophonetic', 'phonetic': '唐', 'semantic': '米', 'hint': 'rice'}",米,"糖: A noun representing sugar, used as an object in sentences.",没有糖。,There's no sugar.,有没有糖？,Is there any sugar?,你用多少糖？,How much sugar do you use?
躺,tǎng,动,lie down,4,⿰身尚,"{'type': 'pictophonetic', 'phonetic': '尚', 'semantic': '身', 'hint': 'body'}",身,躺: Placed as a main verb indicating the action of lying down.,他仰躺。,He lay on his back.,躺着不动。,Lie still.,你躺下來。,You lie down.
趟,tàng,量,"[measure word for trips, times and rows]",4,⿺走尚,"{'type': 'pictophonetic', 'phonetic': '尚', 'semantic': '走', 'hint': 'walk'}",走,趟: Used as a measure word for trips or instances of doing something.,我得去趟圖書館。,I have to go to the library.,下一趟旅行要去哪？,Where are we going to travel to next?,這趟火車有臥鋪車嗎？,Does this train have a sleeping car?
讨论,tǎo lùn,动,to discuss,4,⿰讠寸,"{'type': 'ideographic', 'hint': 'To ask 讠 for something 寸'}",讠,讨论: Placed as a main verb to indicate discussing a topic.,不许讨论。,No discussion.,他们在讨论谁？,Who were they talking about?,他们在讨论我们吗？,Are they talking about us?
讨厌,tǎo yàn,动,dislike; loathe,4,⿰讠寸,"{'type': 'ideographic', 'hint': 'To ask 讠 for something 寸'}",讠,讨厌: Placed after a subject to express dislike towards something.,切……讨厌！,Urgh... annoying!,我讨厌鱼。,I hate fish.,我讨厌酒。,I hate wine.
特点,tè diǎn,名,characteristic feature,4,⿰牛寺,"{'type': 'pictophonetic', 'phonetic': '寺', 'semantic': '牛', 'hint': 'ox'}",牛,特点: Used after adjectives or nouns to refer to distinctive features.,中国有中国的特点。,China has Chinese characteristics.,这里的天气有独一无二的特点。,The weather here has its own unique characteristics.,这种新型的城市生活有什么特点？,What's new about this way of urban living?
提,tí,动,to carry,4,⿰扌是,"{'type': 'pictophonetic', 'phonetic': '是', 'semantic': '扌', 'hint': 'hand'}",扌,提: Placed as a verb to indicate carrying or lifting something.,提交！,Submit!,提问！,Ask!,提交。,Submit.
提供,tí gōng,动,to offer,4,⿰扌是,"{'type': 'pictophonetic', 'phonetic': '是', 'semantic': '扌', 'hint': 'hand'}",扌,提供: Placed as a verb to indicate offering something.,您提供住宿吗？,Do you offer accommodation?,材料将被提供。,Materials will be provided.,谢谢提供新消息。,Thanks for the updates.
提前,tí qián,动,in advance,4,⿰扌是,"{'type': 'pictophonetic', 'phonetic': '是', 'semantic': '扌', 'hint': 'hand'}",扌,提前: Placed before a verb to indicate doing something in advance.,我们要提前关门。,We're closing early.,汤姆将提前毕业。,Tom will be graduating early.,他打算提前回國。,He intends to return to the country earlier.
提醒,tí xǐng,动,remind,4,⿰扌是,"{'type': 'pictophonetic', 'phonetic': '是', 'semantic': '扌', 'hint': 'hand'}",扌,提醒: Placed before a verb to indicate reminding someone to do something.,我會提醒你的。,I'll remind you.,请提醒我寄信。,Please remind me to post the letter.,汤姆必须提醒玛丽喂狗。,Tom had to remind Mary to feed the dog.
填空,tián kòng,动,fill in blanks,4,⿰土真,"{'type': 'pictophonetic', 'phonetic': '真', 'semantic': '土', 'hint': 'earth'}",土,填空: 动词，用于表示填写空白。,填空,Fill in the blanks,---,---,他正在练习册上填空。,He is filling in the blanks in his workbook.
条件,tiáo jiàn,名,condition,4,⿱夂木,{},木,条件: Placed after nouns to specify the requirements or circumstances.,我不认识符合条件的人。,I don't know anyone who meets that description.,我不想在这些条件下工作。,I don't want to work under these conditions.,孩子学钢琴要具备哪些条件？,What are the prerequisites for a child to learn the piano?
停,tíng,动,stop,4,⿰亻亭,"{'type': 'pictophonetic', 'phonetic': '亭', 'semantic': '亻', 'hint': 'person'}",亻,停: Placed after verbs to indicate stopping an action.,肏！停！,Shit! Stop!,停手！,Break it up!,停止！,Stop!
挺,tǐng,副,quite,4,⿰扌廷,"{'type': 'pictophonetic', 'phonetic': '廷', 'semantic': '扌', 'hint': 'hand'}",扌,挺: Placed before adjectives to intensify their meaning.,我挺忙。,I'm pretty busy.,抬头，挺胸。,"Chin up, chest out.",那挺逗的。,That was pretty funny.
通过,tōng guò,介/动,by means of; through; via,4,⿺辶甬,"{'type': 'pictophonetic', 'phonetic': '甬', 'semantic': '辶', 'hint': 'walk'}",辶,通过: Placed before a noun to indicate means or method of action.,我没通过。,I didn't pass.,他考试通过了吗？,Did he succeed in the examination?,你的考试通过了吗？,Did you pass your exams?
通知,tōng zhī,动/名,notify,4,⿺辶甬,"{'type': 'pictophonetic', 'phonetic': '甬', 'semantic': '辶', 'hint': 'walk'}",辶,"通知: Used as a verb to inform or notify someone, or as a noun for a notification.",請通知我。,Please keep me informed.,我该通知谁？,Whom should I inform?,有沒有人通知湯姆？,Has anyone informed Tom?
同情,tóng qíng,动,to sympathize with,4,⿵凡口,"{'type': 'ideographic', 'hint': 'Sharing a common 凡 tongue 口'}",口,同情: Placed after a subject to indicate sympathizing with someone.,我同情你。,I feel for you.,傻子才同情。,Sympathy is for chumps.,Kate很同情他。,Kate sympathized with him.
同时,tóng shí,连,at the same time; simultaneously; concurrently,4,⿵凡口,"{'type': 'ideographic', 'hint': 'Sharing a common 凡 tongue 口'}",口,同时: Placed before verbs to indicate actions happening concurrently.,他们同时到了巴黎。,They arrived in Paris at the same time.,你能同时做多少箇工作？,How many jobs can you do at once?,所有的灯光同时灭了。,"All at the same time, the lights went out."
推,tuī,动,to push; refuse,4,⿰扌隹,"{'type': 'pictophonetic', 'phonetic': '隹', 'semantic': '扌', 'hint': 'hand'}",扌,推: Placed as a verb to indicate pushing or refusing.,推！,Push!,別推！,Don't push.,您推薦哪個？,Which do you recommend?
推迟,tuī chí,动,to postpone,4,⿰扌隹,"{'type': 'pictophonetic', 'phonetic': '隹', 'semantic': '扌', 'hint': 'hand'}",扌,推迟: Placed after particles like 要 or 应该 to indicate postponement of actions.,我们推迟了会议。,We postponed the meeting.,聚会已经推迟到了下周二。,The party has been put off until next Tuesday.,她推迟了去墨西哥的行程。,She put off going to Mexico.
脱,tuō,动,to escape; shed,4,⿰⺼兑,"{'type': 'pictophonetic', 'phonetic': '兑', 'semantic': '⺼', 'hint': 'flesh'}",⺼,脱: Placed after subjects to indicate shedding or removing something.,把衣服脱掉！,Take off your clothes!,我脱衣服。,I'm undressing.,汤姆没脱鞋。,Tom didn't take his shoes off.
袜子,wà zi,名,socks,4,⿰衤末,"{'type': 'pictophonetic', 'phonetic': '末', 'semantic': '衤', 'hint': 'clothes'}",衤,"袜子: Noun indicating socks, used as an object in sentences.",她穿上袜子。,She draws on her socks.,你的袜子好臭。,Your socks stink.,汤姆买了袜子。,Tom bought socks.
完全,wán quán,副,complete,4,⿱宀元,"{'type': 'pictophonetic', 'phonetic': '元', 'semantic': '宀', 'hint': 'roof'}",宀,完全: Placed before verbs/adjectives to emphasize completeness.,我完全贊同！,I completely approve!,不！完全不是！,No! Absolutely not!,我完全不管。,I don't give a rat's ass.
网球,wǎng qiú,名,tennis,4,⿵冂⿰乂乂,"{'type': 'pictographic', 'hint': 'A net for catching fish'}",网,网球: Serves as a noun referring to tennis or a tennis ball/racket.,您不打网球吗？,Do you not play tennis?,我喜欢网球。,I like tennis.,你喜欢网球吗？,Do you like tennis?
往往,wǎng wǎng,副,often,4,⿰彳⿱？王,"{'type': 'pictophonetic', 'phonetic': '王', 'semantic': '彳', 'hint': 'step'}",彳,往往: Placed before verbs to indicate frequent action or usual circumstances.,她往往會上學遲到。,She tends to be late for school.,他開會往往會遲到。,He tends to be late for meetings.,红发的人往往有雀斑。,Red-haired people tend to have freckles.
网站,wǎng zhàn,名,website,4,⿵冂⿰乂乂,"{'type': 'pictographic', 'hint': 'A net for catching fish'}",网,网站: Serves as a noun referring to a website in sentences.,网站很简单。,The website is very simple.,我在网站上找到了信息。,I found the information on the website.,这个网站有很多照片。,This website has many photos.
危险,wēi xiǎn,形,dangerous; danger,4,⿱厃㔾,"{'type': 'ideographic', 'hint': 'A person 㔾 at the edge of a cliff 厃; 厃 also provides the pronunciation'}",㔾,危险: Used as an adjective before nouns to describe dangerous situations or objects.,这很危险。,It's very dangerous.,它有危险。,It can be dangerous.,德国是危险吗？,Is Germany dangerous?
味道,wèi dào,名,flavour,4,⿰口未,"{'type': 'pictophonetic', 'phonetic': '未', 'semantic': '口', 'hint': 'mouth'}",口,味道: Placed after nouns to describe flavor or taste.,禁果味道最好。,Forbidden fruit tastes best.,這茶味道不錯。,This tea tastes good.,这水的味道很难闻,This water has an ugly smell.
卫生间,wèi shēng jiān,名,toilet,4,⿱乛一,{},乛,"卫生间: Noun indicating a toilet or restroom, used as a standalone term.",我去一下卫生间。,I'll go to the toilet.,我当时在卫生间。,I was in the bathroom.,汤姆进入了卫生间。,Tom walked into the bathroom.
温度,wēn dù,名,temperature,4,⿰氵昷,"{'type': 'pictophonetic', 'phonetic': '昷', 'semantic': '氵', 'hint': 'water'}",氵,温度: Placed as a subject or object in sentences referring to temperature.,温度计指向十度。,The thermometer reads 10 degrees.,温度计往往低于零度。,Thermometers often go below zero.,今天早上温度降到了零下。,The temperature has fallen below zero this morning.
文章,wén zhāng,名,essay,4,⿱亠乂,"{'type': 'pictographic', 'hint': 'A tattooed chest, representing writing'}",文,文章: Serves as a noun representing an essay in sentences.,你看文章了没？,You read the paper?,我想写篇文章。,I want to write an article.,这篇文章很好。,This article is very good.
污染,wū rǎn,动,pollution; to contaminate,4,⿰氵亏,"{'type': 'pictophonetic', 'phonetic': '亏', 'semantic': '氵', 'hint': 'water'}",氵,污染: Used as a noun or verb indicating pollution or contamination in a sentence.,空氣被廢氣污染了。,The air was polluted by exhaust gas.,废水经常污染海洋。,Sewage often pollutes the ocean.,这水被石油污染了。,This water was polluted by oil.
无,wú,动,without,4,⿱一尢,{},无,无: Placed before nouns to indicate absence or lack.,无解。,There isn't any solution.,无意冒犯！,No hard feelings!,好无聊。,I am bored.
无聊,wú liáo,名,bored; boring,4,⿱一尢,{},无,无聊: Used as a noun or adjective to express boredom.,好无聊。,I am bored.,真的很无聊。,It's so boring.,这太无聊了。,This is so boring.
无论,wú lùn,连,no matter what or how,4,⿱一尢,{},无,无论: Placed at the beginning of a clause to introduce conditions without restriction.,无论如何说不通。,It makes no sense whatsoever.,无论我如何努力。。,No matter how hard I try...,无论如何，都不关你的事。,"In any case, it's none of your business."
误会,wù huì,名/动,to misunderstand,4,⿰讠吴,"{'type': 'pictophonetic', 'phonetic': '吴', 'semantic': '讠', 'hint': 'speech'}",讠,误会: Used as a noun or verb to express a misunderstanding in a sentence.,我很抱歉误会了您。,I'm sorry I misunderstood you.,我不想有任何误会。,I don't want there to be any misunderstanding.,千万别误会我的意思。,Please don't misunderstand me.
西红柿,xī hóng shì,名,tomato,4,⿻兀囗,"{'type': 'pictographic', 'hint': 'A bird settling into its nest, representing sunset; compare 東'}",西,西红柿: A noun representing a tomato in Chinese cuisine and language.,茄子，胡萝卜，西红柿。,"Eggplant, carrot, tomato.",Tom喜不喜欢吃西红柿？,Does Tom like tomatoes?,梅格买了一罐西红柿。,Meg bought a can of tomatoes.
吸引,xī yǐn,动,"to attract (interest, investment etc)",4,⿰口及,"{'type': 'pictophonetic', 'phonetic': '及', 'semantic': '口', 'hint': 'mouth'}",口,吸引: Placed after subjects to indicate attracting objects or interests.,飞蛾被光线吸引。,Moths are attracted by light.,珍比蘇珊更吸引人。,Jane is more attractive than Susan.,她第一眼就吸引了我。,She attracted me at first sight.
咸,xián,形,salty,4,⿵戊⿱一口,"{'type': 'ideographic', 'hint': 'One 一 voice 口 surrounded by conflict 戈'}",口,咸: Used as an adjective before nouns to describe salty taste.,这顿饭不咸。,The meal is not salty.,你不能喝海水，因为它太咸了。,You can't drink seawater because it is too salty.,做人如果没有梦想，那和咸鱼有什么区别？,"Without dreams, what different are we from animals?"
现金,xiàn jīn,名,cash,4,⿰王见,"{'type': 'ideographic', 'hint': 'To see 见 jade 王; 见 also provides the pronunciation'}",王,现金: Used as a noun referring to cash in hand or available.,我没带现金。,I'm out of cash.,我想付现金。,I'd like to pay in cash.,我用现金付款。,I pay in cash.
羡慕,xiàn mù,动,to envy,4,⿱羊次,"{'type': 'ideographic', 'hint': 'Someone who has a whole row 次 of sheep 羊'}",羊,"羡: Placed before a noun or used as a verb with ""慕"" to express envy.",好羡慕啊。,I'm so jealous!,我羡慕他。,I envy him.,他们都羡慕我的新车。,They all envied my new car.
香,xiāng,形,fragrant,4,⿱禾日,"{'type': 'ideographic', 'hint': 'A herb 禾 with a sweet 甘 smell'}",香,香: Placed after nouns to describe them as fragrant.,好香喔！,It smells so good!,妳好香。,You smell good.,你好香。,You smell good.
相反,xiāng fǎn,形/连,opposite; on the contrary,4,⿰木目,"{'type': 'ideographic', 'hint': 'To stare 目 at a tree 木, meaning to observe'}",目,相反: Placed at the beginning of a clause to introduce contrast.,我的看法相反。,My opinion is the opposite.,意义的原句是相反。,The original sentence means the opposite.,他們往相反的方向去。,They went in opposite directions.
相同,xiāng tóng,形,same,4,⿰木目,"{'type': 'ideographic', 'hint': 'To stare 目 at a tree 木, meaning to observe'}",目,相同: Placed after nouns to indicate sameness with something previously mentioned.,他們有相同的嗜好。,They have the same habits.,你和我有相同的想法。,You and I have the same idea.,你又犯了相同的錯誤。,You have made the very same mistake again.
详细,xiáng xì,形,detailed,4,⿰讠羊,"{'type': 'pictophonetic', 'phonetic': '羊', 'semantic': '讠', 'hint': 'speech'}",讠,详细: Placed after a noun to indicate thoroughness or detail in description.,请详细地解释。,Please explain in detail.,我想要更详细的信息。,I'd like more detailed information.,请你告诉我详细地址。,Please give me the exact address.
响,xiǎng,动,echo,4,⿰口向,"{'type': 'pictophonetic', 'phonetic': '向', 'semantic': '口', 'hint': 'mouth'}",口,响: Placed after verbs to describe sounds produced.,响了。,It rang.,铃响了。,The bell rang.,钟还没响。,The bell has not rung yet.
橡皮,xiàng pí,名,rubber; eraser,4,⿰木象,"{'type': 'pictophonetic', 'phonetic': '象', 'semantic': '木', 'hint': 'tree'}",木,橡皮: A noun representing rubber or eraser in a sentence.,这不是橡皮。,This isn't rubber.,用你的橡皮把這些字擦掉。,Rub out these words with your eraser.,橡皮擦掉地上就很难找到了。,It's hard to find an eraser that's on the floor.
消息,xiāo xi,名,news,4,⿰氵肖,"{'type': 'pictophonetic', 'phonetic': '肖', 'semantic': '氵', 'hint': 'water'}",氵,消息: Placed as a noun in sentences to convey news or information.,我有消息。,I've got news.,我有个坏消息。,I have a bit of bad news.,这是官方消息。,This news is official.
小吃,xiǎo chī,名,snack,4,⿻亅八,"{'type': 'ideographic', 'hint': 'Dividing 八 by a line 亅'}",小,小吃: A noun referring to snacks or small eats in a sentence.,派對上有很多美味的小吃。,There were many delicious snacks at the party.,雷吉娜安揚戈是奈洛比一家小吃攤的老闆，她用乙醇燃料為顧客準備餐點。她的廚房沒有木炭產生的煙霧與廢氣。,"Regina Anyango, owner of small food kiosk in Nairobi, uses ethanol fuel to prepare meals for customers. Her kitchen is free of fumes and smoke from charcoal use.",我能肯定地說我媽的廚藝算不上好。我喜歡調味得當的食物，像我太太的。但我仍然想讓我媽教我做飯，因爲這是我從小吃的味道，你懂的。,"I can say for certain that my mother's cooking is by no means skillful. I prefer food that is actually properly seasoned, like my wife's. Nevertheless, I want my mother to teach me how to cook. It's her flavors that I've tasted since childhood, you see."
小伙子,xiǎo huǒ zi,名,youngster; lad,4,⿻亅八,"{'type': 'ideographic', 'hint': 'Dividing 八 by a line 亅'}",小,小伙子: Used as a noun to refer to a young man.,你去过哪里，小伙子？,"Where have you been, young man?",小伙子，在这儿干嘛呢？,"What are you doing here, young man?",他鄙视那个小伙子。,She scorned the boy.
小说,xiǎo shuō,名,novel,4,⿻亅八,"{'type': 'ideographic', 'hint': 'Dividing 八 by a line 亅'}",小,小说: Serves as a noun referring to a novel in a sentence.,我爱看小说。,I love reading novels.,我在读短篇小说。,I am reading short stories.,他喜欢看科幻小说。,He likes reading science fiction novels.
效果,xiào guǒ,名,result,4,⿰交攵,"{'type': 'pictophonetic', 'phonetic': '交', 'semantic': '攵', 'hint': 'strike'}",攵,效果: Placed after verbs indicating outcomes or results of actions.,效果不错。,It works well.,效果沒有那麼好。,It doesn't work all that well.,效果让我爸爸满意。,My father was happy with the result.
笑话,xiào huà,名,joke,4,⿱⺮夭,"{'type': 'ideographic', 'hint': 'A person 夭 with a big grin ⺮'}",⺮,笑话: A noun representing a joke in a sentence.,你在笑话谁？,Who are you laughing at?,我很喜欢笑话。,I love jokes.,连笑话也有限制。,Even jokes have a limit.
辛苦,xīn kǔ,形,hard; tough [work; life],4,⿱立十,"{'type': 'pictographic', 'hint': 'A hot iron used to brand prisoners and slaves'}",辛,辛苦: Used after verbs to describe hard work or effort.,辛苦啦！,Good work!,大家辛苦了！,"Good job, everyone!",做教師很辛苦。,Being a teacher is very hard work.
心情,xīn qíng,名,mood,4,,"{'type': 'pictographic', 'hint': 'A heart'}",心,心情: A noun representing one's mood or emotional state in a sentence.,你心情好嗎？,Are you in a good mood?,她心情不好。,She is upset.,他心情不好。,He's in a bad mood.
信封,xìn fēng,名,envelope,4,⿰亻言,{},亻,信封: A noun representing an envelope in a sentence.,我撕开了信封。,I ripped the envelope open.,請給我一個信封。,Please give me an envelope.,這封信在信封內。,The letter is inside the envelope.
信息,xìn xī,名,news; information,4,⿰亻言,{},亻,信息: Serves as a noun representing news or information in sentences.,信息就是力量。,Information is power.,这是条有趣的信息。,That's an interesting piece of information.,我会给汤姆发信息。,I'll send a message to Tom.
信心,xìn xīn,名,confidence,4,⿰亻言,{},亻,信心: A noun representing confidence or belief in oneself or something.,我對你失去信心,I've lost faith in you.,我對你有信心。,I have confidence in you.,我們有信心獲勝。,We're confident of victory.
兴奋,xīng fèn,形,excited,4,⿳⺍一八,{},八,兴奋: Used as an adjective to describe being excited.,兴奋吗？,Are you excited?,汤姆为什么兴奋？,Why is Tom excited?,汤姆兴奋不已。,Tom's thrilled.
行,xíng,动/形,OK,4,⿰彳亍,"{'type': 'ideographic', 'hint': ""To take small steps 亍 with one's feet 彳""}",行,行: Used after verbs to indicate agreement or acceptance.,不行！,No!,行。,All right.,你行吗？,Can you?
醒,xǐng,动,wake; awake,4,⿰酉星,"{'type': 'pictophonetic', 'phonetic': '星', 'semantic': '酉', 'hint': 'wine'}",酉,醒: Placed after subject to indicate waking up.,醒醒！,Wake up!,你醒了没？,Are you awake yet?,你醒了吗？,Are you awake?
性别,xìng bié,名,sex; gender,4,⿰忄生,"{'type': 'pictophonetic', 'phonetic': '生', 'semantic': '忄', 'hint': 'heart'}",忄,性别: A noun used to refer to sex or gender in a sentence.,我是跨性别,I'm transgender.,玛丽是跨性别。,Mary is transgender.,嫌疑犯目前性别不明。,The suspect's gender is currently unknown.
幸福,xìng fú,名,happiness,4,⿱土⿱丷干,"{'type': 'ideographic', 'hint': 'Two men, one alive 土 and one dead 干; the living one is lucky'}",干,幸福: Used as a noun to express happiness or bliss in a sentence.,你幸福吗？,Are you happy?,我很幸福。,I'm very happy.,幸福是什麼？,What is happiness?
性格,xìng gé,名,temperament,4,⿰忄生,"{'type': 'pictophonetic', 'phonetic': '生', 'semantic': '忄', 'hint': 'heart'}",忄,性格: Used as a noun to describe one's temperament or personality traits.,他的性格很消极。,He has a passive character.,湯姆具有詼諧的性格。,Tom has quite a quirky personality.,她的性格很像她母親。,She is her mother's match in character.
修理,xiū lǐ,动,repair; mend; fix,4,⿱攸彡,"{'type': 'pictophonetic', 'phonetic': '攸', 'semantic': '彡', 'hint': 'hair'}",亻,修理: Placed as a verb to indicate repairing or fixing something.,它需要修理。,It needs to be repaired.,桥处于修理中。,The bridge is being repaired.,你能不能修理它？,Can you get it repaired?
许多,xǔ duō,数,many,4,⿰讠午,"{'type': 'pictophonetic', 'phonetic': '午', 'semantic': '讠', 'hint': 'speech'}",讠,许多: Placed before nouns to indicate a large quantity.,你有许多书。,You have many books.,我有许多主意。,I've got lots of ideas.,我有许多问题。,I have a lot of questions.
学期,xué qī,名,school term; semester,4,⿱⿱⺍冖子,"{'type': 'ideographic', 'hint': 'A building 冖 where children 子 study; ⺍ provides the pronunciation'}",子,学期: Placed after numerals to specify number of semesters.,他是上个学期来的吗？,Did he get here last term?,第一学期四月份开始。,The first term starts in April.,我这学期几乎没学物理。,I haven't studied physics much all semester.
压力,yā lì,名,pressure,4,⿸厂⿰土丶,"{'type': 'ideographic', 'hint': 'Soil 土 crushed under pressure 厂'}",厂,压力: A noun representing pressure or stress in a sentence.,你怎么释放压力？,How do you relieve stress?,我最近压力有点大。,I've been under a lot of pressure lately.,压力低了，沸点就低。,"When the pressure is lower, the boiling point is lower."
牙膏,yá gāo,名,toothpaste,4,,{},牙,牙膏: Noun referring to toothpaste in a sentence as an object.,請買一支牙膏。,Please buy a tube of toothpaste.,請買條牙膏吧。,Please buy a tube of toothpaste.,湯姆忘了買牙膏了。,Tom forgot to buy toothpaste.
亚洲,Yà zhōu,名,Asia,4,⿱一业,"{'type': 'pictographic', 'hint': 'Picture of a cross-shaped house or temple'}",一,"亚洲: As a noun, it functions as a subject or object in sentences.",日本在亚洲。,Japan is situated in Asia.,印度位于亚洲。,India is in Asia.,亚洲人必须合作。,People of Asia must work together.
呀,ya,助,ah,4,⿰口牙,"{'type': 'pictophonetic', 'phonetic': '牙', 'semantic': '口', 'hint': 'mouth'}",口,呀: Placed at the end of a sentence to express surprise or emphasis.,哎呀！,Whoops!,说呀！,Speak!,哎呀......,Oh boy...
盐,yán,名,salt,4,⿱圤皿,{},皿,盐: Used as a noun representing salt in sentences.,盐没了。,There is no salt left.,没盐了。,There is no salt left.,没有盐。,There's no salt.
严格,yán gé,形,strict,4,⿻亚厂,{},一,严格: Used as an adjective before nouns to describe strictness.,用不着这么严格。,There is no need to be so strict.,玛丽在严格节食中，对吗？,"Mary is on a strict diet, isn't she?",他严格按照原则办事。,He is a stickler for principles.
研究,yán jiū,动/名,to study,4,⿰石开,"{'type': 'pictophonetic', 'phonetic': '开', 'semantic': '石', 'hint': 'stone'}",石,研究: Can function as a verb (to study) or a noun (research/study).,他研究了十年。,He studied for ten years.,你最近在研究什么？,What are you researching lately?,他潛心研究音樂。,He applied himself to the study of music.
严重,yán zhòng,形,serious,4,⿻亚厂,{},一,严重: Placed after nouns as an adjective to describe seriousness.,严重吗？,Is it serious?,这个问题有多严重？,How serious is the problem?,这是很严重的病。,It's a very serious illness.
演出,yǎn chū,动,performance,4,⿰氵寅,"{'type': 'pictophonetic', 'phonetic': '寅', 'semantic': '氵', 'hint': 'water'}",氵,演出: Placed after subject to indicate a performance event.,演出甚麼時候開始？,When does the performance begin?,演出什么时候开始？,What time does the play begin?,你喜欢昨晚的演出吧？,Did you enjoy the performance last night?
眼镜,yǎn jìng,名,(eye) glasses,4,⿰目艮,"{'type': 'pictophonetic', 'phonetic': '艮', 'semantic': '目', 'hint': 'eye'}",目,眼镜: A noun representing eyeglasses in a sentence.,他戴眼镜。,He is wearing glasses.,是，他戴眼镜。,"Yes, he wears glasses.",汤姆戴眼镜。,Tom wears glasses.
演员,yǎn yuán,名,actor/actress,4,⿰氵寅,"{'type': 'pictophonetic', 'phonetic': '寅', 'semantic': '氵', 'hint': 'water'}",氵,演员: Serves as a noun referring to actors or actresses in a sentence.,汤姆是演员吗？,Is Tom an actor?,他们是演员。,They are actors.,他是喜剧演员。,He's a comedian.
阳光,yáng guāng,名,optimistic; cheerful; sunlight,4,⿰阝日,"{'type': 'ideographic', 'hint': 'The place 阝 of the sun 日; compare 阴'}",阝,阳光: Placed as a noun in sentences to denote sunlight or optimism.,你是我的阳光。,You are my sunshine.,丘陵沐浴在阳光下。,The hills are bathed in sunlight.,这间房照不到很多阳光。,This room does not get much sun.
养成,yǎng chéng,动,to cultivate,4,⿱羊儿,"{'type': 'pictophonetic', 'phonetic': '羊', 'semantic': '儿', 'hint': 'child'}",丷,养成: Placed after a subject to indicate cultivating a habit or quality.,他养成了熬夜的习惯。,He fell into the habit of keeping late hours.,好习惯是从小养成的。,Good habits should be cultivated in childhood.,你们该养成使用字典的习惯。,You should try to form the habit of using your dictionaries.
样子,yàng zi,名,appearance,4,⿰木羊,"{'type': 'pictophonetic', 'phonetic': '羊', 'semantic': '木', 'hint': 'tree'}",木,样子: Indicates appearance following a noun or description.,你觉得那样子行吗？,You want to leave it like that?,这样子我一箭双雕。,That way I kill two birds with one stone.,我不喜欢他笑的样子。,I don't like the way he smiles.
邀请,yāo qǐng,动,invitation,4,⿺辶敫,"{'type': 'pictophonetic', 'phonetic': '敫', 'semantic': '辶', 'hint': 'foot'}",辶,邀请: Placed before a noun to invite someone or placed after 向 to invite someone.,我邀请她跳舞.,I asked her to dance.,你也被邀请了。,"You're invited, too.",你没受到邀请。,You aren't invited.
钥匙,yào shi,名,key,4,⿰钅月,"{'type': 'pictophonetic', 'phonetic': '月', 'semantic': '钅', 'hint': 'metal'}",钅,"钥匙: A noun representing a key, used as a subject or object in sentences.",我钥匙丢了。,I have lost my key.,还有谁有钥匙？,Who else has a key?,你需要钥匙吗？,Do you need the keys?
要是,yào shi,连,if; suppose; in case,4,⿱覀女,"{'type': 'ideographic', 'hint': 'A woman 女 with hands on her waist 覀'}",覀,要是: Placed at the beginning of a clause to introduce a conditional hypothesis.,要是我说“不”呢？,"And what if I say ""no""?",要是饿，就吃饭。,"If you're hungry, have something to eat.",要是有東西壞了呢？,What if something gets broken?
也许,yě xǔ,副,perhaps,4,⿻？乚,{},乚,也许: Placed before verbs to express possibility or uncertainty.,Tom也许在梦游。,Maybe Tom was sleepwalking.,也许您有道理。,Maybe you're right.,也许下一次吧。,Maybe some other time.
页,yè,量,page,4,⿱？贝,"{'type': 'pictographic', 'hint': ""A person's head""}",页,页: Used after numerals to count pages.,有一页缺了。,There is a page missing.,她翻了一页书。,She turned a page of her book.,这本书少了两页。,Two pages are missing from this book.
叶子,yè zi,名,foliage,4,⿰口十,{},口,"叶子: Noun indicating foliage, used after descriptive elements in sentences.",叶子落了。,The leaves fell.,秋天，叶子会落下。,The leaves fall in autumn.,叶子慢慢的飘落下来。,The leaves slowly fell.
一切,yī qiè,代,everything,4,,"{'type': 'ideographic', 'hint': 'Represents heaven (天), earth (旦), or the number 1'}",一,一切: Placed before nouns to indicate all or everything related to the noun.,一切正常！,All right!,一切都好！,All good!,一切都好。,All good.
以,yǐ,介,using because of; so as to,4,⿰？人,{},人,以: Placed before a verb to indicate means or purpose.,所以？,And so?,以上。,That's all.,可以。,That's okay.
以为,yǐ wéi,动,think; feel; reckon,4,⿰？人,{},人,以为: Placed after a subject to express thinking or believing something.,他自以为是。,He believes himself to be infallible.,你以为我不想吗？,Do you think I don't want to?,我以为你在听。,I thought you were listening.
意见,yì jiàn,名,idea,4,⿱音心,"{'type': 'pictophonetic', 'phonetic': '音', 'semantic': '心', 'hint': 'heart'}",心,意见: Placed after a subject to express an idea or opinion.,我有些意见。,I have a few thoughts.,这是我的意见。,Here is my take on the matter.,那是一个好意见。,That is a good opinion.
艺术,yì shù,名,art,4,⿱艹乙,"{'type': 'pictophonetic', 'phonetic': '乙', 'semantic': '艹', 'hint': 'grass'}",艹,艺术: Serves as a noun representing art in sentences.,你了解艺术吗？,Do you know anything about art?,我学习艺术史。,I study art history.,谁买这种艺术品？,Who buys this type of art?
因此,yīn cǐ,连,because of this,4,⿴囗大,{},囗,因此: Placed at the beginning of a sentence to introduce a consequence.,因此，天氣一點也不熱。,"So, it isn't hot at all.",因此，我们必须自己照顾自己。,"Hence, we have to take care of ourselves.",她定期去看牙医，因此很少牙疼。,"She goes to the dentist regularly, so she seldom gets toothache."
引起,yǐn qǐ,动,to give rise to,4,⿰弓丨,"{'type': 'ideographic', 'hint': ""To pull back a bow's 弓 drawstring 丨""}",弓,引起: Placed after subject to indicate causing something.,引起一片混亂。,It caused a mess.,如何引起女人的渴望？,How to arouse a woman's desire?,我們的到來引起了注意。,Our arrival drew attention.
印象,yìn xiàng,名,impression,4,⿰？卩,"{'type': 'ideographic', 'hint': 'A hand 爪 stamping a seal 卩'}",卩,印象: A noun representing an impression or perception about something.,那留下了印象。,That left an impression.,您使我印象深刻。,You have left a heavy impression on me.,第一印象很重要。,First impressions matter.
赢,yíng,动,win,4,⿱吂⿲⺼贝？,"{'type': 'pictophonetic', 'semantic': '贝', 'hint': 'money'}",贝,赢: Placed as a verb to indicate winning in a sentence.,您赢！,You've won!,你赢！,You've won!,谁赢了？,Who won?
应聘,yìng pìn,动,accept an offer of employment,4,⿸广⿱⺍一,{},广,应聘: Used as a verb to indicate applying for or accepting a job offer.,汤姆正考虑应聘薪酬更高的工作。,Tom is thinking about applying for a better-paying job.,我们希望应聘者能有4年工作经验。,"Ideally, a candidate for this job should have four years' work experience.",我打算去应聘那个公司的营销部经理职位.,I plan to accept the offer from that company to become their marketing department's manager.
勇敢,yǒng gǎn,形,brave,4,⿱甬力,"{'type': 'pictophonetic', 'phonetic': '甬', 'semantic': '力', 'hint': 'strength'}",力,勇敢: Used as an adjective to describe someone or something that is brave.,勇敢點！,Have courage!,他很勇敢。,He is very brave.,你非常勇敢。,You are very brave.
永远,yǒng yuǎn,副,forever,4,⿱？水,{},水,永远: Used before verbs or clauses to express eternal duration or permanence.,永远。,Always.,我们永远在这里。,We're staying here forever.,永远别再提它了。,Don't ever mention that again.
优点,yōu diǎn,名,advantage,4,⿰亻尤,"{'type': 'pictophonetic', 'phonetic': '尤', 'semantic': '亻', 'hint': 'person'}",亻,优点: Placed after adjectives or used alone as a noun to express advantage.,这方法有什么优点和缺点？,What are the advantages and drawbacks of this method?,你们的优点和缺点是什么？,What are your strengths and weaknesses?,电视的优点在于它给体育爱好者提供了更大的方便。,Television has the advantage of providing sports fans with greater convenience.
幽默,yōu mò,形,humorous,4,⿻山⿰幺幺,"{'type': 'ideographic', 'hint': 'Small niches 幺 in the mountainside 山; 幺 also provides the pronunciation'}",幺,幽默: Used as an adjective to describe someone or something as humorous.,汤姆很幽默。,Tom's funny.,她有幽默感。,She has a sense of humor.,你很有幽默感。,You have a good sense of humor.
优秀,yōu xiù,形,outstanding,4,⿰亻尤,"{'type': 'pictophonetic', 'phonetic': '尤', 'semantic': '亻', 'hint': 'person'}",亻,优秀: Used as an adjective to describe outstanding qualities or performance.,你是个优秀的记者。,You're an excellent journalist.,他是一个优秀的作家。,He's an excellent author.,Maja Keuc是位优秀的女歌手。,Maja Keuc is a good singer.
由,yóu,介,from,4,田,"{'type': 'ideographic', 'hint': 'Road 丨 leading to the farm 田'}",田,由: Placed before nouns to indicate origin or cause.,我自由了！,I'm free!,由我来做.,I'll see to it.,由你决定。,How ever you like.
邮局,yóu jú,名,post office,4,⿰由阝,"{'type': 'pictophonetic', 'phonetic': '由', 'semantic': '阝', 'hint': 'place'}",阝,"邮局: Noun indicating a post office, used as a subject or object in sentences.",别去邮局。,Don't go to the post office.,邮局在哪儿？,Where is the post office?,邮局今天关门。,The post office is closed today.
尤其,yóu qí,副,especially,4,⿻尢丶,"{'type': 'pictophonetic', 'phonetic': '尢'}",尢,尤: Placed before nouns to emphasize especially or particularly.,尤其是要有耐心。,"Above all, be patient.",你尤其不该空腹喝酒。,You should especially not drink on an empty stomach.,我很喜歡音樂，尤其是古典音樂。,"I like music, especially classical music."
由于,yóu yú,介/连,due to,4,田,"{'type': 'ideographic', 'hint': 'Road 丨 leading to the farm 田'}",田,由于: Placed at the beginning of a clause to introduce cause or reason.,由于下雨，野餐泡汤了。,The picnic was called off because of the rain.,由于火车延误，我迟到了。,I was late as a result of the train delay.,由于缺水，许多植物干枯了。,Many plants withered due to lack of water.
友好,yǒu hǎo,形,friendly,4,⿸？又,"{'type': 'ideographic', 'hint': 'Two hands 又 joined, representing friendship; 又 also provides the pronunciation'}",又,友好: Used as an adjective to describe friendly relationships or attitudes.,友好點。,Be kind.,湯姆對我友好。,Tom is friendly to me.,我們交個朋友好嗎？,Do you want to be friends?
有趣,yǒu qù,形,interesting; fascinating,4,⿸？月,"{'type': 'pictophonetic', 'phonetic': '月'}",月,有趣: Used as an adjective to describe something interesting or fascinating.,这很有趣！,It's pretty interesting!,非常有趣。,It's a lot of fun.,多么有趣啊！,How interesting!
友谊,yǒu yì,名,companionship,4,⿸？又,"{'type': 'ideographic', 'hint': 'Two hands 又 joined, representing friendship; 又 also provides the pronunciation'}",又,友谊: A noun representing companionship or friendship in a sentence.,友谊是魔术。,Friendship is magic.,友谊与快乐不可分。,Friendship and happiness cannot be separated.,友谊紧紧联系着我们。,We are bound to each other by a close friendship.
愉快,yú kuài,形,joyful,4,⿰忄俞,"{'type': 'pictophonetic', 'phonetic': '俞', 'semantic': '忄', 'hint': 'heart'}",忄,愉快: Placed after nouns or as predicate to express joy.,旅途愉快！,Have a nice trip!,周末愉快！,Have a nice weekend!,度假愉快！,Enjoy your holidays.
于是,yú shì,连,as a result,4,⿻二亅,{},二,于是: Placed at the beginning of a clause to indicate consequence.,艾伦太累了，于是早早地上床睡觉了。,Ellen was so tired that she went to bed early.,"对于是否要去医院探望Mary,Tom有点犹豫不决。",Tom is hesitant to visit Mary in the hospital.,他觉得她说得很有道理，于是接受了她的建议。,"He thought she spoke reasonably, so he accepted her suggestion."
与,yǔ,介/连,together with,4,⿹？一,{},一,与: Placed before a noun to indicate accompaniment or association.,参与！,Participate!,我要参与。,I want to take part.,我们正参与。,We're involved.
语法,yǔ fǎ,名,grammar,4,⿰讠吾,"{'type': 'pictophonetic', 'phonetic': '吾', 'semantic': '讠', 'hint': 'words'}",讠,语法: Indicates the study or rules of grammar in a sentence.,语法非常复杂。,Grammar is very complicated.,语法是很复杂的。,Grammar is a very complex thing.,这是谁的语法书?,Whose grammar book is this?
羽毛球,yǔ máo qiú,名,badminton,4,⿰习习,"{'type': 'pictographic', 'hint': 'Two feathers or wings'}",羽,羽毛球: Serves as a noun representing the sport or equipment.,他的羽毛球打得真厉害。,He plays badminton very well.,他们常在这儿打羽毛球。,They play badminton here often.,我以前常去打羽毛球，但現在不打了。,"I used to play badminton a lot, but I don’t play anymore."
语言,yǔ yán,名,language,4,⿰讠吾,"{'type': 'pictophonetic', 'phonetic': '吾', 'semantic': '讠', 'hint': 'words'}",讠,语言: Serves as a noun referring to language in sentences.,我爱语言学！,I love linguistics!,语言好可爱。,Language is easy to love.,你会几种语言？,How many languages do you know?
预习,yù xí,动,to prepare a lesson,4,⿰予页,"{'type': 'pictophonetic', 'phonetic': '予', 'semantic': '页', 'hint': 'page'}",页,预习: 动词，表示为学习做准备。,预习很有帮助。,Previewing the lesson is very helpful.,zh,en,我喜欢提前预习。,I like to preview the lessons in advance.
原来,yuán lái,副/形,originally,4,⿸厂泉,"{'type': 'pictophonetic', 'phonetic': '泉', 'semantic': '厂', 'hint': 'cliff'}",厂,原来: Placed at the beginning of a sentence to express previous unawareness of a fact.,原来如此！,So that's how it is!,原来如此。,I see.,原来你很倔。,"Originally, you were very stubborn."
原谅,yuán liàng,动,to excuse,4,⿸厂泉,"{'type': 'pictophonetic', 'phonetic': '泉', 'semantic': '厂', 'hint': 'cliff'}",厂,原谅: Placed after subject to indicate excusing someone for something.,请原谅！,Forgive me!,我原谅你。,I forgive you.,请原谅我。,Please forgive me.
原因,yuán yīn,名,reason,4,⿸厂泉,"{'type': 'pictophonetic', 'phonetic': '泉', 'semantic': '厂', 'hint': 'cliff'}",厂,原因: Placed after nouns to explain reasons for them.,原因呢？,And what was the reason?,是什么原因？,What's causing it?,我明白原因。,I understand why.
约会,yuē huì,名,appointment,4,⿰纟勺,"{'type': 'pictophonetic', 'semantic': '纟', 'hint': 'thread'}",纟,约会对: Used before verbs to indicate a planned meeting or date activity.,我在三点有个约会。,I have an appointment at 3.,我打算今晚和她约会。,I'm seeing her this evening.,,
阅读,yuè dú,动,reading,4,⿵门兑,{},门,阅读: 动词，表示阅读动作。,你喜欢阅读吗？,Do you like to read?,我喜欢阅读。,I like reading.,我继续阅读。,I went on reading.
云,yún,名,cloud,4,⿱二厶,"{'type': 'pictographic', 'hint': 'A cloud'}",二,云: Used as a noun to refer to clouds in a sentence.,今天多云。,It's cloudy today.,开始多云了。,It's getting cloudy.,云开见天日。,The clouds opened and the sun shone through.
允许,yǔn xǔ,动,allow; permit,4,⿱厶儿,{},儿,允许: Placed before a verb to permit or allow an action.,我不允许。,I don't allow it.,您允许我去吗？,Will you permit me to go there?,这里允许拍照吗？,Are we allowed to take pictures here?
杂志,zá zhì,名,magazine,4,⿱九木,{},木,杂志: Serves as a noun referring to magazines in sentences.,旧杂志卖完了。,The old magazines are all sold out.,该杂志每月出版。,This magazine is issued every month.,这是报纸还是杂志？,Is this a newspaper or a magazine?
咱们,zán men,代,we [you and me etc.],4,⿰口自,"{'type': 'pictophonetic', 'phonetic': '自', 'semantic': '口', 'hint': 'mouth'}",口,"咱们: Placed at the beginning of a sentence to include the listener in ""we"".",咱们AA制吧。,Let's split the bill.,咱们回顾一下。,Let's review.,咱们去吃饭吧。,Let's go ahead and eat.
暂时,zàn shí,名,for the time being; temporary,4,⿱斩日,"{'type': 'pictophonetic', 'phonetic': '斩', 'semantic': '日', 'hint': 'sun'}",日,暂时: Placed before nouns or verbs to indicate temporary state or action.,暂时不需要，谢谢。,"Not needed at the moment, thank you.",他们说情况只是暂时的。,They said the situation was only temporary.,形式是暂时的，等级才是永恒的。,"Form is temporary, class is permanent."
脏,zāng,形,dirty,4,⿰⺼庄,"{'type': 'pictophonetic', 'phonetic': '庄', 'semantic': '⺼', 'hint': 'flesh'}",⺼,脏: Used as an adjective before nouns to describe something dirty.,你的脚脏。,You have dirty feet.,你有心脏病。,You have heart disease.,小冰箱很脏。,The little fridge is dirty.
责任,zé rèn,名,responsibility,4,⿱龶贝,"{'type': 'ideographic', 'hint': 'Money 贝 that must be repaid'}",贝,责任: Used as a noun to express duty or obligation in a sentence.,我的责任是什么？,What are my responsibilities?,我对此负有责任。,I'm responsible for that.,失败的责任在他。,He is to blame for the failure.
增加,zēng jiā,动,to increase; add; raise,4,⿰土曾,"{'type': 'pictophonetic', 'phonetic': '曾', 'semantic': '土', 'hint': 'earth'}",土,增加: Placed after subjects to indicate increase or addition of something.,我增加了體重。,I've gained weight.,人口穩定地增加。,There was a steady increase in population.,事故沒減少而增加。,Instead of fewer accidents there are more.
占线,zhàn xiàn,动,busy line; engaged (line),4,⿱⺊口,"{'type': 'ideographic', 'hint': 'To speak 口 omens ⺊'}",⺊,占线: Indicates a busy line following verbs related to calling or trying to call.,可惜电话占线。,The number is unfortunately busy.,,,,
招聘,zhāo pìn,动,recruitment,4,⿰扌召,"{'type': 'ideographic', 'hint': 'A call 召 to arms 扌; 召 also provides the pronunciation'}",扌,招聘: Used as a verb to indicate the act of recruiting or hiring.,招聘服务员。,Waiter needed.,计划是在下月底之前招聘5名Java工程师。,The plan is to recruit 5 Java engineers before the end of next month.,,
照,zhào,动,take (a photo),4,⿱昭灬,"{'type': 'pictophonetic', 'phonetic': '昭', 'semantic': '灬', 'hint': 'fire'}",灬,照: Placed as a verb to indicate taking a photo.,拍照。,Let's take a picture.,有護照嗎？,Do you have a passport?,没照片。,No pictures.
真正,zhēn zhèng,形,real,4,⿱直几,"{'type': 'ideographic', 'hint': 'A straight 直 (that is, level) table 几'}",目,真正: Placed before adjectives to emphasize authenticity.,她才是真正的巫婆！,She is a true witch!,谁才是我真正的父母？,Who are my real parents?,你真正的目标是什么？,What's your real goal?
整理,zhěng lǐ,动,to arrange,4,⿱敕正,"{'type': 'pictophonetic', 'phonetic': '正', 'semantic': '敕', 'hint': 'order'}",攵,整理: Placed as a verb to indicate arranging or organizing something.,請整理床鋪。,Please make the bed.,整理一下房間。,Tidy up the room.,我一直想整理書桌。,I keep meaning to organize my desk.
正常,zhèng cháng,形,normal; fine; generally speaking,4,⿱一止,"{'type': 'ideographic', 'hint': 'A foot 止 stopping in the right place 一'}",止,正常: Used as an adjective before nouns or after verbs to describe normality.,很正常。,That's normal.,一切正常！,All right!,一切正常。,Everything is normal.
正好,zhèng hǎo,形/副,just right,4,⿱一止,"{'type': 'ideographic', 'hint': 'A foot 止 stopping in the right place 一'}",止,正好: Placed before verbs to indicate timing is opportune.,后天正好礼拜日。,The day after tomorrow is Sunday.,我正好可以練練手。,I could use the practice.,现在正好，不重也不轻。,It's good now; neither too heavy nor too light.
证明,zhèng míng,名/动,proof,4,⿰讠正,"{'type': 'ideographic', 'hint': 'To speak 讠 the truth 正; 正 also provides the pronunciation'}",讠,证明: Can function as a noun meaning 'proof' or as a verb meaning 'to prove'.,你能证明吗？,Can you prove it?,你能证明吗?,Can you prove it?,你无法证明。,You can't prove that.
正确,zhèng què,形,correct,4,⿱一止,"{'type': 'ideographic', 'hint': 'A foot 止 stopping in the right place 一'}",止,正确: Used as an adjective to describe correctness of nouns or situations.,正确！,Correct!,她是正确的吗？,Is she right?,懂了就正确做。,"If you understand, then do it properly."
正式,zhèng shì,形,formal,4,⿱一止,"{'type': 'ideographic', 'hint': 'A foot 止 stopping in the right place 一'}",止,正式: Placed before nouns or verbs to indicate formality.,他給了我正式批准。,He gave me his stamp of approval.,你没必要那么正式。,You don't have to be so formal.,这个典礼有多正式?,How formal is this ceremony?
之,zhī,助,[a more literary form of 的; showing possession],4,⿱丶？,"{'type': 'ideographic', 'hint': 'A foot meaning ""to follow""; cursive version of 止'}",丿,之: Placed after nouns to show possession in classical Chinese.,之後呢？,And afterward?,切身之痛。,It's a personal pain.,井底之蛙。,The frog in the well.
支持,zhī chí,动,to be in favour of,4,⿱十又,"{'type': 'ideographic', 'hint': 'A hand 又 holding a branch 十 for support'}",支,支持: Placed as a verb to express endorsement or support for an idea/person.,我支持你。,I'm on your side.,没人支持她。,Nobody supported her.,我假裝支持他。,I made believe that I supported him.
知识,zhī shi,名,knowledge,4,⿰矢口,"{'type': 'pictophonetic', 'phonetic': '矢', 'semantic': '口', 'hint': 'mouth'}",矢,知识: Serves as a noun representing knowledge in sentences.,知识是什么？,What is knowledge?,知识就是力量。,Knowledge is power.,我相信，知识就是力量。,It's my belief that knowledge is power.
值得,zhí de,动,worthy,4,⿰亻直,"{'type': 'pictophonetic', 'phonetic': '直', 'semantic': '亻', 'hint': 'person'}",亻,值得: Placed after a noun or phrase indicating it is worthy of something.,那值得考慮。,That is worth considering.,这真的值得吗？,Is it really worth it?,不值得去記。,It's not worth remembering.
直接,zhí jiē,形,direct,4,⿳十目一,"{'type': 'ideographic', 'hint': 'To look someone in the eye 目'}",目,直接: Placed before verbs to indicate directness or immediacy.,直接回家。,Go straight home.,他说话很直接。,He's very straightforward.,我直接地問了他。,I asked him point-blank.
植物,zhí wù,名,plants,4,⿰木直,"{'type': 'pictophonetic', 'phonetic': '直', 'semantic': '木', 'hint': 'tree'}",木,植物: Serves as a noun representing plants in sentences.,樹是植物。,Trees are plants.,植物能說話嗎？,Can plants talk?,瑪麗喜歡植物。,Mary likes plants.
职业,zhí yè,名,profession; career,4,⿰耳只,"{'type': 'pictophonetic', 'phonetic': '只', 'semantic': '耳', 'hint': 'ear'}",耳,职业: Placed after classifiers to refer to professions or careers.,你喜欢你的职业吗？,Do you enjoy your vocational field?,他们是职业歌手。,They're professional singers.,他的职业是医生。,He is a doctor by profession.
指,zhǐ,动,finger; point at,4,⿰扌旨,"{'type': 'ideographic', 'hint': 'To point 旨 by hand 扌; 旨 also provides the pronunciation'}",扌,指: Used as a verb to indicate pointing or referring with a finger.,你是指誰？,Whom are you speaking of?,我指導米娜。,I coach Mina.,別指望湯姆。,Don't count on Tom.
只好,zhǐ hǎo,副,have to; forced to,4,⿱口八,"{'type': 'ideographic', 'hint': 'Simple words 八 coming from the mouth 口'}",口,只好: Placed before a verb to indicate necessity due to lack of alternatives.,只好坐下來等待。,There was no choice but to sit and wait.,你只好隐伏几个星期。,You'd better lie low for a few weeks.,他无能为力，只好放弃计划,He could do nothing but give up his plan against his will.
只要,zhǐ yào,连,so long as ...,4,⿱口八,"{'type': 'ideographic', 'hint': 'Simple words 八 coming from the mouth 口'}",口,"只要: Placed at the beginning of a clause to mean ""as long as.""",只要十元！,It only costs $10.00!,只要說不。,Just say no.,我只要自由。,All I want is my freedom.
质量,zhì liàng,名,quality,4,⿸厂⿱十贝,"{'type': 'pictophonetic', 'phonetic': '十', 'semantic': '贝', 'hint': 'shell'}",厂,质量: Placed after determiners to refer to quality or standard of objects.,数量不如质量。,Quality is more important than quantity.,编写高质量的句子。,Write high-quality sentences.,这些产品质量同等。,These products are of the same quality.
至少,zhì shǎo,副,at least,4,⿱⿱一厶土,"{'type': 'ideographic', 'hint': 'A bird alighting on the ground 土'}",至,"至少: Placed before a quantity to indicate ""at least.""",至少她能面對他們！,"She at least, she can face them!",我至少有十本书。,I have at least ten books.,他至少有一千本書。,He has at least one thousand books.
重,zhòng,形,heavy; serious; once more,4,⿻千里,"{'type': 'ideographic', 'hint': 'A burden carried for a thousand 千 miles 里'}",里,重: Used as an adjective before nouns indicating weight or seriousness.,重复！,Repeat!,要尊重！,Have respect!,保重。,Take care.
重点,zhòng diǎn,名,main point,4,⿻千里,"{'type': 'ideographic', 'hint': 'A burden carried for a thousand 千 miles 里'}",里,重点: Placed after nouns to indicate main points or priorities.,我不能抓到他演讲的重点。,I couldn't get the point of his speech.,我没有抓到他演讲的重点。,I didn't get the point of his speech.,,
重视,zhòng shì,动,value,4,⿻千里,"{'type': 'ideographic', 'hint': 'A burden carried for a thousand 千 miles 里'}",里,重视: Placed as a verb indicating emphasis or importance given to something.,我希望我能被人重视。,I want to feel important.,父母很重视孩子的教育。,The parents value their children's education.,所有成员都极为重视她的意见。,All the members made much of her opinion.
周围,zhōu wéi,名,around,4,⿵冂⿱土口,"{'type': 'ideographic', 'hint': 'Border 冂 around land 土 with a well 口'}",口,周围: Placed before nouns to indicate surroundings or vicinity.,我去过上海周围的地方。,I've been to the area surrounding Shanghai.,周围太吵了，我无法专心学习。,It is too noisy around here; I can't concentrate.,他住在公园周围的某个地方。,He lives somewhere around the park.
主意,zhǔ yi,名,idea,4,⿱丶王,"{'type': 'pictographic', 'hint': 'A lamp 王 with a flame 丶'}",丶,主意: Placed after nouns indicating one's idea about something.,好主意！,Good idea!,我有好主意。,A good idea came into my mind.,这是谁的主意？,Whose idea was it?
祝贺,zhù hè,动,to congratulate,4,⿰礻兄,"{'type': 'ideographic', 'hint': 'A person 兄 praying before an altar 礻'}",礻,祝贺: Placed after verbs to express congratulation on actions or events.,祝贺！,Congratulations!,祝贺你,Congratulations!,祝贺你。,Congratulations!
著名,zhù míng,形,famous,4,⿱艹者,"{'type': 'pictophonetic', 'phonetic': '者', 'semantic': '艹', 'hint': 'plant'}",艹,著名: Placed before a noun to indicate fame.,倫敦以霧著名。,London is famous for its fog.,神戶是著名的港口。,Kobe is famous for its port.,他是個著名的畫家。,He is a famous painter.
专门,zhuān mén,副,specialised,4,⿻？一,{},一,专门: Used before verbs to emphasize specialization or purpose.,这是一家专门为学生提供服务的商店。,This is a store that caters specially to students.,市政府想建设专门的自行车道。但是，很多司机反对这个主意。,"The city government wants to set up special cycle lanes. However, a lot of drivers oppose the idea.",,
专业,zhuān yè,名,professional,4,⿻？一,{},一,专业: Used as a noun to refer to a field of study or occupation.,你选好专业了吗,Have you chosen a major yet?,你的专业是什么？,What's your major?,他的专业是经济学。,He is majoring in economics.
转,zhuǎn,动,turn,4,⿰车专,"{'type': 'pictophonetic', 'phonetic': '专', 'semantic': '车', 'hint': 'cart'}",车,转: Placed after a subject to indicate turning or changing direction.,左转!,Turn left!,向右转。,Turn right.,转过来。,Turn around.
赚,zhuàn,动,to earn,4,⿰贝兼,"{'type': 'pictophonetic', 'phonetic': '兼', 'semantic': '贝', 'hint': 'money'}",贝,赚: Placed after subject to indicate earning something.,我想赚多点。,I'd like to earn more.,我赚钱养家。,I sustain my family.,汤姆赚不少钱。,Tom makes quite a bit of money.
准确,zhǔn què,形,accurate,4,⿰冫隹,"{'type': 'pictophonetic', 'phonetic': '隹', 'semantic': '冫', 'hint': 'water in a spirit level'}",冫,准确: Placed after a noun to describe accuracy or used as an adjective before a noun.,不要把精确和准确搞错。,Let's not mistake precision for accuracy.,准确性在计算中很重要。,Accuracy is important in arithmetic.,她能很准确地评估投资。,She can assess investments very accurately.
准时,zhǔn shí,形,punctual,4,⿰冫隹,"{'type': 'pictophonetic', 'phonetic': '隹', 'semantic': '冫', 'hint': 'water in a spirit level'}",冫,准时: Used as an adjective before nouns to describe being on time.,他准时来了。,He arrived in time.,他总是准时到。,He's always punctual.,汤姆从不准时。,Tom has never been punctual.
仔细,zǐ xì,形,careful,4,⿰亻子,"{'type': 'ideographic', 'hint': 'A person 亻 keeping watch over a child 子; 子 also provides the pronunciation'}",亻,仔细: Used as an adjective before nouns or after verbs to indicate carefulness.,仔细听着。,Listen carefully.,请仔细洗牌。,Please shuffle the cards carefully.,我必须仔细做。,I must do that carefully.
自然,zì rán,名/副,natural,4,⿻目？,"{'type': 'pictographic', 'hint': 'A nose; in China, people refer to themselves by pointing to their noses'}",自,自然: Used as an adverb to describe naturalness or spontaneously in sentences.,我愛大自然。,I love mother nature.,功到自然成。,Constant effort yields sure success.,大自然很慷慨。,Mother Nature is generous.
自信,zì xìn,形,self-confident; believe in oneself,4,⿻目？,"{'type': 'pictographic', 'hint': 'A nose; in China, people refer to themselves by pointing to their noses'}",自,自信: Used as an adjective to describe someone who believes in themselves.,別過於自信了。,Let's not get over-confident.,你必须得自信。,You have to have confidence.,我現在自信感滿滿。,I'm feeling really confident now.
总结,zǒng jié,动/名,to sum up,4,⿳丷口心,"{'type': 'ideographic', 'hint': 'Many mouths 口 speaking with one mind 心'}",心,总结: Used at the end of a statement to conclude or summarize.,他的论文总结了电脑，人造卫星和火箭三个的新成就。,"His thesis summed up the new achievements made in computers, artificial satellites and rockets.",,,,
租,zū,动,to rent,4,⿰禾且,"{'type': 'ideographic', 'hint': 'Regularly paid 且 tribute in grain 禾'}",禾,租: Placed as a verb to indicate renting an item or property.,叫出租車。,Call a taxi.,她開出租車？,Is she a taxi driver?,我想租房。,I'd like to rent a house.
最好,zuì hǎo,副,best,4,⿱日取,"{'type': 'ideographic', 'hint': 'To take place 取 under the sun 日 (that is, everywhere)'}",曰,最好: Used at the beginning or end of a sentence to suggest the optimal action or state.,我最好。,I am the best.,你最好了。,You're the best.,你最好进食！,You'd better eat!
尊重,zūn zhòng,动,to honour,4,⿱酋寸,"{'type': 'ideographic', 'hint': 'A hand 寸 making an offering of wine 酋'}",寸,尊重: Placed after subjects to indicate showing honor or regard towards someone.,要尊重！,Have respect!,尊重地回应。,Respond with reverence.,他们互相尊重。,They have mutual respect.
左右,zuǒ yòu,名,left and right; about,4,⿸？工,"{'type': 'pictographic', 'hint': 'A left hand; compare 又'}",工,左右: Placed after a number to indicate approximation.,他左右看了看。,He looked left and right.,萨米十六岁左右。,Sami was about sixteen years old.,我六點左右起床。,I got up at about six.
座,zuò,量,seat,4,⿸广坐,"{'type': 'ideographic', 'hint': 'A wide 广 seat 坐; 坐 also provides the pronunciation'}",广,座: Placed after nouns indicating seats or seating capacity.,请用座。,Please sit.,還剩座位嗎？,Are any seats still available?,那是仙后座。,That's Cassiopeia.
作家,zuò jiā,名,writer,4,⿰亻乍,"{'type': 'ideographic', 'hint': 'A person 亻 making something for the first time 乍; 乍 also provides the pronunciation'}",亻,作家: Serves as a noun representing a writer in sentences.,他是作家。,He's an author.,作家很有幽默感。,The writer is very humorous.,他是位出色的作家。,He is a good writer.
座位,zuò wèi,名,place; seat,4,⿸广坐,"{'type': 'ideographic', 'hint': 'A wide 广 seat 坐; 坐 also provides the pronunciation'}",广,座位: Placed after 在 to indicate one's seat location.,還剩座位嗎？,Are any seats still available?,这个座位空着吗？,Is this seat empty?,回到你的座位。,Go back to your seat.
作用,zuò yòng,名,effect,4,⿰亻乍,"{'type': 'ideographic', 'hint': 'A person 亻 making something for the first time 乍; 乍 also provides the pronunciation'}",亻,作用: Placed after verbs to indicate effect or function.,它现在起作用了。,It works now.,这药没有副作用。,This medicine has no side effects.,毛巾完全没起作用。,The towel wasn't useful at all.
作者,zuò zhě,名,author,4,⿰亻乍,"{'type': 'ideographic', 'hint': 'A person 亻 making something for the first time 乍; 乍 also provides the pronunciation'}",亻,作者: A noun placed after descriptors or before verbs indicating action by the author.,他是作者。,He writes books.,作者是巴西人。,The author is Brazilian.,这些诗的作者是谁？,Who wrote these poems?
哎,āi,叹,hey,5,⿰口艾,"{'type': 'pictophonetic', 'phonetic': '艾', 'semantic': '口', 'hint': 'mouth'}",口,哎: Used at the beginning of a sentence to attract attention or express emotion.,哎！,Ah!,哎呀！,Whoops!,哎呀......,Oh boy...
熬夜,áo yè,动,to stay up late or all night,5,⿱敖灬,"{'type': 'pictophonetic', 'phonetic': '敖', 'semantic': '灬', 'hint': 'fire'}",灬,熬夜: Used as a verb to describe staying up late or all night.,我又熬夜了。,I stayed up all night again.,我習慣熬夜。,I am used to sitting up late.,她習慣熬夜。,She is in the habit of keeping late hours.
唉,ài,叹,oh; ah; well,5,⿰口矣,"{'type': 'pictophonetic', 'phonetic': '矣', 'semantic': '口', 'hint': 'mouth'}",口,唉: Used at the beginning of a sentence to express sighing or exasperation.,唉唷喂啊！,Whoopsie!,唉呀！我差點忘記了！,"Oh, no! I almost forgot!",唉！我的電腦又當機了。,Argh! My computer froze up again.
爱护,ài hù,动,care; cherish; take good care of,5,⿱⿱爫冖友,"{'type': 'ideographic', 'hint': ""To bring a friend 友 into one's house 冖""}",爫,爱护: Placed before a noun to indicate caring for or cherishing it.,"爱护文物, 人人有责。",It is everyone's duty to cherish cultural relics.,,,,
爱惜,ài xī,动,value; cherish; treasure,5,⿱⿱爫冖友,"{'type': 'ideographic', 'hint': ""To bring a friend 友 into one's house 冖""}",爫,爱惜: Placed after nouns to express cherishing or valuing them.,zh,en,我爱惜我的书包。,I cherish my schoolbag.,他非常爱惜他的旧手表。,He really treasures his old watch.
爱心,ài xīn,名,compassion; kindness; consideration,5,⿱⿱爫冖友,"{'type': 'ideographic', 'hint': ""To bring a friend 友 into one's house 冖""}",爫,爱心: Placed as a noun to express compassion or kindness in a sentence.,我被她对别人的爱心所感动。,I was moved by her love for other people.,,,,
安慰,ān wèi,动,to comfort; console,5,⿱宀女,"{'type': 'ideographic', 'hint': 'A woman 女 safe in a house 宀'}",宀,安慰: Placed as a verb to indicate the action of comforting someone.,誰來安慰我？,Who will console me?,誰去安慰她？,Who will console her?,我在安慰瑪麗。,I am consoling Mary.
安装,ān zhuāng,动,to install; mount; erect,5,⿱宀女,"{'type': 'ideographic', 'hint': 'A woman 女 safe in a house 宀'}",宀,安装: Placed as a verb to indicate the action of installing something.,请安装 Linux!,Install Linux!,这男人试着安装他自己的天线。,The man tried to install his own antenna.,为奇怪的原因，我不能选择了unifont，即使我已经安装了，所以我需要做了用xft的补丁dmenu正确的代表中文的条目。,"For some reason I couldn’t select unifont even though I’ve installed it, so I had to build dmenu with the xft patch to get Chinese menu entries displayed correctly."
暗,àn,形,dark,5,⿰日音,"{'type': 'pictophonetic', 'phonetic': '音', 'semantic': '日', 'hint': 'sun'}",日,暗: Placed before nouns to describe darkness.,好暗。,It was so dark.,天非常暗。,The sky is very dark.,天色變暗了。,The sky darkened.
岸,àn,名,shore; coast; bank;,5,⿱山⿸厂干,"{'type': 'ideographic', 'hint': 'A mountain 山 cliff 厂; 干 provides the pronunciation'}",山,"岸: Placed after ""在"" to indicate a location by the shore.",全部上岸！,All ashore!,她的家在河对岸。,Her house is across the river.,孩子們滑下岸邊。,The children slid down the bank.
把握,bǎ wò,动/名,to grasp; to hold; seize,5,⿰扌巴,"{'type': 'pictophonetic', 'phonetic': '巴', 'semantic': '扌', 'hint': 'hand'}",扌,把握: 动词，表示抓住或掌握机会、要点。,好好把握這個機會。,Make good use of this opportunity.,你要好好把握這個時機。,You should make good use of this opportunity.,买房要量力而行，但也要把握时机。,"One needs to buy a house that's within one's means, but one also needs to grasp an opportunity."
摆,bǎi,动,to arrange; set in order; pendulum; lower hem (of a gown/jacket/skirt),5,⿰扌罢,"{'type': 'pictophonetic', 'phonetic': '罢', 'semantic': '扌', 'hint': 'hand'}",扌,摆: Placed before objects to indicate arranging or setting them in order.,别摆架子。,Don't give yourself airs.,那不是明摆着的吗？,Isn't it obvious?,我要摆脱这一切。,I'm going to get rid of all this stuff.
办理,bàn lǐ,动,deal with; attend to; handle,5,⿻力八,"{'type': 'pictophonetic', 'phonetic': '八', 'semantic': '力', 'hint': 'strength'}",力,办理: Placed after subject to indicate handling or dealing with something.,办理护照很简单。,It's easy to handle getting a passport.,zh,en,他正在办理签证手续。,He is currently handling the visa procedures.
傍晚,bàng wǎn,名,towards evening; at nightfall; at dusk,5,⿰亻旁,"{'type': 'ideographic', 'hint': 'Someone 亻 by your side 旁; 旁 also provides the pronunciation'}",亻,傍晚: Placed before verbs to indicate time in the late afternoon or early evening.,他在傍晚写诗。,He writes poems in the early-evening hours.,今天傍晚做些事！,Let's do something later this evening!,我们傍晚通常在家。,We're usually at home in the evening.
包裹,bāo guǒ,名,wrap up; pack up,5,⿹勹巳,"{'type': 'ideographic', 'hint': 'To swaddle 勹 a baby 巳; 勹 also provides the pronunciation'}",勹,包裹: A noun referring to a packed or wrapped item.,帮我抬包裹。,Help me lift the package.,我的包裹到哪里了？,Where's my package?,包裹被海關扣了。,The package was confiscated by customs.
包含,bāo hán,动,to contain; embody; include; inclusion,5,⿹勹巳,"{'type': 'ideographic', 'hint': 'To swaddle 勹 a baby 巳; 勹 also provides the pronunciation'}",勹,包含: Placed after nouns to indicate inclusion of items or concepts.,它包含了什么？,What does it contain?,這個價格不包含這個箱子。,The price does not include the box.,严格来说，中文包含几百种方言。,"Strictly speaking, Chinese consists of hundreds of dialects."
包括,bāo kuò,动,include,5,⿹勹巳,"{'type': 'ideographic', 'hint': 'To swaddle 勹 a baby 巳; 勹 also provides the pronunciation'}",勹,包括: Placed before nouns to indicate inclusion in a previously mentioned category.,包括早饭吗？,Is breakfast included?,Ubuntu包括的软件挺多。,Ubuntu includes lots of software.,风俗习惯包括食物，庆祝和舞蹈。,"Customs include food, celebrations and dancing."
薄,báo,形,thin; flimsy,5,⿱艹溥,"{'type': 'pictophonetic', 'phonetic': '溥', 'semantic': '艹', 'hint': 'grass'}",艹,薄: Placed before nouns to describe thinness or flimsiness.,女人薄情善变。,A woman is ever fickle and changeable.,把肉切成薄片。,Cut the meat into thin slices.,山頂上空氣稀薄。,The air is thin at the summit.
宝贝,bǎo bèi,名,treasure; baby,5,⿱宀玉,"{'type': 'ideographic', 'hint': ""Jade 玉 kept in one's house 宀""}",宀,宝贝: Used as a noun to express endearment for loved ones or cherished items.,出什么事了，宝贝？,"What's wrong, honey?",她是老师的宝贝。,She is a teacher's pet.,他是家里的宝贝。,He is the baby of the family.
保持,bǎo chí,动,to keep; hold; retain; maintain,5,⿰亻呆,"{'type': 'pictophonetic', 'phonetic': '呆', 'semantic': '亻', 'hint': 'person'}",亻,保持: Placed as a main verb to indicate maintaining or keeping something.,保持安静,Keep it quiet.,保持安静！,Keep quiet.,保持聯絡！,Keep in touch!
保存,bǎo cún,动,preserve; keep; conserve,5,⿰亻呆,"{'type': 'pictophonetic', 'phonetic': '呆', 'semantic': '亻', 'hint': 'person'}",亻,保存: Placed as a verb to indicate preserving or keeping something.,保存在陰涼的地方。,Keep it in a cool place.,他们保存了这建筑。,They have preserved the building.,他要求我保存秘密。,He requested me to keep it secret.
宝贵,bǎo guì,形,valuable; precious,5,⿱宀玉,"{'type': 'ideographic', 'hint': ""Jade 玉 kept in one's house 宀""}",宀,宝贵: Placed after nouns to describe them as valuable or precious.,时间是宝贵的。,Time is precious.,时间比什么都宝贵。,Time is more precious than anything else.,时间是世界上最宝贵的东西。,Time is the most precious thing in the world.
保留,bǎo liú,动,continue to have; persist; to retain; hold back,5,⿰亻呆,"{'type': 'pictophonetic', 'phonetic': '呆', 'semantic': '亻', 'hint': 'person'}",亻,保留: Placed as a verb to indicate keeping or preserving something.,保留一切權利。,All rights reserved.,请保留我的位置,Please save my place.,保留原狀地離開房間。,Leave the room as it is.
保险,bǎo xiǎn,名,guarantee; insurance,5,⿰亻呆,"{'type': 'pictophonetic', 'phonetic': '呆', 'semantic': '亻', 'hint': 'person'}",亻,保险: Serves as a noun indicating guarantee or insurance in a sentence.,我的房子绝对保险。,My house is fully insured.,为什么你买了旅行保险？,Why did you buy travel insurance?,保险箱的钥匙在我这儿。,I have the key to the safe.
报道,bào dào,动,report,5,⿰扌⿸卩又,"{'type': 'ideographic', 'hint': 'A hand 扌 cuffing 又 a criminal 卩, representing sentencing'}",扌,报道: Placed after subject to indicate reporting action.,他觉得必须报道这件事。,He felt compelled to report the incident.,汤姆写了篇非常有深度的报道。,Tom wrote a very profound report.,关于这个问题，我觉得垃圾媒体只报道了很片面的信息。,"Concerning this issue, I feel that the trash media only report biased information."
报到,bào dào,动,report for duty; check in; register,5,⿰扌⿸卩又,"{'type': 'ideographic', 'hint': 'A hand 扌 cuffing 又 a criminal 卩, representing sentencing'}",扌,报到: 动词，表示办理注册或报道手续。,zh,en,今天早上我九点去学校报到了。,"This morning, I reported to school at nine o'clock.",zh,en
报告,bào gào,名,report; make known; inform,5,⿰扌⿸卩又,"{'type': 'ideographic', 'hint': 'A hand 扌 cuffing 又 a criminal 卩, representing sentencing'}",扌,报告: Used as a noun for a report or can be a verb to inform someone.,给我报告。,Give me the report.,我在写实习报告。,I am writing my internship report.,你读了我的报告了吗？,Have you read my report?
报社,bào shè,名,newspaper office,5,⿰扌⿸卩又,"{'type': 'ideographic', 'hint': 'A hand 扌 cuffing 又 a criminal 卩, representing sentencing'}",扌,报社: Serves as a noun representing a newspaper office in sentences.,我为这家报社工作四年了。,I have been working for this newspaper for 4 years.,这家报社在当地知名度颇高。,This newspaper is well known in the local area.,,
抱怨,bào yuàn,动,complain; grumble,5,⿰扌包,"{'type': 'ideographic', 'hint': ""To wrap 包 in one's arms 扌; 包 also provides the pronunciation""}",扌,抱怨: Placed as a verb to express complaint or dissatisfaction.,別抱怨！,Don't complain!,誰抱怨了？,Who complained?,你想抱怨嗎？,Do you wish to complain?
悲观,bēi guān,形,pessimistic,5,⿱非心,"{'type': 'pictophonetic', 'phonetic': '非', 'semantic': '心', 'hint': 'heart'}",心,悲观: Used as an adjective to describe a pessimistic outlook.,不要感觉那么悲观。,Don't be so pessimistic.,每个人都感到悲观。,Everyone feels pessimistic.,我时而乐观，时而悲观。,I am by turns an optimist and a pessimist.
背,bèi,动,back,5,⿱北⺼,"{'type': 'pictophonetic', 'phonetic': '北', 'semantic': '⺼', 'hint': 'flesh'}",⺼,背: 动词，意为“背着”或表示记忆、方向等。,背癢。,My back is itchy.,誰背叛我們？,Who betrayed us?,我背不好。,I have back problems.
背景,bèi jǐng,名,background,5,⿱北⺼,"{'type': 'pictophonetic', 'phonetic': '北', 'semantic': '⺼', 'hint': 'flesh'}",⺼,背景: A noun placed after descriptors to indicate contextual background.,Tom有獸醫背景。,Tom has a veterinary background.,图片的背景是一座城堡。,There is a castle in the background of the picture.,如果你不明白一件事，那是因为你没有意识到它的背景。,"If you don't understand something, it's because you aren't aware of its context."
被子,bèi zi,名,quilt,5,⿰衤皮,"{'type': 'pictophonetic', 'phonetic': '皮', 'semantic': '衤', 'hint': 'cloth'}",衤,"被子: A noun representing a quilt, used as an object in sentences.",折被子。,Fold the quilt.,還想要張被子嗎？,Still want a quilt?,她叠好了被子。,She folded the quilt.
本科,běn kē,名,undergraduate course; regular college course,5,⿻木一,"{'type': 'ideographic', 'hint': 'A tree 木 with its roots highlighted'}",木,本科: Indicates the field of undergraduate study in a sentence.,本科是很多学生的第一选择。,Many students choose undergraduate courses as their first choice.,我在本科学习中文。,I study Chinese in my undergraduate program.,他的本科专业是计算机科学。,His undergraduate major is computer science.
本领,běn lǐng,名,capability; capacity; faculty,5,⿻木一,"{'type': 'ideographic', 'hint': 'A tree 木 with its roots highlighted'}",木,本领: Placed as a noun to express one's capability or skill in a specific area.,zh,en,他有很强的本领。,He has a very strong capability.,小猫学会了爬树的本领。,The little cat learned the ability to climb trees.
本质,běn zhì,名,nature; innate character; intrinsic quality,5,⿻木一,"{'type': 'ideographic', 'hint': 'A tree 木 with its roots highlighted'}",木,本质: Placed after descriptors to refer to the intrinsic nature of something.,这就是事情的本质。,That is the essence of the matter.,自由的本质就是数学。,The essence of liberty is mathematics.,喏，这是我的秘密。很简单。只有用心才能看到本质的东西。精髓是眼睛看不见的。,"And now here is my secret, a very simple secret: It is only with the heart that one can see rightly; what is essential is invisible to the eye."
彼此,bǐ cǐ,代,each other; both parties; one another,5,⿰彳皮,"{'type': 'pictophonetic', 'phonetic': '皮', 'semantic': '彳', 'hint': 'step'}",彳,彼此: Placed between nouns or verbs to indicate mutual action.,你们不爱彼此吗？,Don't you love each other?,我們彼此相愛。,We love each other.,他們彼此相愛。,They love each other.
比例,bǐ lì,名,scale; proportion; ratio,5,⿰匕匕,"{'type': 'ideographic', 'hint': 'Two spoons 匕 side-by-side; 匕 also provides the pronunciation'}",比,比例: Placed after nouns to indicate scale or ratio between them.,"1772 年，埃斯皮利先生計算出法國人口超過 2,200 萬人；其中男性 10,562,631 人，女性 11,451,726 人；因此，女性與男性的比例約為 14 比 13。","Monsieur D'Espilly, in the year 1772, calculated the population of France at upwards of 22 millions; namely, 10,562,631 males, and 11,451,726 females; consequently the proportion of females to males was about 14 to 13.",,,,
毕竟,bì jìng,副,after all; all in all; when all is said and done,5,⿱比十,"{'type': 'pictophonetic', 'phonetic': '比', 'semantic': '十', 'hint': 'complete'}",比,毕竟: Placed at the beginning or middle of a sentence to concede a point.,你毕竟是对的。,"After all, you're right.",他毕竟是那个时代的人。,He's a product of his time.,毕竟，我应认真相信些什么？,"In the end, what must I really believe in?"
避免,bì miǎn,动,to avoid; refrain from; prevent something from happening,5,⿺辶辟,"{'type': 'pictophonetic', 'phonetic': '辟', 'semantic': '辶', 'hint': 'foot'}",辶,避免: Placed at the beginning of a sentence as a verb to indicate avoiding something.,避免太夸张。,Try to avoid overdoing it.,那是可避免的。,That's avoidable.,事故无法避免。,Accidents are inevitable.
必然,bì rán,形,inevitable; certain; necessarily,5,⿻心丿,{},心,必然: Placed after verbs to indicate inevitability.,他的成功是必然的。,That he will succeed is certain.,他們的相遇是必然的。,Their meeting was inevitable.,,
必要,bì yào,形,requisite; necessary; essential,5,⿻心丿,{},心,必要: Placed after verbs to indicate necessity or essentiality.,沒必要擔心。,There's no reason to be alarmed.,他没必要洗车。,He doesn't have to wash the car.,你有必要了解。,You need to know.
编辑,biān jí,名/动,edit; compile,5,⿰纟扁,"{'type': 'pictophonetic', 'phonetic': '扁', 'semantic': '纟', 'hint': 'thread'}",纟,编辑: Can function as a verb (to edit/compile) or a noun (editor).,你不想做编辑？,You don't want to be an editor?,我们应该对人使用基因编辑吗？,Should we use genetic engineering on people?,,
鞭炮,biān pào,名,firecrackers,5,⿰革便,"{'type': 'pictophonetic', 'phonetic': '便', 'semantic': '革'}",革,鞭炮: A noun representing firecrackers in a phrase or clause describing celebrations.,鞭炮在新年时很受欢迎。,Firecrackers are very popular during the New Year.,zh,en,孩子们喜欢放鞭炮来庆祝节日。,Children like to set off firecrackers to celebrate festivals.
便,biàn,副,convenience; excrement or urine; relieve oneself,5,⿰亻更,{},亻,便: Placed before verbs to indicate convenience or immediately.,随便！,Whatever!,我随便。,With me everything is OK.,随便坐。,Sit wherever you like.
辩论,biàn lùn,动,argue; debate,5,⿲辛讠辛,"{'type': 'ideographic', 'hint': 'A bitter 辛 exchange of words 讠'}",辛,辩论: Used as a verb to indicate engaging in an argument or debate.,他参加辩论,He participated in the debate.,比尔擅长辩论。,Bill is skillful in arguing and debating.,这是场有趣的辩论。,It was an interesting debate.
标点,biāo diǎn,名,punctuation,5,⿰木示,"{'type': 'pictophonetic', 'phonetic': '票', 'semantic': '木', 'hint': 'wood'}",木,标点: Indicates punctuation used in writing.,感叹号是标点符号。,An exclamation mark is a punctuation mark.,他们说的话，我连标点符号都不信。,I do not trust a single word that comes out of their mouths.,,
标志,biāo zhì,动/名,sign; symbol; hallmark,5,⿰木示,"{'type': 'pictophonetic', 'phonetic': '票', 'semantic': '木', 'hint': 'wood'}",木,"标志: Can function as a noun indicating a sign or symbol, or as a verb to denote marking.",自我怀疑是聪明的第一标志。,To have doubts about oneself is the first sign of intelligence.,你可以到有“银联”标志的ATM机里去取钱。,"You can withdraw money from ATMs that have the ""UnionPay"" logo.",我的大学今年正在庆祝建校一百周年，因此你到处都可以看到带有它颜色，标志和吉祥物的横幅。,"My university is celebrating its centennial this year, so you can see banners with its colors, logo, and mascot all over the place."
表达,biǎo dá,动,to voice (an opinion),5,⿱毛衣,"{'type': 'ideographic', 'hint': 'Fur 毛 clothing 衣; a shawl or wrap'}",衣,表达: Placed as a verb to indicate expressing an opinion or idea.,你想表达什么？,What do you mean?,这种表达方式很中国化。,This expression is very Chinese.,,
表面,biǎo miàn,名,surface,5,⿱毛衣,"{'type': 'ideographic', 'hint': 'Fur 毛 clothing 衣; a shawl or wrap'}",衣,表面: Placed before nouns to refer to the surface or appearance of something.,光看表面是不足夠的。,All that glitters is not gold.,地球的表面有七成是水。,The surface of the earth is 70% water.,美貌只是表面性的东西。,Beauty is but skin deep.
表明,biǎo míng,动,make known; state clearly; indicate,5,⿱毛衣,"{'type': 'ideographic', 'hint': 'Fur 毛 clothing 衣; a shawl or wrap'}",衣,表明: Placed after verbs to state clearly or indicate something.,DNA检测表明，他是无辜的。,A DNA test showed he was innocent.,所有迹象表明她好起来了。,All the signs are that she is getting better.,這表明我們對自身的認知很少。,That shows how little we know of ourselves.
表情,biǎo qíng,名,expression; look,5,⿱毛衣,"{'type': 'ideographic', 'hint': 'Fur 毛 clothing 衣; a shawl or wrap'}",衣,表情: Placed after a subject to describe facial expression or look.,你真该看看玛丽脸上的表情。,You should have seen the look on Mary's face.,他说话时，显然带着高兴的表情。,He spoke with evident glee.,我从你的表情猜到你有好消息。,I perceive by your face that you have good news.
表现,biǎo xiàn,动,expression; representation; display,5,⿱毛衣,"{'type': 'ideographic', 'hint': 'Fur 毛 clothing 衣; a shawl or wrap'}",衣,表现: Placed after verbs to describe how actions are carried out.,我不会表现出恐惧。,I'm not going to show any fear.,他表现的像个疯子。,He behaved as if he were crazy.,他表现得像疯了一样。,He behaves as if he were insane.
冰激凌,bīng jī líng,名,ice cream,5,⿰冫水,"{'type': 'ideographic', 'hint': 'Ice-cold冫 water 水'}",冫,冰激凌: A noun referring to ice cream in a sentence.,我们没有冰激凌。,We don't have any ice.,给我留点冰激凌。,Leave me a bit of ice cream.,我喜欢吃巧克力味的冰激凌。,I like to eat chocolate flavored ice cream.
病毒,bìng dú,名,virus,5,⿸疒丙,"{'type': 'pictophonetic', 'phonetic': '丙', 'semantic': '疒', 'hint': 'sickness'}",疒,病毒: Placed as a noun in sentences to refer to viruses.,新冠病毒是什么？,What's coronavirus?,病毒開始變異了。,The virus is starting to mutate.,新冠病毒很危险的。,The coronavirus is dangerous.
播放,bō fàng,动,broadcast,5,⿰扌番,"{'type': 'ideographic', 'hint': 'To sow seeds 番 by hand 扌; 番 also provides the pronunciation'}",扌,播放: Placed after subject to indicate broadcasting action.,我想要一个MP3播放器！,I want an MP3 player!,这个工厂生产CD播放器。,This factory produces CD players.,我MP3播放器的电池没电了。,The battery of my MP3-player was empty.
玻璃,bō li,名,glass,5,⿰王皮,"{'type': 'pictophonetic', 'phonetic': '皮', 'semantic': '王', 'hint': 'jade'}",王,玻璃: A noun representing glass as a material or object in sentences.,玻璃髒了。,The glass is dirty.,玻璃易碎。,Glass breaks easily.,玻璃杯打碎了。,The glass cup broke.
博物馆,bó wù guǎn,名,museum,5,⿰十尃,"{'type': 'pictophonetic', 'phonetic': '尃', 'semantic': '十', 'hint': 'ten'}",十,博物馆: Serves as a noun representing a place for exhibition and preservation of artifacts.,博物馆在哪里？,Where is the museum?,博物馆入口在哪里？,Where is the entrance to the museum?,博物馆的入口在哪？,Where is the entrance to the museum?
脖子,bó zi,名,neck,5,⿰⺼孛,"{'type': 'pictophonetic', 'phonetic': '孛', 'semantic': '⺼', 'hint': 'flesh'}",⺼,脖子: A noun representing the neck part of the body.,我脖子痛。,My neck hurts.,我的脖子还疼。,My neck still hurts.,他的脖子很長。,He has a long neck.
不断,bú duàn,副,ceaseless; uninterrupted; continual continuous; unceasing,5,⿱一？,"{'type': 'ideographic', 'hint': 'A bird flying toward the sky 一'}",一,不断: Placed before verbs to indicate continuous action without interruption.,软件正在不断进化。,Software is constantly evolving.,小脑需要连续不断的血液供给。,The cerebellum requires continuous blood supply.,在过敏的季节不断地擤他的鼻子.,Constantly blowing his nose in allergy season.
不见得,bú jiàn de,副,not likely; not necessarily,5,⿱一？,"{'type': 'ideographic', 'hint': 'A bird flying toward the sky 一'}",一,不见得: Placed after a statement to express doubt or negation.,他说的不见得对。,What he says is not necessarily true.,他今天不见得会来。,He is unlikely to come today.,销售部门和营销部门的目标不见得一样。,The objectives of the marketing department and the sales department are not necessarily the same.
不耐烦,bú nài fán,,impatient,5,⿱一？,"{'type': 'ideographic', 'hint': 'A bird flying toward the sky 一'}",一,不耐烦: Used as an adjective to describe being impatient.,我们越等越不耐烦。,"The longer we waited, the more impatient we became.",爸爸今天很不耐烦。,Dad's in an impatient mood today.,母亲从来没有因为我们而不耐烦。,Mother is never impatient with us.
不要紧,bú yào jǐn,形,not important; not serious It doesn't matter; never mind,5,⿱一？,"{'type': 'ideographic', 'hint': 'A bird flying toward the sky 一'}",一,不要紧: Used at the end of sentences to express that something is not important or serious.,稍微冷点儿不要紧。,I don't care if it's a bit cold.,脸色这么差不要紧吗？要不还是去一趟医院比较好吧？,"Your face looks pale. Are you OK? Maybe it would be better if you went to the hospital, don't you think?",,
补充,bǔ chōng,动,add; supplement; replenish,5,⿰衤卜,"{'type': 'pictophonetic', 'phonetic': '卜', 'semantic': '衤', 'hint': 'cloth'}",衤,补充: Placed after verbs to indicate adding or replenishing something.,我刚才说的内容，你想补充么？,Is there anything you want to add to what I just said?,您对我说的话有什么要补充的吗？,Would you like to add anything to what I've said?,请告诉我，我还有什么需要补充的。,Please tell me what else I need to add.
布,bù,名,cloth; textile; proclaim,5,⿸？巾,"{'type': 'ideographic', 'hint': 'Cloth 巾 held in a hand'}",巾,布: Serves as a noun representing cloth or textile in sentences.,石头剪刀布！,"Rock-paper-scissors, shoot!",宣布停火了。,A ceasefire was declared.,湯姆發布了什麼？,What did Tom post?
不安,bù ān,形,uneasy; unsettled; unstable,5,⿱一？,"{'type': 'ideographic', 'hint': 'A bird flying toward the sky 一'}",一,不安: Placed after stative verbs to express uneasiness or instability.,这不安全。,This is not safe.,我有點不安。,I've been feeling a little restless.,你爲什麼不安靜？,Why don't you be quiet?
不得了,bù dé liǎo,形,desperately serious disastrous; terrible,5,⿱一？,"{'type': 'ideographic', 'hint': 'A bird flying toward the sky 一'}",一,"不得了: Placed after an adjective to intensify its meaning, indicating extremity.",我記不得了。,I can't remember.,我开心得不得了。,I was over the moon!,我真是哭笑不得了。,I don't know whether to cry or to laugh.
部门,bù mén,名,department; branch; section,5,⿰咅阝,"{'type': 'pictophonetic', 'phonetic': '咅', 'semantic': '阝', 'hint': 'place'}",阝,部门: Placed after measure words or used alone as a noun to refer to departments or sections.,谁负责销售部门？,Who's in charge of the sales section?,谁负责这个部门？,Who's in charge of this section?,我在市场营销部门。,I'm in marketing.
不然,bù rán,连,not the case; otherwise,5,⿱一？,"{'type': 'ideographic', 'hint': 'A bird flying toward the sky 一'}",一,"不然: Used at the beginning of a sentence to mean ""otherwise"" or ""if not.""",不然呢！,What else!,不然這樣好不好？,How about this instead?,停止，不然我就開槍了。,"Stop, or I'll shoot."
不如,bù rú,动,it would be better to …not as good as,5,⿱一？,"{'type': 'ideographic', 'hint': 'A bird flying toward the sky 一'}",一,不如: Placed before a comparison to express preference or inferiority.,你不如我。,You are inferior to me.,不如杀了汤姆？,Why not just kill Tom?,好死不如赖活着,Better to live dishonored than die proud.
步骤,bù zhòu,名,step; move; procedure,5,⿱止？,"{'type': 'ideographic', 'hint': 'Modern form of 歨; putting one foot 止 in front of the other'}",止,步骤: Placed after quantifiers to refer to procedures or steps in a process.,zh,en,,Making rice involves written steps on paper.,zh,en
不足,bù zú,动/名,not enough; insufficient,5,⿱一？,"{'type': 'ideographic', 'hint': 'A bird flying toward the sky 一'}",一,不足: Placed after nouns to indicate insufficiency.,我睡眠不足。,I'm not getting enough sleep.,心有餘而力不足。,"The spirit is willing, but the flesh is weak.",他的主意不足挂齿。,His proposal is not worth talking about.
财产,cái chǎn,名,property; assets; estate,5,⿰贝才,"{'type': 'pictophonetic', 'phonetic': '才', 'semantic': '贝', 'hint': 'money'}",贝,财产: Placed after measure words or as subject/predicate in sentences discussing assets.,Brian 丢下了自己的财产。,Brian left his belongings behind.,我把我的财产托付给他。,I entrusted my property to him.,他继承了他父亲的财产。,He succeeded to his father's property.
踩,cǎi,动,to step on; to stamp on; trample,5,⿰足采,"{'type': 'pictophonetic', 'phonetic': '采', 'semantic': '足', 'hint': 'foot'}",足,踩: Placed after subjects to indicate stepping on or stamping on objects.,不要踩草地。,Keep off the grass.,湯姆踩了我的腳。,Tom stepped on my foot.,他故意踩我的腳。,He stepped on my foot on purpose.
采访,cǎi fǎng,动,to interview,5,⿱爫木,"{'type': 'ideographic', 'hint': 'A hand picking 爫 fruit from a tree 木'}",釆,采访: Used as a verb to indicate conducting an interview.,我采访了他。,I interviewed him.,我们能采访他吗？,Can we interview him?,,
彩虹,cǎi hóng,名,rainbow,5,⿰采彡,"{'type': 'pictophonetic', 'phonetic': '采', 'semantic': '彡', 'hint': 'hair'}",彡,彩虹: A noun representing a rainbow in a sentence.,彩虹橋有多長？,How long is the Rainbow Bridge?,彩虹有七种颜色。,A rainbow has seven colors.,彩虹有七種顏色。,A rainbow has seven colors.
采取,cǎi qǔ,动,to carry out; adopt; take,5,⿱爫木,"{'type': 'ideographic', 'hint': 'A hand picking 爫 fruit from a tree 木'}",釆,采取: Placed before measures or actions to indicate adoption or implementation.,他们根据情报采取行动。,They acted on the information.,我们采取了强有力的预防措施。,We took strong measures to prevent it.,接下来该采取什么行动就交给你了。,I leave it in your hands what course of action to take.
参考,cān kǎo,动,to consult; to refer to,5,⿱⿱厶大彡,"{'type': 'pictophonetic', 'phonetic': '彡'}",厶,参考: Placed after nouns to indicate consulting or referring to them.,汤姆很仔细地参考地图。,Tom is looking closely at the map.,在英国的时候，我经常看参考书。,While in England I often consulted the guidebook.,不留名或详细的参考什么都可以。,Anonymity or detailed reference are both fine.
参与,cān yù,动,to take part; to participate in,5,⿱⿱厶大彡,"{'type': 'pictophonetic', 'phonetic': '彡'}",厶,参与: Placed after subject to indicate participation in an activity.,参与！,Participate!,我要参与。,I want to take part.,我们正参与。,We're involved.
惭愧,cán kuì,行,ashamed,5,⿰忄斩,"{'type': 'pictophonetic', 'phonetic': '斩', 'semantic': '忄', 'hint': 'heart'}",忄,惭愧: Used after verbs to express shame over actions or situations.,我对我自己感到惭愧。,I am ashamed of myself.,我很惭愧，这是我第一次对我爸说谎。,This is the first time I've ever lied to my father and I am ashamed of myself.,,
操场,cāo chǎng,名,playground; sports ground; drill ground,5,⿰扌喿,"{'type': 'pictophonetic', 'phonetic': '喿', 'semantic': '扌', 'hint': 'hand'}",扌,"操场: Placed after ""在"" to indicate a location for activities.",操场上有很多孩子在玩耍。,There are many children playing on the playground.,我们在操场上打篮球。,We play basketball on the sports ground.,每天早上，士兵们在操场上训练。,"Every morning, soldiers train on the drill ground."
操心,cāo xīn,动,to worry about; to take pains over; be concerned over,5,⿰扌喿,"{'type': 'pictophonetic', 'phonetic': '喿', 'semantic': '扌', 'hint': 'hand'}",扌,操心: Placed after it to indicate worrying about someone or something.,要用心，不要操心、烦心。,"Be diligent, don't worry or be annoyed.",要用心，不要操心、煩心。,"Be diligent, don't worry.",別太操心了，不然會掉頭髮的。,"Don't worry too much, or you'll go bald."
册,cè,名,volume; copy [measure word for books],5,⿻⿰冂冂一,"{'type': 'pictographic', 'hint': 'Bamboo strips 冂 tied together to form a book'}",冂,册: Used as a measure word for books or volumes in a noun phrase.,不注册也行吗？,Does it also work without registration?,他有多少册图书？,How many books does he have?,,
测验,cè yàn,动,test; trial run; examination,5,⿰氵则,"{'type': 'pictophonetic', 'phonetic': '则', 'semantic': '氵', 'hint': 'water'}",氵,测验: Used as a verb to indicate conducting a test or examination.,你的测验怎么样？,How was your test?,我们明天有个测验。,We have a test tomorrow.,,
曾经,céng jīng,副,once,5,⿳丷？日,"{'type': 'ideographic', 'hint': 'A rice cooker on heat 日, building up steam 丷 and letting it off'}",曰,曾经: Placed before a verb to indicate something happened in the past.,她曾经爱过他。,She used to love him.,我曾经见过他。,I've seen him before.,汤姆曾经很出名。,Tom used to be famous.
插,chā,动,stick in; to insert; interpose,5,⿰扌臿,"{'type': 'pictophonetic', 'phonetic': '臿', 'semantic': '扌', 'hint': 'hand'}",扌,插: 动词，表示插入动作。,插进去!,Insert it!,别插手。,Stay out of this.,别再插手。,Stop meddling.
差别,chā bié,名,difference,5,⿸羊工,"{'type': 'ideographic', 'hint': 'Work 工 done by a sheep 羊; incompetence'}",工,差别: Placed after nouns to indicate difference between them.,我看不出有什么差别。,I don't see any difference.,两者之间有显著的差别。,There are noticeable differences between the two.,你知道显微镜和望远镜的差别吗？,Do you know the difference between a microscope and a telescope?
差距,chā jù,名,gap; disparity,5,⿸羊工,"{'type': 'ideographic', 'hint': 'Work 工 done by a sheep 羊; incompetence'}",工,差距: Placed after quantifiers to indicate a gap or disparity between two things.,差距在他们之间越来越大了,The gap between them is getting bigger and bigger.,他的英语水平和我的有明显的差距。,There is a noticeable disparity between his level of English and mine.,我们需要缩小城乡之间的教育差距。,We need to reduce the educational gap between urban and rural areas.
叉子,chā zi,名,fork; prong,5,⿴又丶,"{'type': 'ideographic', 'hint': 'A hand 又 grasping an object 丶'}",又,叉子: A noun representing a fork used for eating.,叉子是髒的。,The fork is dirty.,叉子不见了。,The fork is missing.,少一把叉子。,There is a fork missing.
拆,chāi,动,to tear open; take apart; pull down,5,⿰扌斥,"{'type': 'pictophonetic', 'phonetic': '斥', 'semantic': '扌', 'hint': 'hand'}",扌,拆: Placed as a verb to indicate dismantling or destroying something.,过河拆桥。,"Danger past, God forgotten.",汤姆把钟拆开了。,Tom disassembled the clock.,他怎么敢拆我的信！,How dare he open my letters!
产品,chǎn pǐn,名,product,5,⿳亠丷厂,"{'type': 'pictophonetic', 'phonetic': '厂'}",亠,产品: Used as a noun to refer to goods or items produced.,这些产品质量同等。,These products are of the same quality.,这个产品是中国制造的。,This product was made in China.,这些产品的品质是一样的。,The quality of these products is the same.
产生,chǎn shēng,动,produce,5,⿳亠丷厂,"{'type': 'pictophonetic', 'phonetic': '厂'}",亠,产生: Placed after subject to indicate production or creation of something.,有些药品会对身体产生危害。,Some medicines can be harmful to the body.,事故由一个简单的错误产生。,The accident arose from a simple mistake.,本世纪初以来，产生了很多进步。,Many improvements have been made since this century began.
常识,cháng shí,名,general knowledge,5,⿱尚巾,"{'type': 'pictophonetic', 'phonetic': '尚', 'semantic': '巾', 'hint': 'cloth'}",巾,常识: Used as a noun referring to general knowledge in a sentence.,他缺乏常识。,He is lacking in common sense.,她缺乏常识。,She is lacking in common sense.,,
长途,cháng tú,形,long-distance,5,⿻？一,"{'type': 'ideographic', 'hint': 'Simplified form of 長; an old man with long hair and a cane'}",长,长途: Used before nouns to describe long-distance travel or communication.,她受得了长途旅行吗？,Is she equal to a long journey?,玛丽亚喜欢长途骑行。,Maria likes long bike rides.,没有什么比坐长途汽车更无聊。,Nothing is more boring than traveling long distances by car.
抄,chāo,动,to copy; transcribe; plagiarise,5,⿰扌少,"{'type': 'pictophonetic', 'phonetic': '少', 'semantic': '扌', 'hint': 'hand'}",扌,抄: Placed after verbs to indicate copying or transcribing actions.,你會抄我的句子。,You will copy my phrases.,在考试的时候，汤姆作弊抄了玛丽的答案。,"During the exam, Tom cheated off Mary.",有時候我會想，翻譯這些連是自己母語的人都不甚了解，一看就知道是從哪本書上抄來的句子，它的意義到底在哪裡?,Sometimes I wonder about the meaning of translating sentences that even native speakers don’t fully understand. It's clear they are sentences copied from some book; what is their true significance?
超级,chāo jí,形,super,5,⿺走召,"{'type': 'pictophonetic', 'phonetic': '召', 'semantic': '走', 'hint': 'run'}",走,超级: Placed before adjectives to intensify their meaning.,它超级好玩的,It was a blast.,我超级迷高尔夫。,I'm a huge fan of golf.,Alexandre 经常去超级市场。,Alexandre often goes to the supermarket.
朝,cháo,介,dynasty; court; government,5,⿰龺月,"{'type': 'pictophonetic', 'phonetic': '龺', 'semantic': '月', 'hint': 'moon'}",月,"朝: Placed before nouns indicating dynasty, court, or government.",朝鲜很奇怪。,North Korea is weird.,我来自朝鲜。,I am from North Korea.,我想去朝鲜。,I want to go to North Korea.
潮湿,cháo shī,形,damp; moist; humidy,5,⿰氵朝,"{'type': 'pictophonetic', 'phonetic': '朝', 'semantic': '氵', 'hint': 'water'}",氵,潮湿: Used as an adjective to describe dampness or moisture in objects or environments.,夏天总是闷热而又潮湿。,Summer is always hot and humid.,12月份巴厘岛极其炎热和潮湿。,It is extremely hot and humid in Bali in December.,这里的夏天很潮湿，另外，冬天很干燥。,"It gets very humid here in the summer. In the winter, on the other hand, it gets very dry."
吵,chǎo,形,noisy,5,⿰口少,"{'type': 'pictophonetic', 'phonetic': '少', 'semantic': '口', 'hint': 'mouth'}",口,吵: Used as an adjective before nouns indicating noise or disturbance.,你们在吵什么？,What were you arguing about?,這兒蠻吵的。,There's a lot of noise here.,這兒太吵了。,It's too noisy in here.
炒,chǎo,动,stir-fry,5,⿰火少,"{'type': 'pictophonetic', 'phonetic': '少', 'semantic': '火', 'hint': 'fire'}",火,炒: Placed as a verb indicating the cooking method of stir-frying.,炒鍋在哪裡？,Where is the wok?,秘书被炒了。,The secretary was dismissed.,他炒股賺很多錢。,He's raking it in on the stock market.
吵架,chǎo jià,动,to quarrel; have a row,5,⿰口少,"{'type': 'pictophonetic', 'phonetic': '少', 'semantic': '口', 'hint': 'mouth'}",口,吵架: Used as a verb to indicate starting an argument.,他们吵架了。,They quarreled.,你和肯吵架了嗎?,Did you have a fight with Ken?,你又和湯姆吵架了嗎？,Did you have another fight with Tom?
车库,chē kù,名,garage,5,⿻七十,"{'type': 'pictographic', 'hint': 'Simplified form of 車, a cart with two wheels, seen from above'}",车,车库: Placed in a sentence as a noun indicating a specific location for vehicle storage.,车在车库里。,The car is in the garage.,我把它忘在车库里了。,I forgot it in the garage.,我把车库改造成工作室使用。,I adapted the garage for use as a workshop.
车厢,chē xiāng,名,railway carriage; compartment,5,⿻七十,"{'type': 'pictographic', 'hint': 'Simplified form of 車, a cart with two wheels, seen from above'}",车,车厢: Placed as a noun in sentences to denote railway carriage or compartment.,汤姆在车厢里找到玛丽的雨伞。,Tom found Mary's umbrella in the trunk of his car.,,,,
彻底,chè dǐ,形,thorough,5,⿰彳切,"{'type': 'pictophonetic', 'phonetic': '彳', 'semantic': '切', 'hint': 'cut'}",彳,彻底: Placed after an adjective to intensify its meaning thoroughly.,Igor 彻底垮了。,Igor was completely broken down.,这真是彻底的虚伪！,This is pure hypocrisy!,湯姆的生活被彻底改變了。,Tom's life was changed forever.
沉默,chén mò,动,reticent; taciturn; uncommunicative,5,⿰氵冗,"{'type': 'ideographic', 'hint': 'An excessive 冗 amount of water 氵'}",氵,沉默: Used as a noun meaning reticence or silence.,沉默是金。,Silence is golden.,我们保持了沉默。,We kept quiet.,男孩依旧沉默不语。,The boy remained silent.
趁,chèn,介,to take advantage of; avail oneself of,5,⿺走㐱,"{'type': 'pictophonetic', 'phonetic': '㐱', 'semantic': '走', 'hint': 'walk'}",走,趁: Placed before a verb to indicate taking advantage of an opportunity or time.,趁熱打鐵。,Strike while the iron is hot.,打鐵趁熱。,Strike while the iron is hot.,趁热喝你的汤。,Eat your soup while it is hot.
称,chēng,动,fit; match; to name,5,⿰禾尔,{},禾,称: Placed before nouns to name or refer to them respectfully.,他称赞了我。,He paid me a compliment.,他极力称赞了我。,He praised me to the skies.,她声称自己没罪。,She declared that she was not guilty.
称呼,chēng hu,名,call; address,5,⿰禾尔,{},禾,称呼: Used before a name or title to indicate how someone is addressed.,这鸟你们用英语怎么称呼？,What do you call this bird in English?,第一次听到弟弟称呼我姐姐。,"This is the first time I've heard my little brother call me ""big sister.""",,
称赞,chēng zàn,动,to praise; to acclaim; to commend,5,⿰禾尔,{},禾,称赞: Placed after subject to indicate praising someone or something.,他称赞了我。,He paid me a compliment.,他极力称赞了我。,He praised me to the skies.,她不仅没责怪他，反而称赞他。,It wasn't just that she didn't blame him - she actually praised the guy.
承担,chéng dān,动,bear; to undertake; assume,5,⿻⿻了三？,"{'type': 'ideographic', 'hint': 'Three hands 手 lifting a dead body 了'}",手,承担: Placed after subject to indicate undertaking or assuming responsibility.,汤姆准备承担后果。,Tom is prepared to accept the consequences.,我来承担失败的责任。,I take accountability for my mistake.,我准备好了承担后果。,I'm prepared to accept the consequences.
程度,chéng dù,名,level; degree; extent,5,⿰禾呈,"{'type': 'pictophonetic', 'phonetic': '呈', 'semantic': '禾', 'hint': 'grain'}",禾,程度: Placed after nouns to indicate level or degree of something.,這是程度的問題。,That is a matter of degrees.,我會說 B2 程度的英文。,I speak English at a B2 level.,你喜歡棒球到甚麼程度？,How much do you like baseball?
成分,chéng fèn,名,composition; component part; ingredient,5,⿰丁戈,{},戈,成分: Placed after a noun to indicate composition or ingredients.,把水加热不改变它的化学成分。,Heating water does not change its chemical composition.,雖然配料表中未列出堅果和花生，但餅乾中仍可能含有這些成分。。,"Cookies may contain nuts or peanuts, even if not included in the ingredient list.",所有的社交，自然而然地，都会掺入一些虚伪的成分，我想这是有其必要的。,"All social interactions, naturally, will involve some degree of insincerity, which I believe is necessary."
成果,chéng guǒ,名,achievement; gain; positive result,5,⿰丁戈,{},戈,成果: Placed as a noun to represent achievements or positive outcomes.,他的努力没有成果。,Nothing has resulted from his efforts.,我們沒取得什麼成果。,We didn't accomplish much.,他对自己的劳动成果很满意。,He was satisfied with the work he had done.
成就,chéng jiù,名,achievement; accomplishment; attainment,5,⿰丁戈,{},戈,成就: Placed after verbs indicating actions leading to success or completion.,从无到有，这叫成就。,Going from not having to having – that’s success.,细节成就伟大的想法。,Great thoughts are created through intricate details.,她很有可能会有所成就。,It's likely that she'll succeed.
诚恳,chéng kěn,形,sincere; earnest,5,⿰讠成,"{'type': 'pictophonetic', 'phonetic': '成', 'semantic': '讠', 'hint': 'speech'}",讠,诚恳: Used as an adjective to describe someone's sincere attitude or earnest manner.,诚恳,chéng kěn,1. 他说话很诚恳。,He speaks very sincerely.,2. 她给我提出了诚恳的建议。,She gave me sincere advice.
成立,chéng lì,动,found; to establish; set up,5,⿰丁戈,{},戈,成立: Placed after subjects to indicate establishment or founding of organizations.,有些情況之下，這條規則不能成立。,There are some cases where the rule does not hold good.,为了调查物价，成立了一个委员会。,A committee was constituted to investigate prices.,我們現在能肯定地說，這個假設是成立的。,We can now say definitely that this hypothesis holds water.
成人,chéng rén,名,adult,5,⿰丁戈,{},戈,成人: Used as a noun to refer to an adult individual.,女孩長大成人了。,The girl became a woman.,不想变为成人哟。,I don't want to grow up.,她使他長大成人。,She made a man of him.
承认,chéng rèn,动,to admit; to acknowledge; to recognise,5,⿻⿻了三？,"{'type': 'ideographic', 'hint': 'Three hands 手 lifting a dead body 了'}",手,承认: Placed after verbs to acknowledge actions or facts.,他承认有罪。,He confessed that he was guilty.,他承认他胖了。,He admitted that he was overweight.,我承认我很累。,I confess that I'm tired.
承受,chéng shòu,动,to bear; support; to endure; inherit,5,⿻⿻了三？,"{'type': 'ideographic', 'hint': 'Three hands 手 lifting a dead body 了'}",手,承受: Placed as a verb to indicate bearing or enduring something.,我不能再承受這種痛苦。,I can't stand this pain any more.,这冰太薄不能承受你的重量。,The ice is too thin to bear your weight.,湖上的冰太薄了，承受不了你的重量。,The ice on the lake is too thin to bear your weight.
成熟,chéng shú,形,mature,5,⿰丁戈,{},戈,成熟: Used as an adjective to describe maturity or ripeness of objects/persons.,成熟的枇杷很容易從樹上摘下來。,Ripe medlars come away easily from the tree.,他留了胡子，为了让自己看起来更成熟。,He grew a beard to look more mature.,你已经足够成熟了，应该懂得更多东西了。,You are old enough to know better.
程序,chéng xù,名,order; procedure; sequence,5,⿰禾呈,"{'type': 'pictophonetic', 'phonetic': '呈', 'semantic': '禾', 'hint': 'grain'}",禾,程序: Serves as a noun indicating a procedure or sequence in a sentence.,他是程序員。,He's a programmer.,她是程序员。,She is a computer programmer.,她是个程序媛吗？,Is she a computer programmer?
成语,chéng yǔ,名,set phrase; idiom; proverb,5,⿰丁戈,{},戈,成语: Placed in sentences as a set phrase or idiom.,问心无愧是一个成语。,"""Having a clear conscience"" is an idiom.",我把成语全部还给老师了。,I gave all of the Chinese proverbs back to the teacher.,,
成长,chéng zhǎng,动,to grow up,5,⿰丁戈,{},戈,成长: Placed after subjects to indicate growing up or development.,孩子的成长快得令人吃惊。,Children grow up so quickly.,高大的橡树是从一颗小小的橡子成长而来的。,Great oaks from little acorns grow.,一个成长中的孩子如果没有充足的能量，可能需要药物治疗。,A growing child who doesn't seem to have much energy perhaps needs medical attention.
吃亏,chī kuī,动,to suffer losses; come to grief; take a beating,5,⿰口乞,"{'type': 'pictophonetic', 'phonetic': '乞', 'semantic': '口', 'hint': 'mouth'}",口,吃亏: Placed after a verb to indicate suffering losses due to an action.,吃亏,to suffer losses,他这次吃亏了，因为他相信了一个骗子。,This time he suffered losses because he believed a liar.,她总是避免吃亏，在做决定前会仔细考虑所有可能的结果。,She always tries to avoid suffering losses and carefully considers all possible outcomes before making decisions.
池塘,chí táng,名,pool; pond,5,⿰氵也,"{'type': 'pictophonetic', 'phonetic': '也', 'semantic': '氵', 'hint': 'water'}",氵,池塘: A noun referring to a pool or pond in a sentence.,池塘上有座桥。,There is a bridge over the pond.,汤姆掉进了池塘。,Tom fell into the pool.,让孩子远离池塘。,Keep children away from the pond.
持续,chí xù,动,last; continue; sustain,5,⿰扌寺,"{'type': 'pictophonetic', 'phonetic': '寺', 'semantic': '扌', 'hint': 'hand'}",扌,持续: Placed before a verb to indicate duration or continuity of an action.,那持续了多久了？,How long has it been going on?,物价持续上涨。,Prices continued to rise.,暴风雨会持续多久？,How long will the storm last?
迟早,chí zǎo,副,sooner or later,5,⿺辶尺,"{'type': 'pictophonetic', 'phonetic': '尺', 'semantic': '辶', 'hint': 'walk'}",辶,迟早: Placed before a verb to indicate something will happen sooner or later.,我们都迟早会死。,"We will all die, sooner or later.",他迟早会回来的。,He will come back sooner or later.,你迟早要后悔懒惰。,"Sooner or later, you will regret your idleness."
尺子,chǐ zi,名,ruler,5,⿸尸乚,"{'type': 'ideographic', 'hint': 'Picture of a man measuring by pacing'}",尸,尺子: A noun representing a measuring tool placed in subject or object position.,用尺子画线。,Draw a line with a ruler.,,,,
翅膀,chì bǎng,名,wing [of a bird],5,⿺支羽,"{'type': 'pictophonetic', 'phonetic': '支', 'semantic': '羽', 'hint': 'wings'}",羽,翅膀: A noun representing the wing of a bird in a sentence.,鸟有翅膀。,A bird has wings.,鷹的一隻翅膀斷了。,One of the hawk's wings is broken.,这只燕子的翅膀受伤了。,This swallow's wing is injured.
冲,chōng,动,to flush; vigorously; on the strength of,5,⿰冫中,"{'type': 'pictophonetic', 'phonetic': '中', 'semantic': '冫', 'hint': 'water'}",冫,冲: 动词，表示冲洗或强烈行动。,我冲澡了。,I showered.,冲动是魔鬼。,Impulsiveness is the devil.,厕所冲水不正常。,The toilet doesn't flush properly.
充电器,chōng diàn qì,名,(battery) charger,5,⿱亠允,{},儿,充电器: Noun indicating a device used to charge batteries or electronic devices.,我的手机充电器掉了。,My smartphone charger fell.,我的手机充电器坏了。,My phone charger is broken.,我把充电器的型号记下了。,I've memorized the model number of the charger.
充分,chōng fèn,形,full; ample,5,⿱亠允,{},儿,充分: Placed before adjectives to intensify their meaning.,你的理由很充分。,Your reason is very good.,你有充分的理由生氣。,You have good reason to be angry.,他充分利用他的機會。,He makes the most of his opportunities.
充满,chōng mǎn,动,be filled with; be full of,5,⿱亠允,{},儿,充满: Placed after a subject to indicate being filled with something.,他充满活力。,He is full of energy.,日本充满惊奇。,Japan is full of surprises!,自然充满了神秘。,Nature is full of mysteries.
重复,chóng fù,动,to repeat; to duplicate; iterate,5,⿻千里,"{'type': 'ideographic', 'hint': 'A burden carried for a thousand 千 miles 里'}",里,重复: Placed after subject to indicate repeating an action.,重复！,Repeat!,他重复了。,He repeated that.,你能重复一遍吗？,Could you please repeat that?
宠物,chǒng wù,名,pet,5,⿱宀龙,"{'type': 'pictophonetic', 'phonetic': '龙', 'semantic': '宀', 'hint': 'roof'}",宀,宠物: A noun referring to a pet in a sentence.,你养宠物吗？,Do you have any pets?,她养各种不同的宠物。,She kept various kinds of pets.,“什么宠物一直在地板上？”“地毯。”,"""What kind of pet is always found on the floor?"" ""A carpet."""
抽屉,chōu ti,名,drawer,5,⿰扌由,"{'type': 'pictophonetic', 'phonetic': '由', 'semantic': '扌', 'hint': 'hand'}",扌,"抽屉: A noun referring to a drawer, often used with prepositions indicating its location.",把抽屉清空。,Empty the drawer of its contents.,我忘记锁上抽屉了。,I forgot to lock the drawer.,屠夫的刀子在抽屉里。,The butcher's knife is in the drawer.
抽象,chōu xiàng,形,abstract,5,⿰扌由,"{'type': 'pictophonetic', 'phonetic': '由', 'semantic': '扌', 'hint': 'hand'}",扌,抽象: Used as an adjective before nouns to describe abstract concepts.,这个描述太抽象了。,This description is too abstract.,一些抽象藝術是很難理解的。,Some abstract art is difficult to understand.,對他來說，「肚子餓」是個抽象的概念，因為他從來就沒有餓過。,"To him, hunger was an abstract concept; he always had enough to eat."
丑,chǒu,形,ugly; clown in Beijing opera; the second of the Twelve Earthly Branches,5,⿻刀二,{},一,丑: Used as an adjective meaning ugly or in specific contexts like astrology and opera.,小丑做了个鬼脸。,The clown made a funny face.,这是一件全国性的丑闻。,It was a national scandal.,一个丑男人敲了我的门。,An ugly man knocked on my door.
臭,chòu,形,smelly; stinking,5,⿱自犬,"{'type': 'ideographic', 'hint': 'The smell 自 of a dirty dog 犬'}",自,臭: Placed after nouns to describe them as smelly or stinking.,你臭死了！,You stink!,你少臭美！,As if!,你少臭美了！,You're full of yourself.
出版,chū bǎn,动,publish; come off the press,5,⿱屮凵,"{'type': 'ideographic', 'hint': 'A sprout 屮 growing out of a container 凵'}",凵,出版: Placed after subject to indicate publishing action.,该杂志每月出版。,This magazine is issued every month.,这本书出版于1689年。,The book was published in 1689.,这本书明年要出版。,This book will be printed next year.
初级,chū jí,形,elementary; primary; initial,5,⿰衤刀,"{'type': 'ideographic', 'hint': 'Cutting 刀 the cloth 衤 is the first step in making clothes'}",刀,初级: Used as an adjective before nouns indicating elementary or initial level.,初级中文课程很简单。,The elementary Chinese course is very simple.,我想先学初级汉语。,I want to start with elementary-level Chinese first.,他是初级水平的汉语学习者。,He is a beginner-level Chinese learner.
出口,chū kǒu,名,exit [from a building],5,⿱屮凵,"{'type': 'ideographic', 'hint': 'A sprout 屮 growing out of a container 凵'}",凵,出口: Placed after measure words or used alone as a noun for exit.,出口在這裡！,Here is the exit!,緊急出口在哪裏？,Where's the emergency exit?,就要说出口了。,It's on the tip of my tongue.
出色,chū sè,形,outstanding; remarkable; splendid,5,⿱屮凵,"{'type': 'ideographic', 'hint': 'A sprout 屮 growing out of a container 凵'}",凵,出色: Placed after a noun to describe it as outstanding or remarkable.,客服很出色。,The customer service is excellent.,你的演說很出色。,Your speech was excellent.,妳的演說很出色。,Your speech was excellent.
出示,chū shì,动,to show,5,⿱屮凵,"{'type': 'ideographic', 'hint': 'A sprout 屮 growing out of a container 凵'}",凵,出示: Placed after verbs to indicate showing something.,出示你的脚踝吧。,Show me your ankles.,请出示您的票子。,Please show your ticket.,斯特凡必須出示學生證。,Stefan had to show his student ID badge.
出席,chū xí,动,to attend; to be present,5,⿱屮凵,"{'type': 'ideographic', 'hint': 'A sprout 屮 growing out of a container 凵'}",凵,出席: Placed after verbs indicating participation in events/meetings.,全員均須出席。,Attendance is compulsory for all members.,他出席了会议。,He was present at the meeting.,我将不出席派对。,I will not attend the party.
除非,chú fēi,连,only if; only when; unless,5,⿰阝余,"{'type': 'ideographic', 'hint': 'The waste 余 produced by a city 阝'}",阝,除非: Placed at the beginning of a clause to introduce a condition.,除非我死了！,Over my dead body.,除非我問你，請你不要說話。,Don't speak till spoken to.,除非雨停了，我们才会出去。,We won't go out unless it stops raining.
除夕,chú xī,名,(lunar) New Year’s Eve,5,⿰阝余,"{'type': 'ideographic', 'hint': 'The waste 余 produced by a city 阝'}",阝,除夕: Indicates the lunar New Year’s Eve as a noun in a sentence.,尤其是在中国北方，包饺子、吃饺子，已经成为大多数家庭欢度除夕的一个重要活动。,"Especially in northern China, wrapping and eating dumplings has become an important activity for happily spending New Year's Eve in many households.",,,,
处理,chǔ lǐ,动,to handle; deal with; manage,5,⿺夂卜,"{'type': 'ideographic', 'hint': 'To go somewhere 夂 and put down a flag 卜'}",夂,处理: Placed after subject to indicate handling or managing something.,Tom处理了卡片。,Tom dealt the cards.,算数处理数字。,Arithmetic deals with numbers.,他处理该事宜。,He acted on the matter.
传播,chuán bō,动,disseminate; propagate,5,⿰亻专,"{'type': 'pictophonetic', 'phonetic': '专', 'semantic': '亻', 'hint': 'people'}",亻,传播: 动词，用于表示信息或思想的扩散和流传。,那个谣言很快传播开来。,That rumor soon spread.,中国的卫生当局正在采取措施来阻止冠状病毒的传播。,China's health authorities are taking steps to stop the spread of the coronavirus.,政府官员表示，没有证据支撑中国学生可能是无意中传播病毒的人的观点。,Government officials say there’s no evidence to support the suggestion that Chinese students may be the ones inadvertently spreading the virus.
传染,chuán rǎn,动,infect; be contagious,5,⿰亻专,"{'type': 'pictophonetic', 'phonetic': '专', 'semantic': '亻', 'hint': 'people'}",亻,传染: Placed after subject to indicate infecting or being contagious.,热情具有传染性。,Enthusiasm is contagious.,我的感冒传染了他.,I gave my cold to him.,他把感冒传染给我了。,He gave me a cold.
传说,chuán shuō,名,legend; lore,5,⿰亻专,"{'type': 'pictophonetic', 'phonetic': '专', 'semantic': '亻', 'hint': 'people'}",亻,传说: Serves as a noun representing legend or lore in a sentence.,传说彭祖是天帝的孙子。,It is said that Peng Zu was the grandson of a celestial emperor.,玲奶奶死的不瞑目。流传说那栋房子至今未人敢入住。,Grandma Ling died with unfinished business. It is said that to this day no one has dared to live in that house.,,
传统,chuán tǒng,名/形,tradition; custom,5,⿰亻专,"{'type': 'pictophonetic', 'phonetic': '专', 'semantic': '亻', 'hint': 'people'}",亻,传统: Used as a noun to refer to traditions or customs.,这个传统在中国诞生了。,This tradition originates from China.,用花迎春是中国的传统。,It is a Chinese tradition to welcome spring with flowers.,我们必须保持家庭传统。,We must keep up the family traditions.
窗帘,chuāng lián,名,curtains; sunblind,5,⿱穴囱,"{'type': 'pictophonetic', 'phonetic': '囱', 'semantic': '穴', 'hint': 'hole'}",穴,窗帘: A noun representing curtains or sunblinds in a sentence.,他躲在窗帘后。,He hid himself behind the curtain.,他从窗帘后出来了。,He came out from behind the curtain.,我们躲在窗帘后面吧。,Let's hide behind the curtain.
闯,chuǎng,动,to rush; charge,5,⿵门马,"{'type': 'ideographic', 'hint': 'A horse 马 charging through a gate 门'}",门,闯: Placed before a verb to indicate rushing into doing something.,昨天强盗闯进了店里。,A burglar broke into the shop yesterday.,一个入室盗窃者趁我去旅游的时候闯入了我家。,A burglar broke into my house while I was away on a trip.,,
创造,chuàng zào,动,create,5,⿰仓刂,"{'type': 'pictophonetic', 'phonetic': '仓', 'semantic': '刂', 'hint': 'knife'}",刂,创造: Placed as a verb to indicate creation or invention.,上帝创造了世界。,God created the world.,这药创造了奇迹。,The medicine worked marvels.,历史是由人民创造的。,Real people make history.
吹,chuī,动,to blow; puff,5,⿰口欠,"{'type': 'pictophonetic', 'phonetic': '欠', 'semantic': '口', 'hint': 'mouth'}",口,吹: Placed as a verb indicating the action of blowing or puffing.,我不想吹牛。,I don't mean to brag.,你会吹口哨吗？,Can you whistle?,汤姆在吹嘘。,Tom is exaggerating.
词汇,cí huì,名,vocabulary; words and phrases,5,⿰讠司,"{'type': 'pictophonetic', 'phonetic': '司', 'semantic': '讠', 'hint': 'words'}",讠,词汇: Serves as a noun referring to vocabulary or words and phrases.,那个日文词汇没有对应的英文。,That Japanese word has no equivalent in English.,我知道很多法语词汇但我很难将它们组成句子,"I know a lot of French words, but it's difficult for me to combine them into sentences.",你应该宁可用词汇来造句，也不要试着死记硬背。,"You should use words to make sentences, rather than try to learn them with rote memorisation."
辞职,cí zhí,动,to resign; hand in one's resignation,5,⿰舌辛,"{'type': 'ideographic', 'hint': 'Bitter 辛 words 舌'}",舌,辞职: Used as a verb to indicate the action of resigning from a job.,他辞职了。,He quit.,军队强迫他辞职。,The army forced him to resign.,谣言说他辞职了。,There is a rumor that he has resigned.
此外,cǐ wài,连,besides; in addition; furthermore,5,⿰止匕,"{'type': 'pictophonetic', 'phonetic': '止', 'semantic': '匕', 'hint': 'sitting man'}",止,此外: Placed at the beginning of a clause to add additional information.,此外，我能飞。,"Moreover, I can fly.",此外，她有艺术家天赋。,"In addition, she has an artistic flair.",此外，中國人喜歡睡午覺。,"What's more, Chinese people like taking naps."
刺激,cì jī,动,to stimulate; provoke; irritate,5,⿰朿刂,"{'type': 'pictophonetic', 'phonetic': '朿', 'semantic': '刂', 'hint': 'knife'}",刂,刺激: Placed as a verb to indicate provoking or stimulating an action or reaction.,你今年做的最刺激的事是什么？,What's the most exciting thing you've done this year?,减税常被用作刺激经济的主要财政手段。,Tax cuts are often used as a major fiscal tool to stimulate the economy.,更多投資在教育的錢將會刺激經濟成長。,More money for education will spur economic growth.
次要,cì yào,形,less important; secondary; subordinate,5,⿰冫欠,"{'type': 'ideographic', 'hint': 'A person 欠 yawning multiple times 冫'}",欠,次要: Placed after a noun to indicate it is less important or secondary.,女性永遠只能扮演次要角色嗎？,Must the woman always play the secondary role?,汤姆每次要是不带地图的话就会迷路。,Tom always gets lost if he doesn't carry a map.,我要给我自己买一个新照相机，这次要数码的。,"I'm going to buy myself a new camera, digital this time."
匆忙,cōng máng,形,hastily; in a hurry,5,⿻勿丶,{},勹,匆忙: Placed after verbs to indicate haste or urgency in actions.,我們很匆忙。,We're in a hurry.,他写得很匆忙。,He wrote it hurriedly.,安今天早上很匆忙。,Ann was in a hurry this morning.
从此,cóng cǐ,副,from this time on; from now; then on,5,⿰人人,"{'type': 'ideographic', 'hint': 'One person 人 following another'}",人,从此: Placed at the beginning of a clause to indicate starting from now.,从此以后我自由了。,Now I am free.,她从此就留在国外了。,She has remained abroad ever since.,,
从而,cóng ér,连,thus; therebyupon,5,⿰人人,"{'type': 'ideographic', 'hint': 'One person 人 following another'}",人,从而: Placed between clauses to show consequence or purpose.,从这个信息中，我们知道了他喜欢吃水果。,"From this information, we learned that he likes to eat fruit.",zh,en,他每天早上跑步，从而保持了很好的体形。,"He runs every morning, thereby keeping his body in good shape."
从前,cóng qián,名,in the past; formerly,5,⿰人人,"{'type': 'ideographic', 'hint': 'One person 人 following another'}",人,从前: Placed at the beginning of a sentence to indicate actions in the past.,从前有个美丽的公主。,"Once upon a time, there was a beautiful princess.",,,,
从事,cóng shì,动,go in for; devote oneself to; be to engaged in [formal],5,⿰人人,"{'type': 'ideographic', 'hint': 'One person 人 following another'}",人,从事: Placed before a profession or activity to indicate engaging in it.,她从事律师职业多年。,She practised as a barrister for many years.,你应该开始从事高尔夫。,You should take up golf.,你有从事什么工作的经验?,What job experience do you have?
粗糙,cū cāo,形,coarse,5,⿰米且,"{'type': 'pictophonetic', 'phonetic': '且', 'semantic': '米', 'hint': 'grain'}",米,粗糙: Used as an adjective to describe texture or quality.,這件物件的表面頗為粗糙。,The surface of the object is fairly rough.,鯊魚皮比金槍魚皮粗糙多了。,The skin of a shark is much rougher than that of a tuna fish.,鯊魚的皮比鮪魚的皮粗糙多了。,The skin of a shark is much rougher than that of a tuna fish.
醋,cù,名,vinegar,5,⿰酉昔,"{'type': 'ideographic', 'hint': 'Aged 昔 wine 酉; wine gone sour'}",酉,醋: A noun representing vinegar in a sentence.,我们需要买醋。,We need to buy vinegar.,用擰檬汁代替醋。,Use lemon juice instead of vinegar.,今天晚上吃糖醋排骨。,I will eat sweet and sour spareribs tonight.
促进,cù jìn,动,promote; boost; accelerate,5,⿰亻足,"{'type': 'ideographic', 'hint': 'Someone 亻 on your heels 足; 足 also provides the pronunciation'}",亻,促进: Placed after subject to indicate promoting or advancing something.,相互理解能促进和平。,Mutual understanding promotes peace.,它也会促进城市的经济发展。,It will also help to strengthen the city's economy.,市政府举行了一次大型公会，旨在促进跨部门合作。,The city government held a large conference aimed at promoting cross-departmental cooperation.
促使,cù shǐ,动,precipitate; impel; to urge,5,⿰亻足,"{'type': 'ideographic', 'hint': 'Someone 亻 on your heels 足; 足 also provides the pronunciation'}",亻,"促使: Placed after subject to precede verb, urging action or change.",饥饿促使他偷窃。,Hunger urged him to steal.,,,,
催,cuī,动,to urge; hurry; to hasten,5,⿰亻崔,"{'type': 'pictophonetic', 'phonetic': '崔', 'semantic': '亻', 'hint': 'person'}",亻,催: Placed after verbs to urge or hasten actions.,你接受過催眠嗎？,Have you ever been under hypnosis?,溪流潺潺，催我入眠。,The murmur of the brook lulls me to sleep.,蟋蟀的叫声与蛙鸣催我入眠。,The sound of crickets chirping and frogs croaking lulls me to sleep.
存在,cún zài,动,to exist; be,5,⿸才子,"{'type': 'pictophonetic', 'phonetic': '才', 'semantic': '子', 'hint': 'seed'}",子,存放在句中作为动词，表示存在或拥有。,存在嗎？,Does it exist?,愛存在嗎？,Does love exist?,黑洞存在吗？,Do black holes exist?
措施,cuò shī,名,measure; step,5,⿰扌昔,"{'type': 'pictophonetic', 'phonetic': '昔', 'semantic': '扌', 'hint': 'hand'}",扌,措施: Placed after verbs indicating implementation or adoption of measures.,你們採取什麼措施避孕？,What methods of contraception are you using?,非常时期需要非常措施。,Desperate times call for desperate measures.,广泛的安全措施实施了。,Broad safety measures were put into effect.
答应,dā ying,动,answer; reply; to agree,5,⿱⺮合,{},⺮,答应: Placed after subject to indicate agreeing to a request or proposal.,我答应了。,I promised.,你到底答应吗？,Did you eventually respond?,她答应几时见他？,When did she promise to meet him?
达到,dá dào,动,to achieve; attain; reach,5,⿺辶大,"{'type': 'pictophonetic', 'phonetic': '大', 'semantic': '辶'}",辶,达到: Placed after verbs to indicate achieving or reaching a goal.,她达到了目标。,She has achieved her goals.,她们达到目标了。,The women achieved their goal.,他终于达到目标了。,He achieved his aim at last.
打工,dǎ gōng,动,do manual work,5,⿰扌丁,"{'type': 'pictophonetic', 'phonetic': '丁', 'semantic': '扌', 'hint': 'hand'}",扌,打工: Used as a verb to describe doing manual or labor-intensive work.,周末我在超市打工。,I work part-time at the supermarket on weekends.,淑華說她明年想出國打工，結果被家人勸退。,"Shu-hwa said she wanted to work abroad next year, but her family talked her out of it.",,
打交道,dǎ jiāo dào,,make contact with; have dealings with,5,⿰扌丁,"{'type': 'pictophonetic', 'phonetic': '丁', 'semantic': '扌', 'hint': 'hand'}",扌,打交到: Placed after a noun to indicate having dealings with someone or something.,別和這個人打交道。,Don't get involved with that guy.,我不喜欢跟人打交道。,I don't like to socialize.,他们俩工作上联系多，经常打交道。,"Those two communicate a lot with each other at work, often rubbing shoulders."
打喷嚏,dǎ pēn tì,,to sneeze,5,⿰扌丁,"{'type': 'pictophonetic', 'phonetic': '丁', 'semantic': '扌', 'hint': 'hand'}",扌,打喷嚏: Used as a verbal phrase indicating the action of sneezing.,我打喷嚏了。,I am sneezing.,我止不住打喷嚏。,I can't stop sneezing.,我想我要打喷嚏了。。。给我张纸巾。,I think I'm gonna sneeze. Give me a tissue.
打听,dǎ ting,动,to ask about; inquire about,5,⿰扌丁,"{'type': 'pictophonetic', 'phonetic': '丁', 'semantic': '扌', 'hint': 'hand'}",扌,打听: Placed after it to inquire about something or ask for information.,快赶到那边去打听，快走！,Nip over there and ask. Hurry!,我想向你打听点他的事。,I want to ask you about him.,汤姆向玛丽打听有关约翰的事。,Tom asked Mary about John.
大方,dà fang,形,generous; liberal,5,⿻一人,"{'type': 'ideographic', 'hint': 'A man 人 with outstretched arms'}",大,大方: Used as an adjective to describe someone as generous or liberal.,你太大方了。,You're too generous.,她大方地道歉。,She had the decency to apologize.,瑪格總是處事大方。,Meg always acts generously.
大厦,dà shà,名,large building; edifice,5,⿻一人,"{'type': 'ideographic', 'hint': 'A man 人 with outstretched arms'}",大,大厦: Used as a noun to refer to large buildings or edifices in a sentence.,在钢铁大厦的旁边有许多的雏菊。,There are daisies next to the steel building.,那里有许多雏菊围绕着钢铁大厦。,There are daisies around the steel building.,摩天大厦里的电梯是至关重要的。,The elevators in a skyscraper are vital systems.
大象,dà xiàng,名,elephant,5,⿻一人,"{'type': 'ideographic', 'hint': 'A man 人 with outstretched arms'}",大,大象: Serves as a subject or object in sentences referring to elephants.,神是大象。,God is an elephant.,大象很大。,The elephant is big.,大象鼻子長。,An elephant has a long nose.
大型,dà xíng,形,large-scale,5,⿻一人,"{'type': 'ideographic', 'hint': 'A man 人 with outstretched arms'}",大,大型: Placed before nouns to indicate large-scale nature.,那裡有大型花店嗎？,Is there a large flower shop there?,有一個大型超市。,There is a large supermarket.,雅尼去了一場大型音樂節。,Yanni went to a huge music festival.
呆,dāi,动,slow-witted; stupid; to stay,5,⿱口木,"{'type': 'ideographic', 'hint': 'One with wooden 木 speech 口'}",口,呆: Used as a verb to describe being stupid or staying in one place.,你个呆瓜！,You're an idiot.,我在发呆。,I'm out of it.,他们要呆多久？,How long will they stay?
代表,dài biǎo,动,to stand for; on behalf of representative,5,⿰亻弋,"{'type': 'ideographic', 'hint': 'A man 亻 caught 弋 by the passing of time'}",亻,代表: Used as a verb to indicate representation or standing for something.,绿色代表希望。,Green stands for hope.,UN代表聯合國。,UN stands for the United Nations.,PTA代表什么意思？,What does PTA stand for?
贷款,dài kuǎn,动/名,to provide a loan; make an advance to; extend credit to,5,⿱代贝,"{'type': 'pictophonetic', 'phonetic': '代', 'semantic': '贝', 'hint': 'money'}",贝,贷款: Can be used as a verb to provide a loan or as a noun for the act of lending.,他想还清贷款。,He wants to pay off his loan.,我不需要贷款了。,I do not need a loan anymore.,你可以从银行贷款。,You can get a loan from a bank.
代替,dài tì,动,instead,5,⿰亻弋,"{'type': 'ideographic', 'hint': 'A man 亻 caught 弋 by the passing of time'}",亻,代替: Placed between subject and verb to indicate substitution.,我想代替他。,I want to replace him.,用擰檬汁代替醋。,Use lemon juice instead of vinegar.,电视代替了收音机。,Radio's been replaced by the TV.
待遇,dài yù,名,treatment,5,⿰彳寺,"{'type': 'ideographic', 'hint': 'To welcome someone arriving 彳 at the royal court 寺'}",彳,待遇: Placed after measure words or used alone as a noun referring to compensation or conditions.,我不習慣這樣的待遇。,I'm not accustomed to such treatment.,宗翰最近被調去高雄分公司，聽說待遇不錯。,Tsung-han got transferred to the Kaohsiung branch. I heard the pay's good.,,
单纯,dān chún,形,simple; pure; alone,5,⿱丷？,{},丷,单纯: Used as an adjective to describe simplicity or purity.,我还记得我第一次去中国，我在山东，意识到那个单纯的省比英格兰大两万六千平方公里。,"I still remember the first time I was in China; I was in Shandong, and I realised that that province alone is twenty six thousand square kilometres bigger than England.",,,,
单调,dān diào,形,monotonous; dull; drab,5,⿱丷？,{},丷,单调: Used as an adjective to describe something monotonous or dull.,我厌倦了现在单调的生活。,I am tired of my monotonous life.,,,,
单独,dān dú,副,alone; by oneself; on one's own; single-handed,5,⿱丷？,{},丷,单独: Placed before a verb to indicate doing something alone.,我想让他单独去做。,I want him to do it alone.,我想和汤姆单独谈一谈。,I'd like to talk to Tom alone.,汤姆和玛丽单独在一起。,Tom and Mary were alone.
担任,dān rèn,动,assume the office of; to hold the post of,5,⿰扌旦,"{'type': 'pictophonetic', 'phonetic': '旦', 'semantic': '扌', 'hint': 'hand'}",扌,担任: Placed before a role noun to indicate assuming that role.,我很高兴我们录用了你来担任这份工作。,I'm glad we hired you for this job.,多亏了他的推荐，我得以在东京的一所大学里担任老师。,It was all thanks to his recommendation that I was able to become a teacher at a college in Tokyo.,,
单位,dān wèi,名,unit,5,⿱丷？,{},丷,单位: Placed after a quantifier to indicate organizational unit or workplace.,短语是句法单位。,Phrases are syntactical units.,模为1的向量是单位向量。,A vector is a unit vector if its norm is 1.,在我的单位，我是最年轻的。,I'm the youngest in my department.
耽误,dān wu,动,delay; hold up,5,⿰耳冘,"{'type': 'pictophonetic', 'phonetic': '冘', 'semantic': '耳', 'hint': 'ear'}",耳,耽误: Placed after verbs to indicate causing delays.,可以耽误你一点时间吗?,Do you have a minute?,事故耽误了我们半小时。,An accident delayed us for half an hour.,我发现你玩绝对不耽误学习。我就不行。,I've noticed that having fun doesn't interfere at all with your studies. I just can't.
单元,dān yuán,名,unit; cell,5,⿱丷？,{},丷,单元: Serves as a noun indicating a unit or cell in a structure or system.,单元一共有五个部分。,This unit has five parts.,这个电路板上的单元坏了。,The cell on this circuit board is broken.,我们今天完成了这个课程的单元学习。,We finished the unit of today's lesson.
胆小鬼,dǎn xiǎo guǐ,名,coward,5,⿰⺼旦,"{'type': 'pictophonetic', 'phonetic': '旦', 'semantic': '⺼', 'hint': 'flesh'}",⺼,胆小鬼: Used as a noun to refer to someone who is cowardly.,你就是胆小鬼。,You're just a coward.,他是个胆小鬼。,He is afraid of his own shadow.,你们全都是胆小鬼,You're all cowards.
淡,dàn,形,thin; light in colour; tasteless,5,⿰氵炎,"{'type': 'pictophonetic', 'phonetic': '炎', 'semantic': '氵', 'hint': 'water'}",氵,"淡: Placed before nouns to describe thinness, light color, or lack of taste.",这太淡了。,This is tasteless.,她淡淡一笑。,She gave a faint smile.,我对她很冷淡。,I was very cold towards her.
当地,dāng dì,名,local area,5,⿱⺌彐,{},⺌,当地: Placed before nouns to indicate local area or locality.,那只猫相当地胖。,That cat is quite fat.,这家报社在当地知名度颇高。,This newspaper is well known in the local area.,汤姆参加了当地的一个自行车比赛,Tom took part in a local bike race.
当心,dāng xīn,动,be careful,5,⿱⺌彐,{},⺌,当心: Used at the beginning of a sentence to warn someone to be careful.,当心！,Look out!,当心它。,Be careful with it.,当心坠落。,Watch your step.
挡,dǎng,动,to block; hinder; resist,5,⿰扌当,"{'type': 'ideographic', 'hint': 'A hand 扌 raised at the right time 当; 当 also provides the pronunciation'}",扌,挡: Placed before a verb to indicate blocking or hindering an action.,你挡我路?,You get in my way?,把它挡住。,Block it!,,
倒霉,dǎo méi,形,fall on hard times; have bad luck,5,⿰亻到,"{'type': 'pictophonetic', 'phonetic': '到', 'semantic': '亻', 'hint': 'person'}",亻,倒霉: Used as an adjective to describe being unlucky or having bad fortune.,他倒霉透了。,He is shit out of luck.,他倒霉极了。,He is shit out of luck.,我真的很倒霉！,How unlucky I am!
导演,dǎo yǎn,名,director,5,⿱巳寸,"{'type': 'ideographic', 'hint': 'A hand 寸 pointing the way to someplace 巳'}",寸,导演: Serves as a noun referring to a person who directs films or plays.,谁是您最喜欢的导演？,Who is your favourite director?,他是个富有才能的年轻导演。,He's a talented young director.,,
岛屿,dǎo yǔ,名,islands and islets,5,⿹鸟山,"{'type': 'ideographic', 'hint': 'A bird 鸟 perched atop a mountain 山'}",山,岛屿: A noun referring to islands and islets in a geographical context.,有海岛屿。,There are islands in the sea.,一座岛屿映入眼帘。,An island came in sight.,这个岛屿位于日本的西边。,The island lies to the west of Japan.
导致,dǎo zhì,动,to cause; lead to; result in,5,⿱巳寸,"{'type': 'ideographic', 'hint': 'A hand 寸 pointing the way to someplace 巳'}",寸,导致: Placed after verbs to indicate causing something.,污秽导致疾病。,Filth breeds illnesses.,疫苗不会导致自闭症。,Vaccines don't cause autism.,圈养导致大猩猩生病。,Captivity makes gorillas sick.
到达,dào dá,动,to arrive; get to reach,5,⿰至刂,"{'type': 'pictophonetic', 'phonetic': '刂', 'semantic': '至', 'hint': 'arrive'}",刂,到达: Placed after verbs indicating movement to show arrival at a destination.,我们什么时候到达？,When do we arrive?,电车将准点到达。,The train is to arrive on time.,我昨天到达东京。,I arrived in Tokyo yesterday.
道德,dào dé,名,morality; ethics,5,⿺辶首,"{'type': 'pictophonetic', 'phonetic': '首', 'semantic': '辶', 'hint': 'walk'}",辶,道德: Serves as a noun expressing morality or ethics in a sentence.,道德上的恶乃是无知的后果。,Moral evil is the result of ignorance.,为了救许多人牺牲一个人是否道德？,Would it be ethical to sacrifice one person to save many?,议员受到了议会道德委员会的谴责。,The senator was censured by the congressional ethics committee.
道理,dào lǐ,名,reason; principle; truth,5,⿺辶首,"{'type': 'pictophonetic', 'phonetic': '首', 'semantic': '辶', 'hint': 'walk'}",辶,道理: Placed after nouns indicating the principle or reason behind them.,有道理。,"Yes, that makes sense.",你有道理。,You're right.,是什么道理？,What's the reason?
登记,dēng jì,动,to register; check in,5,⿱癶豆,"{'type': 'pictophonetic', 'phonetic': '豆', 'semantic': '癶', 'hint': 'legs'}",癶,登记: Placed as a verb to indicate the action of registering or checking in.,他们在登记房间。,They are registering the room.,先生，请出示护照或者身份证，让我登记一下。,"Sir, please present your passport or identity card, so I can register it.",当您登记美国大学时，您考TOEFL获得的分数只是所选因素的其中一个。,"When applying to American universities, your TOEFL score is only one factor."
等待,děng dài,动,to wait for; to await,5,⿱⺮寺,"{'type': 'ideographic', 'hint': 'Bamboo strips ⺮ laid before a court 寺'}",⺮,等待: Placed as a main verb to indicate waiting for someone or something.,不要等待！,Don't wait.,我無需等待。,I don't need to wait.,我等待更新。,I await updates.
等于,děng yú,动,equal to; equivalent to; be worth,5,⿱⺮寺,"{'type': 'ideographic', 'hint': 'Bamboo strips ⺮ laid before a court 寺'}",⺮,等于: Placed between nouns to indicate equivalence.,十减二等于八。,Subtract two from ten and you have eight.,五乘二等于十。,Five times two equals ten.,一加二等于三。,One plus two equals three.
滴,dī,量,to drip; to drop; droplet,5,⿰氵啇,"{'type': 'pictophonetic', 'phonetic': '啇', 'semantic': '氵', 'hint': 'water'}",氵,滴: Used as a measure word for small droplets or amounts.,水滴石穿。,Constant dripping wears away a stone.,滴水穿石。,Constant dripping wears away a stone.,我滴酒不沾。,I never touch beer.
的确,dí què,副,really; and no mistake; indeed,5,⿰白勺,{},白,的确: Placed before a verb or proposition to emphasize certainty.,电视的确有一些缺点。,It is true that television also has some disadvantages.,我抓不到句子的确切含义。,I can't get at the exact meaning of the sentence.,汤姆的确是个很会讲话的人。,Tom certainly is an eloquent speaker.
敌人,dí rén,名,enemy; foe,5,⿰舌攵,"{'type': 'pictophonetic', 'phonetic': '啇', 'semantic': '攵', 'hint': 'strike'}",舌,敌人: Used as a noun to refer to an enemy or foe in a sentence.,你是敌人。,You're the enemy.,爱你的敌人。,Love your enemies.,杀你的敌人。,Kill your enemies.
递,dì,动,to hand over; to pass on; progressively,5,⿺辶弟,"{'type': 'pictophonetic', 'phonetic': '弟', 'semantic': '辶', 'hint': 'walk'}",辶,递: Placed after direct object to indicate passing or handing over an item.,请把书递给我。,"Pass me the book, please.",我把信递给他。,I'll give him the letter.,请帮我递下盐。,Please pass me the salt.
地道,dì dao,形,tunnel; underpass; typical [of a place],5,⿰土也,"{'type': 'pictophonetic', 'phonetic': '也', 'semantic': '土', 'hint': 'earth'}",土,地道: Placed before nouns to indicate authenticity or typicality of something from a place.,她大方地道歉。,She had the decency to apologize.,他講一口地道的俄語。,He speaks Russian perfectly.,这样说是不是更加地道呢？,Is it more idiomatic if I say it like this?
地理,dì lǐ,名,geographical features of a place; geography,5,⿰土也,"{'type': 'pictophonetic', 'phonetic': '也', 'semantic': '土', 'hint': 'earth'}",土,地理: Serves as a subject or object in sentences discussing geographical topics.,他喜欢地理和历史。,He likes geography and history.,我喜欢地理学和历史。,I like geography and history.,變音符號有助於更準確地理解文字。,Tashkil helps in understanding texts more precisely.
地区,dì qū,名,area; district; region,5,⿰土也,"{'type': 'pictophonetic', 'phonetic': '也', 'semantic': '土', 'hint': 'earth'}",土,地区: Placed after verbs to specify area or region involved.,泽兰语是种地区语言。,Zeelandic is a regional language.,台风袭击了关东地区。,The typhoon struck the Kanto district.,这是一个产苹果的地区。,Apples are produced in this district.
地毯,dì tǎn,名,carpet; rug,5,⿰土也,"{'type': 'pictophonetic', 'phonetic': '也', 'semantic': '土', 'hint': 'earth'}",土,地毯: A noun representing a carpet or rug in a sentence.,他卖旧地毯。,He sells old carpets.,地板上铺着地毯。,The floor is carpeted.,狗在地毯上睡觉。,The dog was sleeping on the mat.
地位,dì wèi,名,position; standing; status,5,⿰土也,"{'type': 'pictophonetic', 'phonetic': '也', 'semantic': '土', 'hint': 'earth'}",土,地位: Placed after nouns indicating one's standing or status in a context.,罗伯特满足于现在的地位。,Robert is content with his present position.,他給了湯姆一個重要的地位。,He gave Tom an important position.,他们很明显在嫉妒他的财富和地位。,"Obviously, they are jealous of his wealth and status."
地震,dì zhèn,动,earthquake; tremour,5,⿰土也,"{'type': 'pictophonetic', 'phonetic': '也', 'semantic': '土', 'hint': 'earth'}",土,地震: Used as a noun to describe an earthquake event.,我怕地震。,I'm afraid of earthquakes.,地震带来了灾难。,The earthquake brought about disaster.,日本有许多地震。,There are many earthquakes in Japan.
点心,diǎn xin,名,snack; dim sum,5,⿱占灬,"{'type': 'pictophonetic', 'phonetic': '占', 'semantic': '灬', 'hint': 'fire'}",灬,点心: A noun referring to snacks or dim sum in a sentence.,吃点点心你看好吗？,"Let's eat some dessert, alright?",我爱添好运的点心。,I love the Dim sims from Tim Ho Wan.,我很累，还有点心烦。,"I'm tired, and a bit annoyed."
电池,diàn chí,名,battery; cell,5,⿻曰乚,"{'type': 'ideographic', 'hint': 'Simplified form of 電; lightning 申 from a storm cloud 雨'}",曰,电池: Used as a noun referring to a battery or cell in a sentence.,电池没电了。,The battery died.,,,,
电台,diàn tái,名,transceiver; radio station,5,⿻曰乚,"{'type': 'ideographic', 'hint': 'Simplified form of 電; lightning 申 from a storm cloud 雨'}",曰,电台: Serves as a noun referring to a radio station or transceiver in sentences.,他上电台了。,He is on the radio.,,,,
钓,diào,动,fish with a hook and line; angle,5,⿰钅勺,"{'type': 'ideographic', 'hint': 'A metal 钅 hook 勺; 勺 also provides the pronunciation'}",钅,钓: Used as a verb to indicate the action of fishing with a line and hook.,我想去钓鱼。,I wanted to go fishing.,他酷爱钓鱼。,He is fond of fishing.,我跟他去钓鱼。,I'm going fishing with him.
顶,dǐng,量/名,"apex; [measure word for something with a top (e.g. hat, tent, etc.)]",5,⿰丁页,"{'type': 'pictophonetic', 'phonetic': '丁', 'semantic': '页', 'hint': 'head'}",页,顶: Used as a measure word for items with a top or apex.,他习惯顶嘴。,He is used to talking back.,这顶帽子多少钱？,What is the price of this cap?,法国国王秃顶。,The King of France is bald.
洞,dòng,名,hole; cavity,5,⿰氵同,"{'type': 'pictophonetic', 'phonetic': '同', 'semantic': '氵', 'hint': 'water'}",氵,洞: A noun indicating a hole or cavity in a sentence.,黑洞存在吗？,Do black holes exist?,這洞有多深啊？,How deep is the hole?,這個洞多深?,How deep is the hole?
冻,dòng,动,frozen; jelly,5,⿰冫东,"{'type': 'pictophonetic', 'phonetic': '东', 'semantic': '冫', 'hint': 'ice'}",冫,冻: Used as a verb to describe the state of being frozen or making something jelly-like.,肉冻住了。,The meat is frozen.,我冻死了。,I'm freezing.,湖冻冰了。,The lake was frozen.
动画片,dòng huà piān,名,cartoon,5,⿰云力,"{'type': 'pictophonetic', 'semantic': '力', 'hint': 'strength'}",力,"动画片: A noun referring to cartoons, used as a subject or object in sentences.",现在的日本动画片越来越色情了！,Japanese anime these days is becoming more and more like pornography.,我想学日语，但是我不喜欢看日本动画片。,I want to learn Japanese but I don't like watching anime.,,
逗,dòu,动,to tease; play with; amuse,5,⿺辶豆,"{'type': 'pictophonetic', 'phonetic': '豆', 'semantic': '辶', 'hint': 'walk'}",辶,逗: Placed before a noun to indicate teasing or playing with something/someone.,那挺逗的。,That was pretty funny.,我喜歡逗人笑。,I love to make people laugh.,我被你逗乐了。,You made me laugh.
豆腐,dòu fu,名,bean curd; tofu,5,⿳一口⿱丷一,"{'type': 'pictographic', 'hint': 'An old serving dish 口 on a stand with a lid 一'}",豆,豆腐: A noun representing bean curd or tofu in a sentence.,那是豆腐。,That is tofu.,这是豆腐。,This is tofu.,这是不是豆腐？,Is this tofu?
独立,dú lì,动/形,stand alone; independent; on one's own,5,⿰犭虫,"{'type': 'pictophonetic', 'phonetic': '虫', 'semantic': '犭', 'hint': 'dog'}",犭,独立: Can function as an adjective meaning independent or as a verb meaning to stand alone.,你必须独立完成。,You have to do it by yourself.,车臣人倾向独立。,Chechens have inclinations towards independence.,他是个独立思考者。,He is an independent thinker.
独特,dú tè,形,unique; distinctive,5,⿰犭虫,"{'type': 'pictophonetic', 'phonetic': '虫', 'semantic': '犭', 'hint': 'dog'}",犭,独特: Used as an adjective to describe something unique or distinctive.,独特色彩,unique colors,zh,这种花的颜色很独特。,zh,我喜欢独特的东西。
度过,dù guò,动,spend; pass,5,⿸广⿱廿又,"{'type': 'ideographic', 'hint': 'Twenty 廿 people 又 meeting inside a building 广 to deliberate'}",广,度过: Followed by a noun indicating how time is spent.,危险还没有度过。,The danger has not passed yet.,他在读书中度过夜晚.,He spent the evening reading a book.,你度过愉快的时光了吗？,Did you have a good time?
断,duàn,动,to break,5,⿰⿺？米斤,"{'type': 'ideographic', 'hint': 'Using an axe 斤 to harvest grain 米'}",斤,断: Placed after verbs to indicate breaking or severing something.,他反对垄断。,He was opposed to monopolies.,我们没有打断。,We didn't break in.,请不要打断我。,Please don't interrupt me.
堆,duī,动/量,heap; pile; crowd,5,⿰土隹,"{'type': 'pictophonetic', 'phonetic': '隹', 'semantic': '土', 'hint': 'earth'}",土,堆: Used as a verb to pile up objects or as a measure word for abstract quantities.,看那堆钱。,Look at all that money.,我在堆雪人。,I'm making a snowman.,是谁堆的雪人？,Who built this snowman?
对比,duì bǐ,动,contrast; comparison; ratio,5,⿰又寸,"{'type': 'ideographic', 'hint': 'A pair 又 of hands 寸'}",寸,对比: Placed after nouns to form phrases indicating comparison or contrast.,新的旗袍又修长又紧身，也有短裙摆，与传统式样构成了鲜明的对比。,"Slender and form-fitting with a high cut, the new qipao contrasted sharply with the traditional one.",,,,
对待,duì dài,动,to treat; handle; be in a position related to another,5,⿰又寸,"{'type': 'ideographic', 'hint': 'A pair 又 of hands 寸'}",寸,对待: Followed by a noun indicating how one treats or handles something/someone.,他没有认真对待这个,He doesn't take this seriously.,为什么他要这么对待你？,Why did he treat you like that?,我不喜欢他怎么对待他人。,I do not like the way he treats others.
对方,duì fāng,名,counterpart; the other party,5,⿰又寸,"{'type': 'ideographic', 'hint': 'A pair 又 of hands 寸'}",寸,对方: Used as a noun to refer to the other party in communication or interaction.,我对方言很感兴趣。,I'm very interested in dialects.,汤姆和我溅了对方。,Tom and I splashed each other.,他们互相送礼物给对方。,They give presents to one another.
兑换,duì huàn,动,exchange; convert,5,⿱丷兄,"{'type': 'ideographic', 'hint': 'A beast 兄 with two horns 丷'}",儿,兑换: Placed after objects to indicate exchanging them.,兑换是一种常见的行为。,Exchange is a common behavior.,zh,en,我可以用积分兑换礼品。,I can exchange my points for gifts.
对手,duì shǒu,名,opponent; adversary; rival,5,⿰又寸,"{'type': 'ideographic', 'hint': 'A pair 又 of hands 寸'}",寸,对手: Placed after verbs indicating actions against opponents.,不要轻视了对手。,Don't hold your rival cheap.,你不是他的对手。,You're no match for him.,他对自己的对手门很大度。,He is generous to his opponents.
对象,duì xiàng,名,target; object; partner,5,⿰又寸,"{'type': 'ideographic', 'hint': 'A pair 又 of hands 寸'}",寸,对象: Used after descriptors to indicate a specific partner or target.,,She found her ideal partner.,,The book's target audience is primary school students.,,He is looking for his life partner as an object of affection.
吨,dūn,量,ton,5,⿰口屯,"{'type': 'pictophonetic', 'phonetic': '屯', 'semantic': '口', 'hint': 'mouth'}",口,吨: Placed after numerals to measure weight in tons.,这只灰熊有0.5吨重。,This grizzly bear weighs half a ton.,我们要订18吨橄榄油。,We'd like to order 18 tonnes of olive oil.,这辆卡车最大的载重量是5吨。,This truck has a maximum load of 5 tons.
蹲,dūn,动,squat on the heels; to crouch,5,⿰足尊,"{'type': 'pictophonetic', 'phonetic': '尊', 'semantic': '足', 'hint': 'foot'}",足,蹲: Placed as a verb indicating the action of squatting or crouching.,湯姆蹲了三年多的監獄。,Tom spent more than three years in jail.,搶劫銀行的後果就是在監獄裏蹲十年。,Bank robbery will cost you ten years in prison.,,
顿,dùn,量,"[measure word for occurences, and therefore of meals]",5,⿰屯页,"{'type': 'pictophonetic', 'phonetic': '屯', 'semantic': '页', 'hint': 'head'}",页,顿: Placed after nouns indicating meals or events to measure occurrences.,这顿饭不咸。,The meal is not salty.,我们在波士顿。,We're in Boston.,波士顿现在几点？,What time is it in Boston?
多亏,duō kuī,动,thanks to; owing to; fortunately,5,⿱夕夕,"{'type': 'ideographic', 'hint': 'Two nights 夕, suggesting many'}",夕,多亏: Placed at the beginning of a sentence to express gratitude or relief due to something.,多亏了你。,It's thanks to you.,多亏了你，我还活着。,I owe it you that I am still alive.,多亏你我胃口都没了。,Thanks to you I've lost my appetite.
多余,duō yú,形,unnecessary; surplus; superfluous,5,⿱夕夕,"{'type': 'ideographic', 'hint': 'Two nights 夕, suggesting many'}",夕,多余: Placed after a noun to indicate something is unnecessary or surplus.,还有多余的盐吗？,Is there any salt left?,你有多余的钥匙吗？,Do you have an extra key?,事实证明了我们的担心是多余的。,The facts proved that our worries were unnecessary.
朵,duǒ,量,stem; [measure word for flowers],5,⿱几木,"{'type': 'ideographic', 'hint': 'Flowers 几 blooming on a tree 木'}",木,朵: Placed before flower nouns to measure them.,我耳朵痒。,I have an itch in my ear.,我長耳朵了。,"I have ears, you know.",你有兩朵花。,You have two flowers.
躲藏,duǒ cáng,动,to hide oneself; go into hiding,5,⿰身朵,"{'type': 'pictophonetic', 'phonetic': '朵', 'semantic': '身', 'hint': 'body'}",身,躲藏: 动词，表示隐藏的动作。,他为什么在躲藏？,Why is he hiding?,Shh！不要出聲……我們現在捉迷藏，要搞的話快點找一個地方躲藏一邊了。,"Shh! Don't make a sound. We are playing hide-and-seek now. If you want to talk, go find somewhere else to hide.",,
恶劣,è liè,形,odious; vile; disgusting,5,⿱亚心,"{'type': 'pictophonetic', 'phonetic': '亚', 'semantic': '心', 'hint': 'heart'}",心,恶劣: Placed after nouns to describe vile or odious conditions.,今天天气比昨天恶劣多了。,Today's weather is much worse than yesterday's.,由于天气恶劣，飞机延误了。,"Due to bad weather, the plane was late.",恶劣的天气对他的健康带来了影响。,The bad weather affected his health.
耳环,ěr huán,名,earrings,5,⿻？二,"{'type': 'pictographic', 'hint': 'An ear'}",耳,"耳环: A noun referring to earrings, used as a standalone object.",耳环是她的最爱饰品。,Earrings are her favorite accessory.,zh,en,她今天戴着新买的耳环。,She is wearing new earrings today.
发表,fā biǎo,动,to issue; to publish; report,5,⿸？又,{},又,发表: Placed after verbs to indicate issuing or publishing something.,它发表在哪里？,Where was it published?,他刚发表一系列有趣的文章。,He has just published an interesting series of articles.,文章的发表被预定在教授生日那天。,Publication of the article was timed to coincide with the professor's birthday.
发愁,fā chóu,动,to worry; to be anxious; sullen,5,⿸？又,{},又,发愁: Used as a verb to express worry or anxiety about something.,不要为这事发愁。,Don't worry about it.,,,,
发达,fā dá,形,developed; advanced; prosperous,5,⿸？又,{},又,发达: Placed after nouns to describe development or advancement status.,一般说来，男生的肌肉比女生发达。,"Generally speaking, men are physically stronger than women.",中国大陆的沿海城市普遍比内陆城市发达。,Chinese coastal cities are generally more developed than the inland ones.,因为缺乏的政府的关注，这个区域还不发达。,This area is still underdeveloped because of a lack of interest from the government.
发抖,fā dǒu,动,to shiver; shake; tremble,5,⿸？又,{},又,发抖: Placed in a sentence as a verb indicating trembling or shivering.,你还在发抖。,You're still shivering.,我的身体被冻得瑟瑟发抖。,I shiver from the cold.,令人震惊的光景让了他吓得发抖。,The terrible scene made him tremble in fear.
发挥,fā huī,动,bring into play; give free rein to,5,⿸？又,{},又,发挥: Placed after verbs to indicate utilization or full expression of abilities/talents.,发挥您的想象力。,Use your imagination.,汤姆最近在工作中发挥不太好。,Tom has not been doing very well at work recently.,为了保持竞争力，我们得发挥我们的优势。,"To remain competitive, we've got to play to our strengths."
发明,fā míng,名/动,invent; expound,5,⿸？又,{},又,发明: Used as a verb to indicate inventing something or as a noun for an invention.,那是谁发明的？,Who invented that?,谁发明了电话？,Who invented the telephone?,眼镜是谁发明的？,Who invented glasses?
发票,fā piào,名,bill; receipt,5,⿸？又,{},又,发票: Used after transactions to refer to the bill or receipt issued.,发票,receipt,---,---,我需要一张发票。,I need a receipt.
发言,fā yán,动,speak; make a statement; take the floor,5,⿸？又,{},又,发言: Placed after subject to indicate making a speech or statement.,今晚谁发言？,Who is going to speak tonight?,他突然发言了。,"All at once, he spoke out.",他是个迷人的发言人。,He's a captivating speaker.
罚款,fá kuǎn,动/名,(impose a) fine,5,⿱罒⿰讠刂,"{'type': 'ideographic', 'hint': 'Simplified form of 罰; to punish 刂 the accused 詈'}",罒,罚款: Used as a verb to impose a fine or as a noun referring to the fine itself.,在新加坡的街道上扔垃圾会被罚款。,They fine you in Singapore if you throw trash in the streets.,,,,
法院,fǎ yuàn,名,court of law,5,⿰氵去,"{'type': 'ideographic', 'hint': 'The course 去 followed by a stream 氵'}",氵,法院: Serves as a noun referring to a legal court in sentences.,被告会向上级法院上诉。,The defendant will appeal to a higher court.,大使馆就在最高法院旁边。,The embassy is located next to the Supreme Court.,法院判决了那个遗言是有效的。,The court adjudged that the will was valid.
翻,fān,动,turn over; turn around; reverse,5,⿰番羽,"{'type': 'pictophonetic', 'phonetic': '番', 'semantic': '羽', 'hint': 'wings'}",羽,翻: Placed before verbs to indicate actions of turning over or reversing something.,請翻譯。,Translate.,别翻译我！,Don't translate me!,翻開課本。,Open your textbooks.
繁荣,fán róng,形,flourishing; prosperous; booming,5,⿱敏糸,"{'type': 'pictophonetic', 'phonetic': '敏', 'semantic': '糸', 'hint': 'silk'}",糸,繁荣: Used as an adjective to describe flourishing or prosperous conditions.,玛雅文明繁荣了多久？,For how long did the Maya culture flourish?,上海那么繁荣，主要是一百六十年前开埠以后发生的变化。,Shanghai is so prosperous; notably it was after the port was opened for trade one hundred and sixty years ago that things started to change.,让我们记住这一点，如果说这场金融危机教会了我们什么东西的话，那就是我们不可能在金融以外的领域处于困境的同时拥有繁荣兴旺的华尔街。,"Let us remember that if this financial crisis taught us anything, it's that we cannot have a thriving Wall Street while Main Street suffers."
反而,fǎn ér,副,on the contrary; instead,5,⿸厂又,"{'type': 'ideographic', 'hint': 'A hand 又 held up against a cliff 厂'}",又,反而: Placed before a contrasting idea to indicate the opposite of expected results.,她不仅没责怪他，反而称赞他。,It wasn't just that she didn't blame him - she actually praised the guy.,发泄很少改善我的情绪，反而经常使它更糟。,Venting rarely improves my mood and often makes it worse.,你不但不和我一起吃饭，反而去和另一个女生吃饭！,"Not only did you not eat with me, you went to have dinner with another girl!"
反复,fǎn fù,副/动,repeatedly; again and again; over and over,5,⿸厂又,"{'type': 'ideographic', 'hint': 'A hand 又 held up against a cliff 厂'}",又,反复: Placed before verbs to indicate repetition of actions.,他在心里反复思量这件事。,He turned over the matter in his mind.,我知道自己是个累赘，你没必要反复提。,I know I'm a burden; you don't have to repeat it.,我辗转反侧，反复思考着白天发生的事，后悔不已。,"I'm tossing and turning, repeatedly thinking about what happened today, deeply remorseful."
反应,fǎn yìng,动/名,reaction; response; repercussion,5,⿸厂又,"{'type': 'ideographic', 'hint': 'A hand 又 held up against a cliff 厂'}",又,反应: 可用作动词表示回应，或名词指反应、后果。,我反应过度了吗？,Am I overreacting?,汤姆惊讶得没有反应。,Tom was too surprised to react.,原子反应堆发出大量的热能。,The atomic reactor generates enormous amounts of thermal energy.
反映,fǎn yìng,动,to mirror,5,⿸厂又,"{'type': 'ideographic', 'hint': 'A hand 又 held up against a cliff 厂'}",又,反映: Placed after verbs to indicate reflection or representation of something.,價格反映著需求。,Price reflects demand.,我的眼睛是一片反映我梦想的海洋。,My eyes are an ocean in which my dreams are reflected.,一个国家的风俗习惯反映了它的文化。,The manners and customs of a country reflect its culture.
反正,fǎn zhèng,副,anyway; anyhow; in any case,5,⿸厂又,"{'type': 'ideographic', 'hint': 'A hand 又 held up against a cliff 厂'}",又,反正: Placed at the beginning of a clause to mean 'anyway' or 'in any case'.,反正一样。,Makes no difference anyway.,反正已經太晚了。,"It's too late, anyhow.",反正你想来天津玩跟我说。,"In any case, just tell me if you want to come to Tianjin for a vacation."
范围,fàn wéi,名,range,5,⿱艹氾,"{'type': 'pictophonetic', 'phonetic': '氾', 'semantic': '艹', 'hint': 'plant'}",艹,范围: Placed after nouns to indicate scope or extent of a topic.,这份工作在我能力范围之外.,This job is beyond my ability.,他试图扩大自己的势力范围。,He tried to enlarge his sphere of influence.,专家就是一个能够把所有的错误控制在最小范围内的人。,An expert is a person who has made all the mistakes that can be made in a very narrow field.
方,fāng,形,square; honest; just now,5,⿱亠？,{},方,方：放在时间词前表示“刚刚”。,什麼地方,What place?,这很方便。,That's very handy.,請閱讀處方。,Please read the prescription.
方案,fāng àn,名,scheme; plan; programme,5,⿱亠？,{},方,方案: Placed after verbs related to creation or discussion to refer to plans or schemes.,她批准了我的方案。,She approved of my plan.,这方案听起来不错。,That sounds like a fairly good proposal.,手術是最佳解決方案。,Surgery is the best solution.
妨碍,fáng ài,动,to hinder; hamper; impede,5,⿰女方,"{'type': 'pictophonetic', 'phonetic': '方', 'semantic': '女', 'hint': 'woman'}",女,妨碍: Placed after subjects to indicate hindering actions or states.,我妨碍着你吗？,Am I in your way?,罢工妨碍了国家经济。,The strike affected the nation's economy.,暴风妨碍了我们准时到达。,The storm prevented us from arriving on time.
仿佛,fǎng fú,副,to seem as if; be more or less the same; be alike,5,⿰亻方,"{'type': 'pictophonetic', 'phonetic': '方', 'semantic': '亻', 'hint': 'to imitate a person'}",亻,仿佛: Placed before a clause to indicate seeming as if.,那一刻，时间仿佛静止了。,"At that moment, time seemed to stand still.",他讲起那场事故，讲得仿佛他亲眼所见。,He recounted the accident to me as if he had seen it with his own eyes.,在他们双目交接的瞬间，世界仿佛静止了。,"When their eyes met, it was as if the world stood still."
非,fēi,副,un-; non-; short for Africa,5,⿰？？,"{'type': 'ideographic', 'hint': ""Two bird's wings opposed; two people back-to-back""}",非,"非: Placed before verbs/adjectives to negate them, similar to 不 but more formal.",非常好！,Well done!,非常美味！,Very delicious!,非常好吃！,Very delicious!
肥皂,féi zào,名,soap,5,⿰⺼巴,"{'type': 'pictophonetic', 'phonetic': '巴', 'semantic': '⺼', 'hint': 'flesh'}",⺼,"肥皂: A noun representing soap, used as a subject or object in sentences.",肥皂没了。,The soap has run out.,沒有任何肥皂。,There isn't any soap.,他眼里进肥皂了。,He got shampoo in his eyes.
废话,fèi huà,名,superfluous words; nonsense; rubbish,5,⿸广发,"{'type': 'pictophonetic', 'phonetic': '发'}",广,废话: Used as a noun to refer to unnecessary speech or nonsense.,这是什么废话？,What is this nonsense?,我曾说过的废话当中那是最愚蠢的一句。,That's the stupidest thing I've ever said.,,
分别,fēn bié,动/副,to part; distinguish; differentiate,5,⿱八刀,"{'type': 'ideographic', 'hint': 'Pieces 八 being further subdivided with a knife 刀 '}",刀,分别: Placed after verbs to indicate separation or distinction.,每堂课我都分别有一本笔记。,I have a separate notebook for each class.,Fred来不来聚会对我来说没分别。,It makes no difference to me whether Fred came to the party or not.,,
分布,fēn bù,动,to distribute; spread; scatter,5,⿱八刀,"{'type': 'ideographic', 'hint': 'Pieces 八 being further subdivided with a knife 刀 '}",刀,分布: Used as a verb to describe the spread or distribution of something.,在图形上，正态分布是一种钟形曲线，越接近中心，取值越大，越远离中心，取值越小。,"In its graphical representation, the normal distribution is a bell-shaped curve, with the value growing as one moves closer to the middle and decreasing as one moves away.",,,,
纷纷,fēn fēn,副,one after another; in succession,5,⿰纟分,"{'type': 'pictophonetic', 'phonetic': '分', 'semantic': '纟', 'hint': 'thread'}",纟,纷纷: Placed after verbs to indicate many people doing something successively.,在美国，由于投资者纷纷涌向包括黄金和美国国债在内的安全港，因此主要的股票市场指数在星期一一度下跌了3个百分点。,"In the United States, the major stock market indices at one point were down three percentage points on Monday, as investors rushed to safe havens, including gold and U.S. Treasury bonds.",在美国，由于投资者纷纷涌向包括黄金和美国国债在内的安全港，因此主要的股票价格指数在星期一一度下跌了3个百分点。,"In the United States, the major stock market indices at one point were down three percentage points on Monday, as investors rushed to safe havens, including gold and U.S. Treasury bonds.",,
分配,fēn pèi,动,distribute; allocate; assign,5,⿱八刀,"{'type': 'ideographic', 'hint': 'Pieces 八 being further subdivided with a knife 刀 '}",刀,分配: Placed as a verb to indicate the act of distributing or allocating something.,各尽所能、按需分配。,"From each according to their ability, to each according to their needs.",現在不止要男女薪金平等，而且還要平均分配家務。,"It is time not only to equalize men's and women's wages, but also to equalize responsibility for housework.",自由职业的优点是，人们可以自由的分配他们的工作时间。它的缺点是，人们实际上必须24小时不间断的工作。,The advantage of freelancing is that you can divide your time freely. The disadvantage is that you actually have to work around the clock.
分手,fēn shǒu,动,part company; say good-bye; separate,5,⿱八刀,"{'type': 'ideographic', 'hint': 'Pieces 八 being further subdivided with a knife 刀 '}",刀,分手: Used as a verb to indicate the end of a relationship.,我们分手吧。,We should break up.,我想和她分手。,I mean to break up with her.,我要跟你分手了。,I want to break up with you.
分析,fēn xī,动,analysis,5,⿱八刀,"{'type': 'ideographic', 'hint': 'Pieces 八 being further subdivided with a knife 刀 '}",刀,分析: 动词，表示进行分析的动作。,你怎么分析这句话？,How do you parse this sentence?,汤姆是一名金融分析师。,Tom is a financial analyst.,我们已经将它做了分析。,We've had it analyzed.
奋斗,fèn dòu,动,struggle; to fight for; to strive for,5,⿱大田,"{'type': 'ideographic', 'hint': 'A man 大 working on the farm 田'}",大,奋斗: Placed as a verb to express striving or struggling for something.,我得奋斗。,I have to fight.,我为我前途奋斗。,I am fighting for my future.,我为我家人奋斗。,I fight for my family.
风格,fēng gé,名,style; form; manner,5,⿵几乂,{},风,风格: Placed after adjectives or nouns to describe style or form.,你想要哪种风格的家具？,What style of furniture would you like?,她说话有自己的风格。,She had an individual style of speaking.,你喜欢什么风格的音乐？,What kind of music do you like?
风景,fēng jǐng,名,scenery,5,⿵几乂,{},风,风景: Serves as a noun representing scenery in sentences.,汤姆需要换换风景。,Tom needs a change of scenery.,风景对我来说很陌生。,The landscape is unfamiliar to me.,这个地方以风景优美闻名。,This place is famous for its scenic beauty.
疯狂,fēng kuáng,形,insane; frenzied; crazy,5,⿸疒风,"{'type': 'pictophonetic', 'phonetic': '风', 'semantic': '疒', 'hint': 'sickness'}",疒,疯狂: Used as an adjective to describe something or someone being insane or frenzied.,自慰引发疯狂。,Masturbation leads to insanity.,梦想能让我疯狂。,Dreams can make me mad.,有时候， Dennis真的很疯狂。,Sometimes Dennis is really crazy.
风俗,fēng sú,名,custom,5,⿵几乂,{},风,风俗: A noun referring to customs or traditions in a place or culture.,风俗习惯包括食物，庆祝和舞蹈。,"Customs include food, celebrations and dancing.",一个国家的风俗习惯反映了它的文化。,The manners and customs of a country reflect its culture.,,
风险,fēng xiǎn,名,risk; hazard; danger,5,⿵几乂,{},风,风险: Placed as a noun in sentences to indicate risk or danger.,有风险。,There are risks.,风险太大。,The risk is too great.,我不担心风险。,I don't worry about the risk.
讽刺,fěng cì,动,satire; sarcasm; to mock,5,⿰讠风,"{'type': 'pictophonetic', 'phonetic': '风', 'semantic': '讠', 'hint': 'speech'}",讠,讽刺: Used as a verb to express mockery or sarcasm towards someone or something.,讽刺是一种表达方式。,Satire is a way of expression.,zh,en,他用讽刺的话来回应批评。,He responded to criticism with sarcastic remarks.
否定,fǒu dìng,动,to negate; to deny,5,⿱不口,"{'type': 'pictophonetic', 'phonetic': '口', 'semantic': '不', 'hint': 'no'}",口,否定: Used before verbs to negate them.,誰也不能否定其事實。,No one can deny the fact.,汤姆认为答案是否定的。,Tom thinks the answer is no.,他怎麼否定上帝的存在。,How can he deny God's existence?
否认,fǒu rèn,动,to deny; repudiate,5,⿱不口,"{'type': 'pictophonetic', 'phonetic': '口', 'semantic': '不', 'hint': 'no'}",口,"否认: Placed after verbs to negate them, specifically in denying facts or承认的事物.",他否认偷了钱。,He denied having stolen the money.,Tom否认偷了钱。,Tom denied having stolen the money.,他否认鄙视了她。,He denied he despised her.
扶,fú,动,hold up; support with the hand; to help somebody up,5,⿰扌夫,"{'type': 'pictophonetic', 'phonetic': '夫', 'semantic': '扌', 'hint': 'hand'}",扌,扶: Placed before a verb to indicate supporting or helping someone up.,扶梯在哪兒？,Where is the escalator?,烂泥扶不上墙。,You can't raise a cat to be a dog.,我們買了張舒適的扶手椅。,We bought a comfortable new armchair.
幅,fú,量,"width of cloth; [measure word (for paintings, pictures, textiles etc.)]",5,⿰巾畐,"{'type': 'ideographic', 'hint': 'A roll 畐 of cloth 巾; 畐 also provides the pronunciation'}",巾,幅: Placed before paintings or textiles to measure them.,哪幅畫小？,Which painting is small?,哪幅畫大？,Which painting is bigger?,哪幅畫漂亮？,Which painting is beautiful?
服装,fú zhuāng,名,dress; clothing; costume,5,⿰月⿸卩又,"{'type': 'ideographic', 'hint': 'A person 卩 putting on 又 a coat 月'}",月,服装: A noun representing clothing or attire in a sentence.,这家精品店的服装卖得很贵.,The clothes at this boutique are particularly expensive.,不能根据服装来判断一个人。,You can't judge a person based on clothing.,这几套衣服是同一位服装师设计的.,These dresses were designed by the same designer.
辅导,fǔ dǎo,动,to coach; train; tutor,5,⿰车甫,"{'type': 'pictophonetic', 'phonetic': '甫', 'semantic': '车', 'hint': 'cart'}",车,辅导: Placed after subject to indicate coaching or tutoring activity.,辅导,He tutors students.,帮我辅导数学,Help me with my math.,她给孩子们做辅导,She gives children tutoring.
妇女,fù nǚ,名,woman,5,⿰女彐,"{'type': 'ideographic', 'hint': 'Simplified form of 婦; a woman 女 with a broom 彐'}",女,"妇女: Noun referring to women, used in formal contexts.",妇女也是人。,Women are people.,国际妇女节快乐！,Happy International Women's Day!,妇女有选择的权力。,Women have the right to choose.
复制,fù zhì,动,to duplicate; reproduce; copy,5,⿱亻⿱日夂,"{'type': 'ideographic', 'hint': 'A person 亻 who goes  somewhere 夂 every day 日'}",夊,复制: Placed as a verb to indicate duplicating or copying something.,复制/粘贴是很有用的。,Copy-and-paste is very useful.,,,,
改革,gǎi gé,动,reform,5,⿰己攵,"{'type': 'ideographic', 'hint': 'A hand with a stick 攵 disciplining a kneeling child 己'}",攵,改革: Placed as a verb to indicate implementing reform.,我支持政治改革。,I support political reform.,我反對政治改革。,I am against political reform.,他们忙于社会改革。,They were busy working for social reforms.
改进,gǎi jìn,动,to improve; make better; mend,5,⿰己攵,"{'type': 'ideographic', 'hint': 'A hand with a stick 攵 disciplining a kneeling child 己'}",攵,改进: Used as a verb to express making something better or improving it.,你的论文还需要改进。,Your essay still needs some improvement.,近来各方面都有所改进。,We've seen all-round improvements lately.,改革者的目标是要改进政府。,Reformers aim to improve the government.
改善,gǎi shàn,动,to improve,5,⿰己攵,"{'type': 'ideographic', 'hint': 'A hand with a stick 攵 disciplining a kneeling child 己'}",攵,改善: Placed after subject to indicate improving something.,它有改善了。,It's improved.,你的英語已有所改善。,You've improved your English.,我努力地改善我的成績。,I made efforts to improve my grades.
改正,gǎi zhèng,动,to correct; to amend; put right,5,⿰己攵,"{'type': 'ideographic', 'hint': 'A hand with a stick 攵 disciplining a kneeling child 己'}",攵,改正: Placed after verbs to indicate correcting or amending actions.,請改正錯誤。,Please correct the errors.,他说他能改正。,He says he'll correct it.,請改正以下句子。,Correct the following sentences.
盖,gài,动,cover; lid,5,⿱羊皿,"{'type': 'ideographic', 'hint': 'A dish 皿 with a lid 羊'}",皿,盖: Placed before a verb to indicate covering or closing something.,汤姆在盖房子。,Tom is building a house.,我盖了栋新房子。,I built a new house.,汤姆给车盖上套。,Tom put a cover over his car.
概括,gài kuò,动,to summarise; generalise; epitomise,5,⿰木既,"{'type': 'pictophonetic', 'phonetic': '既', 'semantic': '木', 'hint': 'tree'}",木,概括: Placed as a verb to summarize or generalize content.,美國是一個可以用一個字來概括的國家。我曾與習近平主席一起在喜馬拉雅山麓。,America is a nation that can be defined in a single word. I was in the foothills of the Himalayas with Xi Jinping.,,,,
概念,gài niàn,名,concept; notion; idea,5,⿰木既,"{'type': 'pictophonetic', 'phonetic': '既', 'semantic': '木', 'hint': 'tree'}",木,概念: Placed as a noun to express a concept or idea.,我明白这概念。,I understand the concept.,关于这个我几乎没什么概念。,I know almost nothing about it.,我觉得这个网站的概念非常好。,I really like the concept of this website.
干脆,gān cuì,副,clear-cut; straightforward; frank,5,⿱一十,"{'type': 'pictographic', 'hint': 'A club or axe'}",十,干脆: Placed before verbs to add meaning of decisiveness or straightforwardness.,你干脆也来吧。,"You might as well come, too.",他跟他们干脆地断绝来往了。,He made a clean break with them.,世上所有问题都可以用下面三种方式解决：接受，改变，或是干脆放开。,"There are three solutions to every problem: accept it, change it or leave it."
干燥,gān zào,形,dull; dry,5,⿱一十,"{'type': 'pictographic', 'hint': 'A club or axe'}",十,干燥: Placed after nouns to describe dry conditions or states.,这是片干燥地区，几乎是一片荒漠。,"It is an arid region, almost a desert.",这里的夏天很潮湿，另外，冬天很干燥。,"It gets very humid here in the summer. In the winter, on the other hand, it gets very dry.",,
感激,gǎn jī,动,to feel grateful; be thankful,5,⿱咸心,"{'type': 'ideographic', 'hint': 'Two hearts 心 beating together 咸'}",心,感激: Placed after a verb to express feeling grateful for something received.,我很感激。,I'm grateful for that.,感激不盡。,I can't thank you enough.,他們會感激。,They'll be grateful.
赶紧,gǎn jǐn,副,at once; losing no time; hasten,5,⿺走干,"{'type': 'pictophonetic', 'phonetic': '干', 'semantic': '走', 'hint': 'run'}",走,赶紧: Placed before a verb to urge immediate action.,赶紧去做！,Just do it!,赶紧扔掉。,Just get rid of it.,我要赶紧了!,I have to hurry!
赶快,gǎn kuài,副,at once; quickly,5,⿺走干,"{'type': 'pictophonetic', 'phonetic': '干', 'semantic': '走', 'hint': 'run'}",走,赶快: Placed before a verb to urge immediate action.,赶快回家。,Go home quickly.,您要赶快些。,You must hurry up.,他还是赶快闭嘴的好。,"The sooner he shuts up, the better."
感受,gǎn shòu,动/名,be affected by; feeling; perception,5,⿱咸心,"{'type': 'ideographic', 'hint': 'Two hearts 心 beating together 咸'}",心,感受: Can function as a verb (to feel/perceive) or noun (feeling/perception).,我親自感受過。,I experienced it firsthand.,我知道你的感受。,I know how you feel.,告訴我你的感受。,Tell me how you're feeling.
感想,gǎn xiǎng,名,impression; reflection; thought,5,⿱咸心,"{'type': 'ideographic', 'hint': 'Two hearts 心 beating together 咸'}",心,感想: Placed after experiences to express thoughts or reflections.,你对这一切有什么感想？,How did you feel about all that?,你對這場比賽有甚麼感想？,How did you feel about the game?,,
干活儿,gàn huó er,动,to work [often manual] on a job,5,⿱一十,"{'type': 'pictographic', 'hint': 'A club or axe'}",十,"干活儿: To work, often manually; used as a verb in sentences indicating doing manual labor.",干活儿,He is working.,爸爸在干活儿。,Daddy is working.,她每天早上六点开始干活儿。,She starts working at six in the morning every day.
钢铁,gāng tiě,名,iron and steel,5,⿰钅冈,"{'type': 'pictophonetic', 'phonetic': '冈', 'semantic': '钅', 'hint': 'metal'}",钅,钢铁: Serves as a noun representing iron and steel in a sentence.,在钢铁大厦的旁边有许多的雏菊。,There are daisies next to the steel building.,那里有许多雏菊围绕着钢铁大厦。,There are daisies around the steel building.,,
高档,gāo dàng,形,top; superior quality,5,⿳亠口冋,"{'type': 'pictographic', 'hint': 'A tall palace'}",高,高档: Used as an adjective before nouns indicating high quality or superior grade.,汤姆和玛丽入住了一家高档酒店。,Tom and Mary stayed at a fancy hotel.,,,,
高级,gāo jí,形,advanced; high level,5,⿳亠口冋,"{'type': 'pictographic', 'hint': 'A tall palace'}",高,高级: Placed before nouns to indicate high level or advanced nature.,英国皇家的一位高级人员告诉了CNN，剑桥公爵夫人嫁给威廉王子 一年之后，达到了所有的目标，并且成功地成为了英国皇室的“正式成员”。,"A senior royal told CNN that the Duchess of Cambridge has fulfilled all of her objectives one year after marrying Prince William and has become a ""full member"" of the British monarchy.",,,,
搞,gǎo,动,to make/do; carry on; be engaged in,5,⿰扌高,"{'type': 'pictophonetic', 'phonetic': '高', 'semantic': '扌', 'hint': 'hand'}",扌,搞: Used as a verb to express making/doings engaging in activities.,搞定！,Done!,搞定了！,It's done!,搞什么,What's up?
告别,gào bié,动,bid farewell to; to say good-bye to,5,⿱牛口,"{'type': 'ideographic', 'hint': 'To speak 口 with the force of an ox 牛'}",口,告别: Placed after a preposition or used alone as a verb to indicate saying farewell.,他向学生们告别了。,He bade farewell to the students.,,,,
隔壁,gé bì,名,next door,5,⿰阝鬲,"{'type': 'pictophonetic', 'phonetic': '鬲', 'semantic': '阝', 'hint': 'wall'}",阝,隔壁: Placed before a noun to indicate the adjacent location.,他住在我們隔壁。,He lives next door to us.,她住在他的隔壁。,She lives next door to him.,我们曾是隔壁邻居。,We used to be neighbours.
格外,gé wài,副,especially; exceptionally,5,⿰木各,"{'type': 'pictophonetic', 'phonetic': '各', 'semantic': '木', 'hint': 'wood'}",木,格外: Placed before adjectives to intensify meaning.,格外冷,It's especially cold.,格外高兴,He is exceptionally happy.,格外小心,She is being particularly careful.
个别,gè bié,副,individually; separately,5,⿱人丨,"{'type': 'ideographic', 'hint': 'A tally 丨 of people 人'}",丨,个别: Placed before nouns to indicate individuality or particular cases.,只有个别人才懂了我的意思。,Only a few people understood me.,,,,
个人,gè rén,名,oneself; personal; individual,5,⿱人丨,"{'type': 'ideographic', 'hint': 'A tally 丨 of people 人'}",丨,个人: Placed before nouns to indicate personal possession or individuality.,那个人是谁？,Who is that person?,这个人是谁？,Who is this person?,Ziri一个人玩。,Ziri plays alone.
个性,gè xìng,名,individual character; personality,5,⿱人丨,"{'type': 'ideographic', 'hint': 'A tally 丨 of people 人'}",丨,个性: Placed after adjectives or used alone as a noun to discuss personality traits.,她有很强的个性。,She has a strong personality.,我的个性还有很多方面是你不了解的。,There are a lot of things you don't know about my personality.,,
各自,gè zì,代,each; by oneself; respective,5,⿱夂口,"{'type': 'ideographic', 'hint': 'Walking 夂 and talking 口'}",口,各自: Placed before nouns to indicate individual actions or states.,請回到你們各自的座位。,Go to your respective seats.,幸福家庭的幸福原因全都大同小異，但悲慘的家庭卻往往各自有各自的慘法。,"All happy families resemble each other, each unhappy family is unhappy in its own way.",,
根,gēn,量,"root; descendants; completely; [measure word for long, slender objects]",5,⿰木艮,"{'type': 'pictophonetic', 'phonetic': '艮', 'semantic': '木', 'hint': 'tree'}",木,"根: Used as a measure word for long, slender objects.",你好，格罗宁根！,"Hello, Groningen!",我放幾根黃瓜？,Shall I put in a few cucumbers?,我根本不信。,I don't believe it at all.
根本,gēn běn,副,root; basic; fundamental,5,⿰木艮,"{'type': 'pictophonetic', 'phonetic': '艮', 'semantic': '木', 'hint': 'tree'}",木,根本: Placed before verbs/adjectives to emphasize fundamental nature.,我根本不信。,I don't believe it at all.,我根本不累。,I'm not at all tired.,它根本不是夢。,It's not a dream at all.
公布,gōng bù,动,to announce; make public,5,⿱八厶,"{'type': 'ideographic', 'hint': 'To divide 八 what is private 厶'}",八,公布: Placed after verbs to indicate making information public.,NASA 最近公布了新的專案。,NASA has recently unveiled a new project.,阿爾及利亞公布了新的經濟計畫。,Algeria has unveiled a new economic plan.,南非近 70 萬名高中生一直熱切期盼著本週公布他們的畢業考試成績，大學會根據這些成績來決定學生可以進入哪個專業學習。,"South Africa’s nearly 700,000 high-schoolers had been eagerly awaiting this week’s announcement of their matriculation exam grades—scores used by universities to determine which program of study a student is admitted to."
工厂,gōng chǎng,名,factory; plant; works,5,⿱一丄,"{'type': 'pictographic', 'hint': ""A spade or other workman's tool""}",工,工厂: Serves as a noun representing a place of industrial production.,我爸在工厂工作。,My father works in a factory.,这家工厂生产电炉。,This factory manufactures electric stoves.,我父亲在工厂工作。,My father works at a factory.
工程师,gōng chéng shī,名,engineer,5,⿱一丄,"{'type': 'pictographic', 'hint': ""A spade or other workman's tool""}",工,工程师: Serves as a noun indicating a person's profession in engineering.,汤姆是工程师。,Tom is an engineer.,相信我，我是工程师!,"Trust me, I'm an engineer!",我是一名工程师。,I'm an engineer.
工具,gōng jù,名,tool,5,⿱一丄,"{'type': 'pictographic', 'hint': ""A spade or other workman's tool""}",工,工具: A noun representing any implement or device used to perform tasks.,木匠帶了工具。,The carpenter brought his tools along.,我有一个工具。,I have a tool.,英語是溝通的工具。,English is a communication tool.
公开,gōng kāi,动/形,open; overt; to make public,5,⿱八厶,"{'type': 'ideographic', 'hint': 'To divide 八 what is private 厶'}",八,公开: Can function as a verb to make something public or an adjective meaning overt.,他威胁要公开。,He threatened to make it public.,工作越公开，批评就越多。,"The more public the work, the more criticism you receive.",公开表示你对某人的爱。,Publicly express your love for someone.
功能,gōng néng,名,function,5,⿰工力,"{'type': 'ideographic', 'hint': 'Results produced by capable 力 labor 工; 工 also provides the pronunciation'}",力,功能: Placed after adjectives or verbs to indicate capability or utility.,防水功能可以加分。,Waterproof features would be a plus.,這手錶有防震功能。,This watch is shock-proof.,刹车的功能是使车停下。,The function of the brake is to stop the car.
公平,gōng píng,形,fair; just,5,⿱八厶,"{'type': 'ideographic', 'hint': 'To divide 八 what is private 厶'}",八,公平: Used as an adjective to describe fairness or justice in situations or actions.,公平点。,Be fair.,这不公平。,It is unfair.,這不公平。,That isn't fair.
工人,gōng rén,名,(manual) worker; labourer,5,⿱一丄,"{'type': 'pictographic', 'hint': ""A spade or other workman's tool""}",工,工人: Functions as a noun referring to a worker or labourer in sentences.,工人罢工。,The workers are on strike.,湯姆是個好工人。,Tom is a good worker.,湯姆不是個好工人。,Tom isn't a good worker.
恭喜,gōng xǐ,动,congratulate,5,⿱共⺗,"{'type': 'pictophonetic', 'phonetic': '共', 'semantic': '⺗', 'hint': 'heart'}",⺗,恭喜: Placed before a noun to express congratulations.,恭喜！,Congratulations!,恭喜你！,Congratulations!,我要恭喜你。,I should congratulate you.
工业,gōng yè,名,industry,5,⿱一丄,"{'type': 'pictographic', 'hint': ""A spade or other workman's tool""}",工,工业: Serves as a noun representing an industry in a sentence.,许多人在工业城市工作。,Many people work in industrial towns.,7月份工业生产大幅增长。,Industrial production rose sharply in July.,该地区因它的手工业而出名。,This area is famous for its handcraft business.
公寓,gōng yù,名,flats; apartment,5,⿱八厶,"{'type': 'ideographic', 'hint': 'To divide 八 what is private 厶'}",八,公寓: Used as a noun referring to apartments or flats in a sentence.,公寓有花園嗎？,Does the apartment have a garden?,我们租了公寓。,We rented an apartment.,我们出租了公寓。,We rented an apartment.
公元,gōng yuán,名,the Christian/Common era,5,⿱八厶,"{'type': 'ideographic', 'hint': 'To divide 八 what is private 厶'}",八,公元: Placed before years to denote the Christian/Common era.,凯尔特人在公元前600年首先到来。,First came the Celts in 600 B.C.,公元前七千年那段时间发生了很多重要的历史事件。,Many important historical events took place 7000 years B.C.,普遍认为佛教公元六七年在东汉明帝的统治时先来中国。,It is generally believed that Buddhism first came to China in 67 A.D. during the reign of Emperor Mingdi of the Eastern Han Dynasty.
公主,gōng zhǔ,名,princess,5,⿱八厶,"{'type': 'ideographic', 'hint': 'To divide 八 what is private 厶'}",八,"公主: Noun referring to a princess, used as a subject or object in sentences.",公主之前在哪里？,Where was the princess?,公主向皇帝请求饶恕。,The princess begged forgiveness from the emperor.,一等奖是公主的香吻。,The grand prize is a kiss from the princess.
贡献,gòng xiàn,名,to dedicate; devote; contribution,5,⿱工贝,"{'type': 'pictophonetic', 'phonetic': '工', 'semantic': '贝', 'hint': 'money'}",贝,贡献: Placed after verbs indicating what is dedicated or contributed.,我将会努力作贡献的！,I will work hard to contribute!,每个人都有能力作贡献。,And everyone has the ability to contribute.,做贡献的人越多，Tatoeba就越有用！,"The more contributors there are, the more useful Tatoeba will become!"
沟通,gōu tōng,动,to communicate; link up; connect,5,⿰氵勾,"{'type': 'pictophonetic', 'phonetic': '勾', 'semantic': '氵', 'hint': 'water'}",氵,沟通: Placed as a verb to indicate communication or connection between subjects.,电视限制家庭成员的沟通的事实已经广为人知。,The fact that television frequently limits communication within families is already well known.,当维吾尔人遇到白俄罗斯人时，他们用什么语言沟通？,"When an Uyghur met a Belarusian, what language did the two speak to each other?",,
构成,gòu chéng,名,to constitute; form; consist of,5,⿰木勾,"{'type': 'pictophonetic', 'phonetic': '勾', 'semantic': '木', 'hint': 'wood'}",木,构成: Placed after nouns to indicate formation or composition.,云层的构成方式有好几种。,There are several kinds of cloud formations.,人体的组织是由细胞构成的。,Human tissue is made up of cells.,灵魂是由理性、意志和情欲构成的。,"The soul is made up of reason, determination, and passion."
姑姑,gū gu,名,aunt [father's sister],5,⿰女古,"{'type': 'ideographic', 'hint': 'An older 古 woman 女; 古 also provides the pronunciation'}",女,姑姑: A noun referring to one's paternal aunt.,她长得像她姑姑。,She resembles her aunt.,我住在我姑姑家。,I'm staying at my aunt's.,你姑姑是做什麼的？,What does your aunt do?
姑娘,gū niang,名,girl,5,⿰女古,"{'type': 'ideographic', 'hint': 'An older 古 woman 女; 古 also provides the pronunciation'}",女,姑娘: A noun referring to a young unmarried woman or girl.,别对我放肆，小姑娘!,Don't get sassy with me young lady!,妳是世上最美的姑娘。,You're the most beautiful girl in the world.,你們這些姑娘在做甚麼？,What are you girls doing?
古代,gǔ dài,名,ancient; archaic; antiquity,5,⿱十口,"{'type': 'ideographic', 'hint': 'Words passing through ten 十 mouths 口'}",口,古代: Placed before nouns to indicate ancient times or antiquity.,古代中國沒有椅子。,There were no chairs in ancient China.,我父親對古代歷史有興趣。,My father is interested in ancient history.,羅馬以其古代建築而聞名。,Rome is famous for its ancient architecture.
古典,gǔ diǎn,形,classical,5,⿱十口,"{'type': 'ideographic', 'hint': 'Words passing through ten 十 mouths 口'}",口,古典: Used as an adjective before nouns to describe classical nature.,我喜欢古典音乐。,I like classical music.,我会说古典希腊语。,I speak Classical Greek.,貝蒂喜歡古典音樂。,Betty likes classical music.
股票,gǔ piào,名,shares; stock; equity,5,⿰⺼殳,"{'type': 'pictophonetic', 'phonetic': '殳', 'semantic': '⺼', 'hint': 'flesh'}",⺼,股票: A noun representing shares or stock in a company.,他玩股票赔了。,He lost a fortune in the stock market.,他把錢投資於股票。,He invested his money in stocks.,股票價格跌至歷史新低。,Stock prices plunged to a record low.
骨头,gǔ tou,名,bone,5,⿵冎⺼,"{'type': 'ideographic', 'hint': 'Flesh ⺼ and bones 冎'}",骨,骨头: Serves as a noun representing bone in sentences.,,Bones are part of the body.,,The dog's bone was picked up.,,He accidentally bit into a bone while eating meat.
鼓舞,gǔ wǔ,动,to inspire; hearten; embolden,5,⿰壴支,"{'type': 'pictophonetic', 'phonetic': '支', 'semantic': '壴', 'hint': 'drum'}",鼓,鼓舞: Placed after subject to indicate inspiring or encouraging someone.,那真令人鼓舞。,That's encouraging.,我们有一些令人鼓舞的消息。,We have some encouraging news.,我藉由聽音樂來鼓舞我自己。,I cheered myself up by listening to music.
鼓掌,gǔ zhǎng,动,applaud,5,⿰壴支,"{'type': 'pictophonetic', 'phonetic': '支', 'semantic': '壴', 'hint': 'drum'}",鼓,鼓掌: Placed as a verb to indicate the action of applauding.,眾人鼓掌。,Everybody applauded.,汤姆鼓掌。,Tom applauded.,學生們鼓掌。,The students applauded.
固定,gù dìng,动,fixed; fasten,5,⿴囗古,"{'type': 'pictophonetic', 'phonetic': '古', 'semantic': '囗', 'hint': 'border'}",囗,固定: Placed before nouns to indicate something is fixed or set.,我在找一些固定工作。,I'm looking for some regular work.,你有一个固定的男朋友吗？,Do you have a steady boyfriend?,專職作家沒有固定的收入。,Professional writers do not have a regular income.
挂号,guà hào,动,register; send by registered mail,5,⿰扌圭,"{'type': 'pictophonetic', 'phonetic': '圭', 'semantic': '扌', 'hint': 'hand'}",扌,挂号: Placed after subject to indicate registering for services.,挂号,guà hào,我去医院挂号了。,I went to the hospital to register.,医生说我需要先挂号才能看病。,The doctor said I need to register first before seeing him.
乖,guāi,形,obeident; well-behaved [child],5,⿻千北,{},丿,乖: Placed after a noun to describe someone as well-behaved.,乖！,Behave!,乖。,Behave.,你今天乖嗎？,Did you behave today?
拐弯,guǎi wān,动,to turn a corner; turn round; pursue a new course,5,⿰扌另,"{'type': 'ideographic', 'hint': 'To take another 另 by force 扌'}",扌,拐弯: 动词，表示转向或改变方向。,绿灯时，拐弯车要让人。,"When the light is green, cars turning must yield to pedestrians.",你到这儿拐弯角上去坐地铁。,Turn here to get on the subway.,往北拐弯走到第二条弄堂就是。,"Turn north, walk to the second alley, and you're there."
怪不得,guài bu de,副,no wonder; so that's why,5,⿰忄圣,{},忄,怪不得: Placed at the beginning of a sentence to express realization or understanding.,这家商店人员的态度特好，怪不得顾客也好多。,The staff in this shop are really friendly; no wonder they've got so many customers.,,,,
官,guān,名,government official,5,⿱宀㠯,{},宀,官: Denotes a government official in a nominal phrase.,是的，長官。,"Aye aye, sir.",法官在哪里？,Where is the judge?,卡神親自官宣！,James Cameron personally did the official promotion!
关闭,guān bì,动,to close; to shut,5,⿱丷天,{},丷,关闭: Placed after subject to indicate closing action.,关闭电视机,Turn off the TV.,请关闭引擎。,Please turn off your engine.,关闭他妈的门啊！,Close the fucking door!
观察,guān chá,动,observe; watch; survey,5,⿰又见,"{'type': 'ideographic', 'hint': 'To see 见 again 又'}",见,观察: Placed as a verb to indicate the act of observing or watching something.,医生在观察X光片。,The doctors are looking at an X-ray.,女人观察，男人思考。,The woman observes and the man thinks.,男孩观察了一整天鸟。,The boy observed the birds all day.
观点,guān diǎn,名,point of view; standpoint,5,⿰又见,"{'type': 'ideographic', 'hint': 'To see 见 again 又'}",见,观点: Serves as a noun expressing one's perspective or stance in discussions.,观点因人而异。,Opinions vary from person to person.,你为什么问我的观点？,Why are you asking my opinion?,我理解汤姆的观点。,I understood Tom's point of view.
观念,guān niàn,名,sense; concept; perception,5,⿰又见,"{'type': 'ideographic', 'hint': 'To see 见 again 又'}",见,观念: Placed in subject position to express a concept or idea.,无色的绿色的观念疯狂地睡觉。,Colorless green ideas sleep furiously.,没有经过仔细审视的观念是不值得拥有的，正如没有经过仔细审视的生活不值得过一样。,"An idea not properly analyzed is not worth exploiting, just as a life without self-judgment is not worth living.",,
管子,guǎn zi,动,tube; pipe; valve,5,⿱⺮官,"{'type': 'pictophonetic', 'phonetic': '官', 'semantic': '⺮', 'hint': 'bamboo'}",⺮,"管子: Noun referring to a tube, pipe, or valve in a sentence.",有東西卡在管子裡。,Something is stuck in the pipe.,,,,
冠军,guàn jūn,名,champion,5,⿱冖⿺元寸,"{'type': 'ideographic', 'hint': 'A man 元 puts on a cap 冖 with his hand 寸'}",冖,冠军: Serves as a noun indicating the winner in a competition.,大家都渴望知道前冠军得主发生了什么。,Everyone is anxious to know what has become of the former champion.,只有一个人能成为世界冠军。问题是：会是谁呢？,There can only be one world champion. The question is: Who will it be?,,
光滑,guāng huá,形,smooth; glossy; slick,5,⿱⺌兀,"{'type': 'ideographic', 'hint': 'A person 儿 carrying a torch 火'}",儿,光滑: Used as an adjective before nouns to describe smoothness or glossiness.,她的皮膚光滑。,Her skin is smooth.,地球比台球更光滑。,The Earth is smoother than a billiard ball.,它像婴儿的屁股一样光滑。,It's as smooth as a baby's bottom.
光临,guāng lín,动,to honour with your presence,5,⿱⺌兀,"{'type': 'ideographic', 'hint': 'A person 儿 carrying a torch 火'}",儿,"光临: Used politely to welcome guests, placed after the subject.",欢迎光临！,Welcome.,感谢您的光临。,Thanks for stopping by.,汤姆感谢玛丽的光临。,Tom thanked Mary for coming.
光明,guāng míng,形,light; bright; openhearted,5,⿱⺌兀,"{'type': 'ideographic', 'hint': 'A person 儿 carrying a torch 火'}",儿,光明: Used as an adjective before nouns to describe brightness or clarity.,湯姆重見光明。,Tom regained his sight.,你有光明的未来。,You have a bright future.,不論黑暗如何遼闊，我們都必須提供自身的光明。,"However vast the darkness, we must supply our own light."
光盘,guāng pán,名,laser disc (eg CD or DVD),5,⿱⺌兀,"{'type': 'ideographic', 'hint': 'A person 儿 carrying a torch 火'}",儿,光盘: A noun referring to optical discs like CDs or DVDs in a sentence.,我有不低于一千片光盘。,I have no less than one thousand records.,我的父母准备买一个新的光盘。,My parents are going to buy a new CD.,,
广场,guǎng chǎng,名,(public) square,5,⿱丶厂,"{'type': 'ideographic', 'hint': 'A lean-to 厂, suggesting a building'}",广,广场: Placed in a sentence to denote a public place or square.,她住在罗素广场56号。,She lived at 56 Russell Square.,广场被鲜明的灯火照亮。,The square was illuminated by bright lights.,广场的暴徒被强制驱离。,The rioters were forcibly removed from the plaza.
广大,guǎng dà,形,vast; wide; extensive,5,⿱丶厂,"{'type': 'ideographic', 'hint': 'A lean-to 厂, suggesting a building'}",广,广大: Placed after nouns to describe vastness or extent.,广大,vast,zh,en,这个国家的领土非常广大。,The territory of this country is very vast.
广泛,guǎng fàn,形,extensive; wide-ranging,5,⿱丶厂,"{'type': 'ideographic', 'hint': 'A lean-to 厂, suggesting a building'}",广,广泛：用于形容词前表示范围广。,广泛的安全措施实施了。,Broad safety measures were put into effect.,我的爱好不但广泛而且有用。,My hobbies are not only wide-ranging but also useful.,互联网的广泛应用使新一代的年轻人诞生了。,The proliferation of Internet usage has given birth to a new generation of young people.
规矩,guī ju,名,rule; established practice; custom,5,⿰夫见,"{'type': 'pictophonetic', 'phonetic': '夫', 'semantic': '见', 'hint': 'observe'}",见,规矩: Placed after verbs to indicate adherence to rules or customs.,规矩点。,Behave yourself.,有规矩的。,There are rules.,你坏了规矩。,You broke the rule.
规律,guī lǜ,名,law; regular pattern,5,⿰夫见,"{'type': 'pictophonetic', 'phonetic': '夫', 'semantic': '见', 'hint': 'observe'}",见,规律: Used as a noun to describe laws or regular patterns.,现在我规律服药。,Now I take medication regularly.,长年累月东奔西走忙死了，生活太没有规律了。,"I'm so busy running about year in, year out. My life has no consistency.",质数就像生活，它们是完全符合逻辑的，但即使我们花所有时间来思考，也找不到规律。,"Prime numbers are like life; they are completely logical, but impossible to find the rules for, even if you spend all your time thinking about it."
规模,guī mó,名,scale; scope; dimensions,5,⿰夫见,"{'type': 'pictophonetic', 'phonetic': '夫', 'semantic': '见', 'hint': 'observe'}",见,规模: Placed after quantifiers to indicate scale or scope of events/nouns.,农村好像要大规模发展了。,It seems the rural area will be developed on a large scale.,跨国公司预料到了规模经济的实行。,The multinational corporation has forecast the implementation of economies of scale.,如今要保护自己不受大规模杀伤性武器的伤害是不可能的。,Nowadays it's not possible to protect oneself against weapons of mass destruction.
归纳,guī nà,动,induce; conclude; sum up,5,⿰？彐,"{'type': 'ideographic', 'hint': 'Simplified form of 歸; a wife 帚 returning home; 追 provides the pronunciation'}",彐,归纳: Placed after a verb to sum up or conclude information or arguments.,归纳这些数据很简单。,It's easy to summarize this data.,zh,en,他从实验中归纳出结论。,He concluded from the experiment.
规则,guī zé,名,rule; regulation,5,⿰夫见,"{'type': 'pictophonetic', 'phonetic': '夫', 'semantic': '见', 'hint': 'observe'}",见,规则: Serves as a noun indicating rules or regulations in a sentence.,这违反规则。,That's against the rules.,你触犯了规则。,You broke the rules.,你必须遵守规则。,You have to follow the rules.
柜台,guì tái,名,counter; bar,5,⿰木巨,"{'type': 'pictophonetic', 'phonetic': '巨', 'semantic': '木', 'hint': 'wood'}",木,柜台: A noun indicating a service counter or bar in shops or restaurants.,萨米走向了柜台。,Sami walked up to the counter.,,,,
滚,gǔn,动,to roll; trundle,5,⿰氵衮,"{'type': 'pictophonetic', 'phonetic': '衮', 'semantic': '氵', 'hint': 'water'}",氵,滚: Used as a verb to indicate rolling or to strongly urge someone to leave.,滚。,Get lost!,滚开！,Get lost!,滚出我家！,Get out of my house!
锅,guō,名,pan; pot; wok,5,⿰钅呙,"{'type': 'pictophonetic', 'phonetic': '呙', 'semantic': '钅', 'hint': 'metal'}",钅,锅: A noun representing cooking vessels like pans or pots.,锅烧干了。,The pan boiled dry.,吃着碗里，看着锅里。,"Eating from his bowl, he can't move his eyes off the pot.",,
国庆节,guó qìng jié,名,National Day,5,⿴囗玉,"{'type': 'ideographic', 'hint': ""Treasure 玉 within a country's borders 囗""}",囗,国庆节: A noun marking China's National Day celebration.,国庆节是中国的节日。,National Day is a holiday in China.,国庆节那天，人们会放鞭炮庆祝。,"On that day of National Day, people set off firecrackers to celebrate.",今年国庆节我和家人去公园玩了。,"This year, on National Day, I went to the park with my family."
国王,guó wáng,名,king,5,⿴囗玉,"{'type': 'ideographic', 'hint': ""Treasure 玉 within a country's borders 囗""}",囗,国王: Placed as a subject or object in sentences referring to a king.,国王光着呢！,The king is naked!,国王滥用权力。,The king abused his power.,法国国王秃顶。,The King of France is bald.
果然,guǒ rán,副,really,5,⿱田木,"{'type': 'ideographic', 'hint': 'Fruit 田 growing on a tree 木'}",木,果然: Placed before a verb to confirm a prediction or expectation.,我们昨天试了一下，果然是很好。,"We tried it out yesterday; as expected, it was really good.",我對他的第一印象果然沒有錯。,My first impression of him proved to be correct.,,
果实,guǒ shí,名,fruit; gains,5,⿱田木,"{'type': 'ideographic', 'hint': 'Fruit 田 growing on a tree 木'}",木,"果实: Noun indicating fruit or gains, typically following descriptive elements in a sentence.",zh,en,zh,en,zh,en
过分,guò fèn,形,excessive; go too far,5,⿺辶寸,"{'type': 'pictophonetic', 'phonetic': '咼', 'semantic': '辶', 'hint': 'walk'}",辶,过分: Placed after verbs to indicate something is excessive.,真过分!,So mean!,你太过分了。,You're going too far.,那太过分了。,That's too much.
过敏,guò mǐn,动,allergy; irritability,5,⿺辶寸,"{'type': 'pictophonetic', 'phonetic': '咼', 'semantic': '辶', 'hint': 'walk'}",辶,过敏: Used as a noun to refer to allergies or sensitivity.,我对花粉过敏。,I am allergic to pollen.,,,,
过期,guò qī,动,exceed the time limit; be overdue; expire,5,⿺辶寸,"{'type': 'pictophonetic', 'phonetic': '咼', 'semantic': '辶', 'hint': 'walk'}",辶,过期: Placed after nouns indicating that they are expired or overdue.,我的身份证过期了，我该怎么办？,"My ID card has expired, what should I do?",如果签证过期，你就必须离开中国。,"If your visa expires, you must leave China.",,
哈,hā,叹,ha,5,⿰口合,"{'type': 'pictophonetic', 'phonetic': '合', 'semantic': '口', 'hint': 'mouth'}",口,哈: Used at the beginning or end of a sentence as an interjection.,哈哈,Haha.,哈利路亞。,Hallelujah.,哈利病重。,Harry fell seriously ill.
海关,hǎi guān,名,customs [import/export],5,⿰氵每,"{'type': 'pictophonetic', 'phonetic': '每', 'semantic': '氵', 'hint': 'water'}",氵,海关: Placed before nouns to indicate customs-related entities or actions.,海关检查了我的行李。,The customs inspected my luggage.,我在机场过了海关。,I went through customs at the airport.,这包裹需要在海关申报。,This package needs to be declared at customs.
海鲜,hǎi xiān,名,seafood,5,⿰氵每,"{'type': 'pictophonetic', 'phonetic': '每', 'semantic': '氵', 'hint': 'water'}",氵,"海鲜: A noun referring to seafood, used as a subject or object in sentences.",她喜欢海鲜。,She likes seafood.,我很喜欢吃海鲜。,I really like seafood.,我要吃鱼和海鲜。,I want to eat fish and seafood.
喊,hǎn,动,shout; cry out; yell,5,⿰口咸,"{'type': 'pictophonetic', 'phonetic': '咸', 'semantic': '口', 'hint': 'mouth'}",口,喊: Placed after subject to indicate shouting or crying out.,大声喊!,Scream it loud!,别再喊叫了！,Stop yelling!,他放聲大喊。,He shouted at the top of his lungs.
行业,háng yè,名,trade; profession; industry,5,⿰彳亍,"{'type': 'ideographic', 'hint': ""To take small steps 亍 with one's feet 彳""}",行,行业: Placed after measure words to refer to trades or industries.,这是很有前景的行业。,This is a very promising industry.,这家公司在石油行业排名第二。,This firm ranks second in the oil trade.,您在英国从事中医行业多长时间了？,How long have you been practising Chinese medicine in the UK?
豪华,háo huá,形,luxurious; sumptuous,5,⿱高豕,"{'type': 'pictophonetic', 'semantic': '豕', 'hint': 'boar', 'phonetic': '高'}",豕,豪华: Used as an adjective before nouns to describe luxurious qualities.,在七楼，你可以找到四个豪华餐厅。,"On the seventh floor, you can find four luxury restaurants.",,,,
好客,hào kè,形,be hospitable,5,⿰女子,"{'type': 'ideographic', 'hint': 'A woman 女 with a son 子'}",女,好客: Used as a noun or adjective to describe being hospitable.,阿爾及利亞人是好客的族群。,The Algerians are a hospitable people.,所有的客人都被她的好客感动了。,All the guests were touched by her hospitality.,大多数中国人是非常好客的，尤其是住在农村的人。,"Many Chinese people make good guests, especially those from rural areas."
好奇,hào qí,形,curious,5,⿰女子,"{'type': 'ideographic', 'hint': 'A woman 女 with a son 子'}",女,好奇: Placed after a subject to express being curious about something.,我不好奇。,I am not curious.,我很好奇。,I am curious.,这些人好奇怪。,These people are so weird.
何必,hé bì,副,there is no need,5,⿰亻可,{},亻,何必: Placed before a verb to indicate there is no need to do something.,何必买那么多书？,Why buy so many books? There is no need to buy so many books.,何必担心他的安全？,There's no need to worry about his safety.,明天再去也不迟。何必今天去呢？,It's not too late to go tomorrow. Why bother going today?
合法,hé fǎ,形,legal; legitimate; rightful,5,⿱亼口,{},口,合法: Placed after a noun to indicate legality or legitimacy.,这样合法吗？,Is this legal?,你的行为完全合法。,Your conduct is perfectly legal.,税收就是合法的抢劫。,Taxes are just legal robbery.
何况,hé kuàng,连,much less; let alone,5,⿰亻可,{},亻,何况: Placed in sentences to introduce contrasting ideas or express stronger negation.,宝宝连走都不会，更何况是跑。,"The baby can't walk, much less run.",,,,
合理,hé lǐ,形,rational; reasonable; equitable,5,⿱亼口,{},口,合理: Placed after a noun to describe it as rational or reasonable.,價錢很合理。,The price is reasonable.,我覺得挺合理的。,This makes sense to me.,他的意见很合理。,His opinion is reasonable.
和平,hé píng,名,peace; mild,5,⿰禾口,"{'type': 'pictophonetic', 'phonetic': '禾', 'semantic': '口', 'hint': 'mouth'}",口,和平: Serves as a noun representing peace or mildness in sentences.,愛和和平。,Love and Peace.,人們渴望和平。,People want peace.,人們想要和平。,People want peace.
合同,hé tong,名,agreement; contract,5,⿱亼口,{},口,合同: A noun representing an agreement or contract in a sentence.,别用铅笔签合同。,Don't sign the contract in pencil.,他们对合同很满意。,They are satisfied with the contract.,这份合同没有法律效力。,This contract is null and void.
核心,hé xīn,名,core; kernel; heart,5,⿰木亥,"{'type': 'pictophonetic', 'phonetic': '亥', 'semantic': '木', 'hint': 'tree'}",木,核心: Used as a noun to refer to the central or most important part of something.,家庭是社會的核心。,The family is the fundamental unit of society.,你們倆是團隊的核心。,You two are the nucleus of the team.,這個章節是這部小說的核心。,This chapter is the heart of the novel.
合影,hé yǐng,动,group photo,5,⿱亼口,{},口,合影: Used as a verb to take a group photo.,发给好朋友的请帖上有新郎新娘合影的照片。,There's a photo of the bride and groom together on the invitation sent to friends.,,,,
合作,hé zuò,动,cooperate; collaborate; work together,5,⿱亼口,{},口,合作: Placed after subjects to indicate cooperative action.,湯姆不合作。,Tom has been uncooperative.,汤姆很合作。,Tom has been quite cooperative.,謝謝您的合作。,Thank you for your cooperation.
恨,hèn,动,hate; regret,5,⿰忄艮,"{'type': 'pictophonetic', 'phonetic': '艮', 'semantic': '忄', 'hint': 'heart'}",忄,恨: Placed after verbs to express hate or regret.,我恨你！,I hate you!,我恨他。,I hated him.,她恨他。,She hated him.
猴子,hóu zi,名,monkey,5,⿰犭侯,"{'type': 'pictophonetic', 'phonetic': '侯', 'semantic': '犭', 'hint': 'animal'}",犭,"猴子: A noun representing a monkey, used as a subject or object in sentences.",我们都是猴子。,We're all monkeys.,猴子爬树容易。,It's easy for monkeys to climb trees.,猴子喜欢香蕉。,Monkeys are fond of banana.
后背,hòu bèi,名,back,5,⿸？口,{},口,后背: A noun referring to the back part of the body.,后背,back,1. 他感觉后背痒。,He feels itchy on his back.,2. 她在洗后背。,She is washing her back.
后果,hòu guǒ,名,consequence; aftermath,5,⿸？口,{},口,后果: Placed after verbs indicating actions whose outcomes are being discussed.,汤姆准备承担后果。,Tom is prepared to accept the consequences.,我准备好了承担后果。,I'm prepared to accept the consequences.,道德上的恶乃是无知的后果。,Moral evil is the result of ignorance.
忽然,hū rán,副,suddenly,5,⿱勿心,"{'type': 'pictophonetic', 'phonetic': '勿', 'semantic': '心', 'hint': 'heart'}",心,忽然: Placed before a verb to indicate something happening suddenly.,忽然天氣轉為多雲。,"All of a sudden, it became cloudy.",我忽然想起了我死去的妈妈。,I suddenly thought of my dead mother.,有时我会在一瞬间忽然迷失说话的脉络，像是忽然刮来一阵狂风，将正在演奏的乐谱吹得无影无踪。,"Sometimes I will lose the context of my speech in an instant, as if a sudden gust of wind blows away the music score being played without leaving a trace."
忽视,hū shì,动,ignore; look down upon; overlook,5,⿱勿心,"{'type': 'pictophonetic', 'phonetic': '勿', 'semantic': '心', 'hint': 'heart'}",心,忽视: Placed after verbs to indicate ignoring or overlooking something.,警告被忽视。,The warnings were ignored.,这种错误很容易被人忽视。,Mistakes like these are easily overlooked.,完全忽视汤姆不会是明智的。,It wouldn't be wise to ignore Tom completely.
呼吸,hū xī,动,to breathe; respire,5,⿰口乎,"{'type': 'pictophonetic', 'phonetic': '乎', 'semantic': '口', 'hint': 'mouth'}",口,呼吸: Placed as a verb in a sentence indicating the action of breathing.,你在呼吸嗎？,Are you breathing?,您在呼吸嗎？,Are you breathing?,呼吸困難。,Breathing was difficult.
壶,hú,名,kettle; pot; flask,5,⿱士⿱冖业,"{'type': 'pictographic', 'hint': 'A jar of wine'}",士,"壶: A noun representing a kettle, pot, or flask in a sentence.",那个茶壶很脏啊！,That teapot's pretty dirty.,咖啡壶里装满了咖啡。,The coffee pot is full of coffee.,他从酒壶里喝了一大口。,He took a swig from his flask.
蝴蝶,hú dié,名,butterfly,5,⿰虫胡,"{'type': 'pictophonetic', 'phonetic': '胡', 'semantic': '虫', 'hint': 'insect'}",虫,"蝴蝶: As a noun, it represents a butterfly in a sentence.",哦，一只蝴蝶！,"Oh, a butterfly!",我爱蝴蝶。,I love butterflies.,我喜欢蝴蝶。,I like butterflies.
胡说,hú shuō,动,nonsense; rubbish; drivel,5,⿰古⺼,"{'type': 'pictophonetic', 'phonetic': '古', 'semantic': '⺼', 'hint': 'meat'}",⺼,胡说: Used as a verb to express speaking nonsense.,胡说！,Nonsense!,别胡说。,Don't talk rubbish.,你别胡说！,Don't talk nonsense!
胡同,hú tòng,名,alleyway; lane,5,⿰古⺼,"{'type': 'pictophonetic', 'phonetic': '古', 'semantic': '⺼', 'hint': 'meat'}",⺼,胡同: A noun representing a narrow lane or alley in urban areas.,这是个死胡同。,It's a dead end.,我家後面有條胡同。,There's an alley behind my house.,胡同是一种跟中国北京有关的窄街路。,"Hutongs are a type of narrow street, most commonly associated with Beijing, China."
糊涂,hú tu,形,muddled; confused; bewildered,5,⿰米胡,"{'type': 'pictophonetic', 'phonetic': '胡', 'semantic': '米', 'hint': 'grain'}",米,糊涂: Used as an adjective to describe someone being muddled or confused.,糊涂,confused,---,---,他今天很糊涂，连自己的名字都忘了。,He is very confused today; he even forgot his own name.
花生,huā shēng,名,peanut,5,⿱艹化,"{'type': 'ideographic', 'hint': 'A flower 艹 in bloom 化; 化 also provides the pronunciation'}",艹,花生: Noun representing peanuts in sentences.,他對花生過敏吧？,"He's allergic to peanuts, isn't he?",你對花生過敏嗎？,Are you allergic to peanuts?,湯姆對花生過敏吧？,"Tom is allergic to peanuts, isn't he?"
滑,huá,形,slippery,5,⿰氵骨,"{'type': 'pictophonetic', 'phonetic': '骨', 'semantic': '氵', 'hint': 'water'}",氵,滑: Used as an adjective before nouns to describe slippery qualities.,真滑稽。,Ridiculous.,你滑冰嗎？,Do you skate?,你滑雪嗎？,Do you ski?
华裔,huá yì,名,foreign citizen of Chinese origin,5,⿱化十,"{'type': 'pictophonetic', 'phonetic': '化', 'semantic': '十', 'hint': 'ten'}",十,华裔: Used before a noun to indicate Chinese origin of a person.,华裔学生很多都对中国文化很感兴趣。,Many overseas Chinese students are very interested in Chinese culture.,zh,en,他是华裔美国人，但会说流利的中文。,"He is a Chinese-American, but he can speak fluent Chinese."
划,huà,动,to assign,5,⿰戈刂,{},刂,划: Used as a verb to assign or plan something.,正在筹划中……,It's being arranged.,这计划如何？,How is this plan?,计划行得通。,The plan is workable.
话题,huà tí,名,subject of a talk; topic of conversation,5,⿰讠舌,"{'type': 'ideographic', 'hint': 'A spoken 讠 tongue 舌; 舌 also provides the pronunciation'}",讠,话题: Placed in sentences to introduce the subject of discussion.,他转变了话题。,He changed the topic of conversation.,我们之间应该有共同话题。,There should be something for us to talk about.,你为什么总是逃避这个话题？,Why do you always avoid that topic?
化学,huà xué,名,chemistry,5,⿰亻匕,{},匕,"化学: As a noun, it functions as the subject or object in sentences about chemistry.",我讨厌化学。,I hate chemistry.,他的化学很差。,He is poor at chemistry.,化学符号“H”表示氢。,"The chemical symbol ""H"" stands for hydrogen."
怀念,huái niàn,动,cherish the memory of; remember fondly,5,⿰忄不,"{'type': 'pictophonetic', 'phonetic': '不', 'semantic': '忄', 'hint': 'heart'}",忄,怀念: Followed by a noun indicating what is remembered fondly.,他怀念波士顿。,He misses Boston.,我很怀念我的童年。,I think fondly of my childhood.,住在城市里最让我怀念的，是夜晚的星空。,Living in the city makes me miss starry night skies the most.
怀孕,huái yùn,动,be pregnant; conceive,5,⿰忄不,"{'type': 'pictophonetic', 'phonetic': '不', 'semantic': '忄', 'hint': 'heart'}",忄,怀孕: Placed as a predicate verb indicating pregnancy or conception.,我没怀孕。,I'm not pregnant.,她没怀孕。,She isn't pregnant.,我怀孕了吗？,Am I pregnant?
缓解,huǎn jiě,动,relieve; ease,5,⿰纟爰,"{'type': 'pictophonetic', 'phonetic': '爰', 'semantic': '纟', 'hint': 'thread'}",纟,缓解: Placed after verbs to indicate easing or relieving conditions.,药物缓解了他的痛苦。,The medicine decreased his pain.,我通过运动来缓解压力。,I exercise to relieve stress.,你吃了这药，胃痛就会缓解很多。,"After you take the medicine, your stomachache will be much relieved."
幻想,huàn xiǎng,动,illusion; fantasy; figment of one's imagination,5,⿰幺？,"{'type': 'ideographic', 'hint': 'An inversion of 予, ""to give""'}",幺,幻想: Used as a noun for abstract concepts like fantasy or imagination.,別癡心幻想了。,Stop dreaming.,这只是幻想而已。,That's just your imagination.,应该是你的幻想吧。,It must be your imagination.
慌张,huāng zhāng,形,flustered; confused; trepidation,5,⿰忄荒,"{'type': 'pictophonetic', 'phonetic': '荒', 'semantic': '忄', 'hint': 'heart'}",忄,慌张: Placed after verbs to describe being flustered or confused.,汤姆在表达自己的意见的时候总是很慌张。,Tom never felt comfortable expressing his own opinion.,,,,
黄金,huáng jīn,名,gold,5,⿱？⿱由八,"{'type': 'pictographic', 'hint': 'A jade pendant'}",黄,黄金: Used as a noun referring to gold in sentences.,黄金比铁重。,Gold is heavier than iron.,罗马人的黄金时代已过去了。,The Golden Age of the Romans is in the past.,他们为了找到黄金而前往澳大利亚。,They went out to Australia seeking gold.
挥,huī,动,wave; wield; wipe off,5,⿰扌军,"{'type': 'ideographic', 'hint': 'To direct an army 军 by hand 扌'}",扌,挥: Placed after a subject to indicate waving or wielding something.,她挥了挥手。,She waved her arms.,汤姆挥手了。,Tom waved.,发挥您的想象力。,Use your imagination.
灰,huī,形,grey; ash; dust,5,⿸？火,"{'type': 'ideographic', 'hint': 'The remains of a fire 火; 火 also provides the pronunciation'}",火,灰: Used as an adjective before nouns to describe color or state.,我变灰了。,I turned grey.,阁楼上积了灰。,Dust had accumulated in the attic.,房子烧成了灰烬。,The house burnt to ashes.
灰尘,huī chén,名,dust; dirt; ash,5,⿸？火,"{'type': 'ideographic', 'hint': 'The remains of a fire 火; 火 also provides the pronunciation'}",火,"灰尘: As a noun, it functions as the subject or object in sentences.",桌子被灰尘覆盖。,The table was covered with dust.,把架子上的灰尘擦一下。,Clean the dust off the shelf.,你可能对花粉或灰尘过敏。,Probably you are allergic to pollen or dust.
恢复,huī fù,动,resume; renew; to recover,5,⿰忄灰,"{'type': 'pictophonetic', 'phonetic': '灰', 'semantic': '忄', 'hint': 'heart'}",忄,恢复: Placed after subject to indicate resuming or recovering something.,爸爸恢复了健康。,Father recovered his health.,他终于恢复了理智。,He finally came to his senses.,汤姆从来没完全恢复。,Tom never recovered completely.
灰心,huī xīn,形,to lose heart; to be discouraged; be disappointed,5,⿸？火,"{'type': 'ideographic', 'hint': 'The remains of a fire 火; 火 also provides the pronunciation'}",火,灰心: Used after verbs to express losing heart or being discouraged.,他很坚强，不会那么容易灰心。,"He won't be easily discouraged, because he's a tough guy.",,,,
汇率,huì lǜ,名,exchange rate,5,⿰氵匚,"{'type': 'ideographic', 'hint': 'Water 氵 collected in a container 匚'}",氵,汇率: Placed after quantifiers or as subject/predicate in sentences about exchange rates.,汇率是多少？,What is the exchange rate?,,,,
婚礼,hūn lǐ,名,wedding,5,⿰女昏,"{'type': 'pictophonetic', 'phonetic': '昏', 'semantic': '女', 'hint': 'woman'}",女,婚礼: Serves as a noun representing a wedding ceremony.,婚礼在哪儿举行？,Where is the wedding to be?,你出席了我的婚礼。,You were at my wedding.,对不起，我毁了你的婚礼。,I'm sorry I ruined your wedding.
婚姻,hūn yīn,名,marriage; matrimony,5,⿰女昏,"{'type': 'pictophonetic', 'phonetic': '昏', 'semantic': '女', 'hint': 'woman'}",女,婚姻: Serves as a noun representing marriage or matrimony in a sentence.,有些人害怕婚姻。,Marriage frightens some people.,他的婚姻觀很畸形。,His view on marriage is abnormal.,能告诉我你的婚姻状况吗？,Can you tell me about your marital status?
活跃,huó yuè,形,brisk; dynamic; lively,5,⿰氵舌,"{'type': 'pictophonetic', 'phonetic': '舌', 'semantic': '氵', 'hint': 'water'}",氵,活跃: Used as an adjective to describe something lively or dynamic.,我母亲很活跃。,My mother is active.,玛丽没她姐妹活跃。,Mary isn't as active as her sister.,听说要来一个转校生之后，全班都乱哄哄地活跃起来。,"Hearing that a transfer student was coming, the class buzzed with excitement."
伙伴,huǒ bàn,名,partner; companion; colleague,5,⿰亻火,"{'type': 'pictophonetic', 'phonetic': '火', 'semantic': '亻', 'hint': 'person'}",亻,"伙伴: Used as a noun to refer to a partner, companion, or colleague.",我沒有伙伴。,I don't have a partner.,你想要伙伴吗？,Do you want some company?,我恐怕不是个很好的伙伴。,I'm afraid I wouldn't be very good company.
火柴,huǒ chái,名,match,5,⿻丷人,"{'type': 'pictographic', 'hint': 'Flames'}",火,"火柴: Noun for matches, used as subject or object in sentences.",您有火柴吗？,Do you have a match?,他劃了一根火柴。,He struck a match.,这收音机不比火柴盒大。,This radio is no bigger than a matchbox.
或许,huò xǔ,副,perhaps; maybe,5,⿹戈⿱口一,"{'type': 'ideographic', 'hint': 'To defend yourself 口 with a spear 戈; ""or else""'}",戈,或许: Placed before a verb to express possibility or uncertainty.,我或许可以修好它。,I might be able to fix that.,,,,
基本,jī běn,形,basic; fundamental,5,⿱其土,"{'type': 'pictophonetic', 'phonetic': '其', 'semantic': '土', 'hint': 'earth'}",土,基本: Placed before nouns to indicate basic or fundamental nature.,基本上吧。,Basically.,它是基本人权。,It's a basic human right.,你不懂基本逻辑吗？,Do you not understand basic logic?
激烈,jī liè,形,intense; sharp; fierce,5,⿰氵敫,"{'type': 'pictophonetic', 'phonetic': '敫', 'semantic': '氵', 'hint': 'water'}",氵,激烈: Placed after nouns to describe intense or fierce qualities.,我們激烈的討論了這個問題。,We had a heated discussion about it.,,,,
机器,jī qì,名,machine; engine; apparatus,5,⿰木几,"{'type': 'ideographic', 'hint': 'A table 几 made of wood 木; 几 also provides the pronunciation'}",木,"机器: As a noun, it represents machines or apparatus in sentences.",汤姆是机器人。,Tom is a robot.,那台机器还能用吗？,Is that machine still usable?,机器发了很多电。,The machine generated large amounts of electricity.
肌肉,jī ròu,名,muscle,5,⿰⺼几,"{'type': 'pictophonetic', 'phonetic': '几', 'semantic': '⺼', 'hint': 'flesh'}",⺼,"肌肉: A noun referring to muscle, used as the subject or object in sentences.",游泳锻炼肌肉。,Swimming develops your muscles.,他有明显的肌肉线条。,He's ripped.,海格力斯有強健的肌肉。,Hercules had strong muscles.
及格,jí gé,动,"pass (a test, examination etc)",5,⿻？又,{},又,及格: 动词，表示通过考试等。,我考试都及格.,I have passed all my exams.,我不想不及格。,I don't want to fail my exams.,他重考也没及格。,He also didn't pass the re-exam.
集合,jí hé,动,to gather,5,⿱隹木,"{'type': 'ideographic', 'hint': 'Birds 隹 flocking on a tree 木'}",隹,集合: Placed as a verb to indicate gathering of people or things.,集合地点是哪儿？,Where is the assembly point?,我们在哪里集合？,Where are we assembling?,函數 f 在集合 X 上為零。,The function f vanishes on the set X.
急忙,jí máng,副,in a hurry; in haste,5,⿱刍心,"{'type': 'pictophonetic', 'phonetic': '刍', 'semantic': '心', 'hint': 'heart'}",心,急忙: Placed before a verb to indicate doing something hurriedly.,我們急忙跑向火。,We hurried in the direction of the fire.,瑪麗急忙趕到醫院。,Mary hurried to the hospital.,他急忙出了办公室。,He rushed out of the office.
极其,jí qí,副,extremely,5,⿰木及,"{'type': 'pictophonetic', 'phonetic': '及', 'semantic': '木', 'hint': 'wood'}",木,极其: Placed before adjectives to intensify them.,他极其英俊。,He is tremendously handsome.,她说的极其快。,She spoke rapidly.,他是个极其自私自利的人。,He is a lump of selfishness.
集体,jí tǐ,名,collective; community; group,5,⿱隹木,"{'type': 'ideographic', 'hint': 'Birds 隹 flocking on a tree 木'}",隹,集体: Used as a noun to refer to a collective group or community.,日本人喜欢集体旅游。,The Japanese like to travel in groups.,,,,
急诊,jí zhěn,动,emergency call,5,⿱刍心,"{'type': 'pictophonetic', 'phonetic': '刍', 'semantic': '心', 'hint': 'heart'}",心,急诊: Used as a verb phrase indicating making an emergency call.,,He had a heart attack and immediately called emergency services.,,"If someone suddenly faints, we should call the emergency hotline.",,The hospital's emergency room was very busy last night.
集中,jí zhōng,动,to concentrate; focus; pay attention,5,⿱隹木,"{'type': 'ideographic', 'hint': 'Birds 隹 flocking on a tree 木'}",隹,集中: Placed as a verb to indicate focusing or concentrating on something.,让我们集中注意力。,Let's stay focused.,我现在非常集中的学习。,I'm studying very hard.,这些点都是病毒集中的地方。,All those dots are viral focuses.
系领带,jì lǐng dài,,tie a (neck)tie,5,⿱丿糸,"{'type': 'pictophonetic', 'semantic': '糸', 'hint': 'thread'}",糸,系领带: Verb phrase for tying a necktie.,汤姆不会系领带。,Tom doesn't know how to tie a tie.,我是不会系领带的。,I won't be wearing a tie.,,
纪录,jì lù,动,to record,5,⿰纟己,"{'type': 'pictophonetic', 'phonetic': '己', 'semantic': '纟', 'hint': 'thread'}",纟,纪录: Placed after verbs to indicate recording actions.,他破了世界纪录。,He broke the world record.,他录了一个纪录片给我。,He recorded a documentary and gave it to me.,CNN纪录片当中探究皇室最新成员在适应的时候他们是如何支持她的。,"In the documentary, CNN explores how the royal family has supported their latest member as she finds her feet."
记录,jì lù,动,take notes; keep the minutes,5,⿰讠己,"{'type': 'ideographic', 'hint': 'A private 己 note 讠; 己 also provides the pronunciation'}",讠,记录: 动词，表示记录或记载行为。,请把他所说的记录下来。,Please write down what he says.,我们调查了他的犯规记录。,We have investigated his criminal record.,她把每一样买了的东西都记录起来。,She keeps a record of everything she buys.
纪律,jì lǜ,名,discipline,5,⿰纟己,"{'type': 'pictophonetic', 'phonetic': '己', 'semantic': '纟', 'hint': 'thread'}",纟,纪律: Used as a noun to refer to rules and discipline in organizations or groups.,纪,en纪律在军队中非常重要。,zh,en学校有严格的纪律。,zh,en老师强调课堂上的纪律。
寂寞,jì mò,形,lonely; lonesome,5,⿱宀叔,"{'type': 'pictophonetic', 'phonetic': '叔', 'semantic': '宀', 'hint': 'roof'}",宀,寂寞: Used as an adjective to describe loneliness or solitude.,我很寂寞。,I'm very lonely.,我最近很寂寞。,I feel very lonely these days.,她的生活很寂寞。,She lived a lonely life.
纪念,jì niàn,动,commemorate,5,⿰纟己,"{'type': 'pictophonetic', 'phonetic': '己', 'semantic': '纟', 'hint': 'thread'}",纟,纪念: Placed after verbs to form phrases indicating commemoration activities.,你觉得她最想要什么纪念品？,What souvenir do you think she would like most?,这将是我环绕美国旅行中一个很好的纪念品。,This will be a good souvenir of my trip around the United States.,,
计算,jì suàn,动,count; compute; calculate,5,⿰讠十,"{'type': 'pictophonetic', 'phonetic': '十', 'semantic': '讠', 'hint': 'speech'}",讠,计算: Placed after subject to indicate counting or computing action.,他计算费用。,He calculated the expenses.,您会使用计算机吗？,Do you know how to use a computer?,Ania 对计算机很感兴趣。,Ania is interested in computers.
记忆,jì yì,名,recall; memory; storage,5,⿰讠己,"{'type': 'ideographic', 'hint': 'A private 己 note 讠; 己 also provides the pronunciation'}",讠,记忆: Serves as a noun representing recall or memory in sentences.,重复是记忆之母。,Repetition is the mother of memory.,草莓汁对记忆力有利。,Strawberry juice is good for the memory.,他的记忆力使我惊讶。,His memory amazes me.
嘉宾,jiā bīn,名,honoured guest,5,⿱壴加,"{'type': 'pictophonetic', 'phonetic': '加', 'semantic': '壴', 'hint': 'drum'}",口,嘉宾: Used before a noun to refer to an honoured guest.,嘉宾来了,The honored guest has arrived.,今天有一位嘉宾在我们的活动上发言。,There is an honored guest who will speak at our event today.,他是这次会议的特邀嘉宾。,He is a specially invited honored guest at this conference.
家庭,jiā tíng,名,family; household,5,⿱宀豕,"{'type': 'pictophonetic', 'phonetic': '豕', 'semantic': '宀', 'hint': 'roof'}",宀,家庭: Serves as a noun representing family or household in sentences.,我們是個家庭。,We're a family.,你的家庭有多大？,How large is your family?,他有个大家庭。,He has a big family.
家务,jiā wù,名,house work,5,⿱宀豕,"{'type': 'pictophonetic', 'phonetic': '豕', 'semantic': '宀', 'hint': 'roof'}",宀,"家务: A noun referring to household chores, often used as the subject or object in sentences.",我每天都帮我妈做家务。,I help my mother with the housework every day.,他主动帮他妈妈做家务。,He takes the initiative in helping his mother do the housework.,,
家乡,jiā xiāng,名,home town;native place,5,⿱宀豕,"{'type': 'pictophonetic', 'phonetic': '豕', 'semantic': '宀', 'hint': 'roof'}",宀,家乡: Placed after demonstratives or as subject/predicate to refer to one's hometown.,我的家乡非常漂亮。,My hometown is very pretty.,你回家乡去住多少天？,How many days are you going to be visiting your hometown?,我们第一次参观了他的家乡。,We visited his home country for the first time.
夹子,jiā zi,名,folder; tongs; clamp; clip,5,⿻夫丷,"{'type': 'ideographic', 'hint': 'A person 夫 stuck between two others 丷'}",一,"夹子: A noun referring to clips, tongs, or folders in various contexts.",夹子是一种有用的工具。,Pincers are a useful tool.,我用夹子固定纸张。,I use clips to hold papers together.,请把你的文件放进这个夹子里。,Please put your documents in this folder.
甲,jiǎ,名,shell; nail; first; the first of the ten Heavenly Stems,5,⿻冂？,{},田,甲: Used as a classifier or in specific contexts like Heavenly Stems.,我喜歡甲蟲。,I like beetles.,我的指甲断了。,I broke a nail.,不要再咬指甲了。,Stop biting your nails.
假如,jiǎ rú,连,if; supposing; in case,5,⿰亻叚,"{'type': 'ideographic', 'hint': 'A false 叚 person 亻; 叚 also provides the pronunciation'}",亻,假如: Placed at the beginning of a clause to introduce a conditional hypothesis.,假如你认识这张脸，请拨打110！,"If you recognize this person, call 110!",想象一下，假如你有一台时光机。,Imagine that you have a time machine.,假如你有1000美元，你会用它做什么呢？,"Suppose you had a thousand dollars, what would you do with it?"
假设,jiǎ shè,动,suppose; assume; presume,5,⿰亻叚,"{'type': 'ideographic', 'hint': 'A false 叚 person 亻; 叚 also provides the pronunciation'}",亻,假设: Placed at the beginning of a clause to introduce supposition.,这是个假设。,That's an assumption.,这只是个假设。,This is just a hypothesis.,让我们假设她在这里。,Let us suppose she is here.
假装,jiǎ zhuāng,动,to pretend; feign,5,⿰亻叚,"{'type': 'ideographic', 'hint': 'A false 叚 person 亻; 叚 also provides the pronunciation'}",亻,假装: Placed as a main verb to indicate pretending or feigning something.,假装你是我。,Pretend you're me.,她假装不在意。,She assumed an air of indifference.,他假装听不见。,He pretended not to be listening.
嫁,jià,动,marry; shift; transfer,5,⿰女家,"{'type': 'pictophonetic', 'phonetic': '家', 'semantic': '女', 'hint': 'woman'}",女,嫁: Placed as a verb indicating marriage or transfer.,嫁給我好嗎？,Will you marry me?,她一生未嫁。,She remained unmarried all her life.,她嫁给了他。,She married him.
驾驶,jià shǐ,动,drive; pilot; steer,5,⿱加马,"{'type': 'pictophonetic', 'phonetic': '加', 'semantic': '马', 'hint': 'horse'}",马,驾驶: Placed as a main verb indicating the action of driving or piloting.,他全速驾驶着。,He was driving the car at full speed.,他是个好驾驶员。,He's a good driver.,我在驾校学驾驶。,I'm learning to drive at a driving school.
价值,jià zhí,名,value; cost; worth,5,⿰亻介,"{'type': 'pictophonetic', 'phonetic': '介'}",亻,价值: Placed after measure words or as subject/predicate to discuss worth or cost.,这篇文章没有价值。,This article is of no value.,你知道恐惧的价值吗?,Do you know the value of fear?,那部电影有看的价值。,That movie is worth seeing.
肩膀,jiān bǎng,名,shoulder,5,⿸户⺼,"{'type': 'ideographic', 'hint': 'A man bringing home meat ⺼ for the family 户'}",⺼,"肩膀: A noun referring to the shoulder, used as a subject or object in sentences.",我肩膀痛。,My shoulder hurts.,他伤了肩膀。,He was wounded in the shoulder.,汤姆肩膀很宽。,Tom has very broad shoulders.
艰巨,jiān jù,形,arduous; formidable; onerous,5,⿰又艮,"{'type': 'pictophonetic', 'phonetic': '堇', 'semantic': '艮', 'hint': 'tough'}",又,艰巨: Placed after nouns to describe arduous tasks or formidable challenges.,我老板把艰巨的任务指派给了我。,My boss assigned the hard job to me.,我知道你们的所做的一切并不只是为了赢得选举，我也知道你们做这一切并不是为了我。你们这样做是因为你们明白前面的任务有多么艰巨。即便我们今晚欢呼庆祝，我们也知道明天将面临我们一生之中最艰难的挑战——两场战争、一个面临危险的星球，一个世纪以来最严重的金融危机。,"And I know you didn't do this just to win an election. And I know you didn't do it for me. You did it because you understand the enormity of the task that lies ahead. For even as we celebrate tonight, we know the challenges that tomorrow will bring are the greatest of our lifetime: two wars, a planet in peril, the worst financial crisis in a century.",,
坚决,jiān jué,形,firm; resolute; determined,5,⿱⿰？又土,{},土,坚决: Used before verbs to express firm determination or resoluteness.,坚决支持你,I firmly support you,他态度坚决,He is resolute in his attitude,我们要坚决反对,We must resolutely oppose it
艰苦,jiān kǔ,形,arduous; difficult; tough,5,⿰又艮,"{'type': 'pictophonetic', 'phonetic': '堇', 'semantic': '艮', 'hint': 'tough'}",又,艰苦: Used as an adjective to describe arduous conditions or experiences.,生活很艰苦。,Life has been very hard.,不管训练多么艰苦，她都没有哭过。,"No matter how hard the training was, she never cried.",这不公平！凭什么我必须做艰苦的工作。,It's not fair! I have to do the hard work!
坚强,jiān qiáng,形,strong; firm; staunch,5,⿱⿰？又土,{},土,坚强: Used as an adjective to describe someone or something being strong or firm.,我不够坚强。,I wasn't strong enough.,生活很困难，但我更坚强。,"Life is hard, but I am harder.",他很坚强，不会那么容易灰心。,"He won't be easily discouraged, because he's a tough guy."
兼职,jiān zhí,名,hold two or more posts concurrently; part-time job,5,⿱丷⿱彐⿰禾禾,"{'type': 'ideographic', 'hint': 'A hand holding two sheafs of grain 禾'}",丷,兼职: Used as a noun to refer to part-time work or concurrent positions.,她以前是兼职厨师，后来做了全职。,"She used to be a part time chef, then she became full time.",你做那份兼职工作最多能赚到八万日元。,"You can make up to 80,000 yen a month in that part-time job.",,
捡,jiǎn,动,to pick up; collect; to gather,5,⿰扌佥,"{'type': 'pictophonetic', 'phonetic': '佥', 'semantic': '扌', 'hint': 'hand'}",扌,捡: Placed after subject to indicate picking up or collecting objects.,谁捡到就归谁！,Finders keepers!,汤姆捡起了书。,Tom picked up the book.,我在海边捡了个漂亮贝壳。,I picked up a pretty shell at the seaside.
剪刀,jiǎn dāo,名,scissors; shears,5,⿱前刀,"{'type': 'pictophonetic', 'phonetic': '前', 'semantic': '刀', 'hint': 'knife'}",刀,剪刀: A noun representing scissors or shears in a sentence.,石头剪刀布！,"Rock-paper-scissors, shoot!",用剪刀剪图片。,Use scissors to cut out the pictures.,来玩石头剪刀布吧！,Let's play rock-paper-scissors!
简历,jiǎn lì,名,Curriculum Vitae (CV); résumé,5,⿱⺮间,"{'type': 'pictophonetic', 'phonetic': '间', 'semantic': '⺮', 'hint': 'bamboo'}",⺮,简历: Used as a noun to refer to a document summarizing one's education and work experience.,我根本不在乎我的简历。,I don't give a damn about my CV.,,,,
简直,jiǎn zhí,副,simply,5,⿱⺮间,"{'type': 'pictophonetic', 'phonetic': '间', 'semantic': '⺮', 'hint': 'bamboo'}",⺮,简直: Placed before adjectives to emphasize them.,你的想法简直无可挑剔。,Your idea leaves nothing to be desired.,萨米的表演简直是灾难。,Sami's show was a disaster.,有些人认为阅读简直浪费时间。,Some people think of reading as a waste of time.
建立,jiàn lì,动,build; set up; establish,5,⿺廴聿,"{'type': 'pictophonetic', 'phonetic': '聿', 'semantic': '廴', 'hint': 'action'}",廴,建立: Placed as a verb to indicate the action of setting up or establishing something.,他們建立了一個網站。,They created a website.,萨米建立了自己的队伍。,Sami formed his own team.,这是建立在猜测的基础上。,It is founded on supposition.
键盘,jiàn pán,名,keyboard,5,⿰钅建,"{'type': 'pictophonetic', 'phonetic': '建', 'semantic': '钅', 'hint': 'metal'}",钅,键盘: Used as a noun in sentences to refer to a keyboard device.,他用键盘作曲。,He creates melodies on his keyboard.,我的猫喜欢我的键盘。,My cat likes my keyboard.,,
建设,jiàn shè,动,to build; to construct; develop,5,⿺廴聿,"{'type': 'pictophonetic', 'phonetic': '聿', 'semantic': '廴', 'hint': 'action'}",廴,建设: Placed as a verb to indicate building or developing something.,你的想法很有建设性。,Your opinion is very constructive.,一座新的教学楼正在建设。,A new school building is under construction.,我需要去一趟中国建设银行。,I need to go to the China Construction Bank.
健身,jiàn shēn,动,keep fit,5,⿰亻建,"{'type': 'ideographic', 'hint': 'Someone 亻 who can build 建 things; 建 also provides the pronunciation'}",亻,健身: Used as a verb to express the action of keeping fit.,你今天去不去健身房？,Are you going to the gym today?,我去註冊一家健身房。,I'm going to register at a gym.,欣怡最近瘦好多喔，是去健身房還是失戀啊？,Hsin-yi got so much slimmer lately. Is it gym or heartbreak?
建筑,jiàn zhù,名,build; construct; erect,5,⿺廴聿,"{'type': 'pictophonetic', 'phonetic': '聿', 'semantic': '廴', 'hint': 'action'}",廴,建筑: Serves as a noun referring to construction or buildings.,汤姆是建筑师。,Tom was an architect.,他設計了新建筑。,He designed the new building.,那栋建筑是什么呢？,What's that building?
讲究,jiǎng jiu,动,be particular about; to pay attention to,5,⿰讠井,"{'type': 'pictophonetic', 'phonetic': '井', 'semantic': '讠', 'hint': 'speech'}",讠,讲究: Placed after nouns to indicate being particular about something.,他穿着上很不讲究。,He's very sloppy in his dress.,这家饭馆的餐具很讲究,This restaurant is particular about cutlery.,你看这两件做工要比那些讲究。,See how much more carefully made these are compared to those?
讲座,jiǎng zuò,名,series of lectures,5,⿰讠井,"{'type': 'pictophonetic', 'phonetic': '井', 'semantic': '讠', 'hint': 'speech'}",讠,讲座: Serves as a noun referring to a series of lectures in a sentence.,讲座八点钟开始。,The lecture starts at 8 o'clock.,做一次文学讲座。,Give a lecture on literature.,听讲座时，你应该保持安静。,"When listening to a lecture, you should be quiet."
酱油,jiàng yóu,名,soy sauce,5,⿱⿰丬夕酉,"{'type': 'pictophonetic', 'phonetic': '丬', 'semantic': '酉', 'hint': 'wine'}",酉,酱油: A noun representing soy sauce in a dish or statement.,把米饭和鸡蛋及酱油混一下。,Mix the rice and eggs with soy sauce.,,,,
浇,jiāo,动,sprinkle water on; irrigate; to water,5,⿰氵尧,"{'type': 'pictophonetic', 'phonetic': '尧', 'semantic': '氵', 'hint': 'water'}",氵,浇: Placed after subject to indicate watering an object.,父亲在浇花。,Father is watering flowers.,别忘记浇植物。,Remember to water the plants.,他们给果树浇水。,They water the fruit trees.
交换,jiāo huàn,动,swap; to exchange,5,⿱六乂,"{'type': 'ideographic', 'hint': 'A person with crossed (intersecting) legs'}",亠,交换: Placed after subjects to indicate swapping or exchanging objects.,我想用汉语交换另一种语言.,I'd like to teach you Chinese in exchange for your teaching me another language.,汤姆和玛丽在长凳上交换了位置。,Tom and Mary switched places on the bench.,双方在会谈中友好地交换了看法。,Both parties exchanged ideas cordially in the discussion.
交际,jiāo jì,动,communication; social intercourse,5,⿱六乂,"{'type': 'ideographic', 'hint': 'A person with crossed (intersecting) legs'}",亠,交际: Used as a noun for social interaction or communication.,汤姆交际广。,Tom knows a lot of people.,我可以做中英双向翻译，参加跟外国人交际谈判。,"I can translate between Chinese and English, and can participate in negotiations with foreigners.",把恋人从3D换成2D可以有效地降低交际所需的费用。,"By switching your lover from 3D to 2D, you may successfully reduce all social-interaction-related costs."
胶水,jiāo shuǐ,名,glue,5,⿰⺼交,"{'type': 'ideographic', 'hint': 'Tendons that connect 交 muscles ⺼; 交 also provides the pronunciation'}",⺼,胶水: A noun representing glue in a sentence as an object.,我需要胶水。,I need glue.,,,,
交往,jiāo wǎng,动,be in contact with; associate with,5,⿱六乂,"{'type': 'ideographic', 'hint': 'A person with crossed (intersecting) legs'}",亠,交往: Placed after subjects to indicate interacting with others.,我們交往了三箇月。,We've been going out three months.,你喜欢跟汤姆交往吗,Do you like hanging out with Tom?,我和她交往幾個月了。,I've been going out with her for months.
角度,jiǎo dù,名,angle; point of view,5,⿱⺈用,"{'type': 'pictographic', 'hint': 'A rhinoceros or other animal horn'}",角,角度: Placed after nouns indicating perspective or viewpoint on topics.,這個角度會過於狹窄。,The angle would be too narrow.,以我的角度来看，他是对的。,"The way I see it, he is right.",她對任何事都用錢的角度來看。,She thinks of everything in terms of money.
狡猾,jiǎo huá,形,sly; crafty; cunning,5,⿰犭交,"{'type': 'pictophonetic', 'phonetic': '交', 'semantic': '犭', 'hint': 'dog'}",犭,狡猾: Used as an adjective to describe someone as sly or cunning.,你真狡猾。,You are really crafty.,德国人很狡猾。,The Germans are very crafty.,人们说，狐狸比其他动物要狡猾。,People say that the fox is more cunning than other animals.
教材,jiào cái,名,teaching material,5,⿰孝攵,"{'type': 'pictophonetic', 'phonetic': '孝', 'semantic': '攵', 'hint': 'script'}",攵,教材: Serves as a noun referring to teaching materials in a sentence.,我们有必要为上这门课买本教材吗？,Will it be necessary for us to buy a book for this class?,,,,
教练,jiào liàn,名,train; drill; (sports) coach,5,⿰孝攵,"{'type': 'pictophonetic', 'phonetic': '孝', 'semantic': '攵', 'hint': 'script'}",攵,教练: Serves as a noun indicating a sports coach or trainer.,汤姆不是坏教练。,Tom isn't a bad coach.,汤姆的教练喜欢他。,Tom's coach likes him.,汤姆是个差劲的教练。,Tom was a bad coach.
教训,jiào xun,动/名,lesson; moral,5,⿰孝攵,"{'type': 'pictophonetic', 'phonetic': '孝', 'semantic': '攵', 'hint': 'script'}",攵,教训: Used as a noun to refer to a lesson learned from an experience.,记好了这教训。,Keep this lesson in mind.,汤姆会被他老爸教训的。,Tom will be scolded by his father.,你必须从失败中吸取教训。,You must learn from mistakes.
接触,jiē chù,动,come into contact with; to get in touch with; engage,5,⿰扌妾,"{'type': 'pictophonetic', 'phonetic': '妾', 'semantic': '扌', 'hint': 'hand'}",扌,接触: Placed after a subject to indicate coming into contact with something or someone.,这个活塞不接触汽缸盖。,The piston does not come into contact with the cylinder cover.,我沒接触過這箇球類遊戲。,It's a whole new ball game for me.,日本有必要和西方各国接触。,Japan needed contact with the Western countries.
接待,jiē dài,动,to receive (visitor); admit,5,⿰扌妾,"{'type': 'pictophonetic', 'phonetic': '妾', 'semantic': '扌', 'hint': 'hand'}",扌,接待: Placed after subject to indicate receiving or admitting someone.,这个家庭热情地接待了我。,The family received me very warmly.,汽车旅馆可以接待多达400名客人。,The motel can accommodate as many as 400 guests.,这次，虽然我的阅历更多但是没有人等着接待我。,"This time, although I'm more experienced, there's nobody waiting to meet me."
阶段,jiē duàn,名,section; stage; phase,5,⿰阝介,"{'type': 'pictophonetic', 'phonetic': '介', 'semantic': '阝', 'hint': 'hill'}",阝,阶段: Placed after numerals to specify a stage or phase number.,今天咱们团队还有一个阶段性任务没有完成。,There's a short-term task to be done for our team today.,癌症如果在第一阶段被发现的话是很容易治愈的。,Cancer can be cured easily if it is found in its first phase.,既然所有的任务都按时完成了，我们已经准备好开始下一阶段的开发了。,"Since all tasks have been completed without delay, we are ready to start the next phase of development."
接近,jiē jìn,动,be close to; to approach,5,⿰扌妾,"{'type': 'pictophonetic', 'phonetic': '妾', 'semantic': '扌', 'hint': 'hand'}",扌,接近: Placed before a noun to indicate being close to something.,不要接近我。,Keep away from me.,接近十二点了。,It is almost 12 o'clock.,总统很难接近。,The president is difficult to approach.
结实,jiē shi,形,solid; sturdy; durable,5,⿰纟吉,"{'type': 'pictophonetic', 'phonetic': '吉', 'semantic': '纟', 'hint': 'thread'}",纟,结实: Placed after a noun to describe it as solid or sturdy.,这种布既便宜又结实。,This kind of cloth is both cheap and sturdy.,加水，和成一个结实的面团。,Add water and mix to a firm dough.,,
结构,jié gòu,名,structure; composition; construction,5,⿰纟吉,"{'type': 'pictophonetic', 'phonetic': '吉', 'semantic': '纟', 'hint': 'thread'}",纟,结构: Serves as a noun indicating composition or construction in a sentence.,它好像是非结构性的。,It seems to be unstructured.,经理打算改良公司的结构。,The manager wants to improve the company's structuring.,红树林吸取二氧化碳比地球上其他树木都要多，因为它们具有很大的地下根部结构。,Mangroves sequester more carbon than any other trees on Earth because they have quite a large underground root structure.
结合,jié hé,动,to combine; unite; integrate,5,⿰纟吉,"{'type': 'pictophonetic', 'phonetic': '吉', 'semantic': '纟', 'hint': 'thread'}",纟,结合: Placed after subjects to indicate combination or integration with objects.,我们可能会将你的私人信息和其他信息结合在一起。,We may combine your personal information with other information.,,,,
结论,jié lùn,名,conclusion; verdict; epilogue,5,⿰纟吉,"{'type': 'pictophonetic', 'phonetic': '吉', 'semantic': '纟', 'hint': 'thread'}",纟,结论: Placed at the end of sentences to summarize or conclude.,你们怎么得出这个结论的？,How did you arrive at this conclusion?,你的结论具有高度争议性。,Your conclusion is highly arguable.,我们得出结论，这个计划目前是不可行的。,We have come to the conclusion that this plan is not feasible currently.
节省,jié shěng,动,to economise; save; use sparingly,5,⿱艹？,"{'type': 'ideographic', 'hint': 'Simplified form of 節; sections of bamboo ⺮'}",艹,节省: Placed as a verb to indicate economizing or saving resources.,电脑为我们节省了很多时间，解决了很多问题。,Computers save us a lot of time and trouble.,,,,
结账,jié zhàng,动,to pay the bill,5,⿰纟吉,"{'type': 'pictophonetic', 'phonetic': '吉', 'semantic': '纟', 'hint': 'thread'}",纟,结账: Used at the end of a service or meal to pay the bill.,结账,pay the bill,---,---,我们准备结账了。,We are ready to pay the bill.
戒,jiè,动,to give up or stop doing something,5,⿹戈廾,"{'type': 'ideographic', 'hint': 'Two hands 廾 brandishing a spear 戈'}",戈,戒: Placed before a verb to indicate giving up or stopping an action.,戒烟难。,It is difficult to give up smoking.,戒煙很難。,It is difficult to give up smoking.,你该戒烟。,You must quit smoking.
届,jiè,量,"fall due; [measure word for meetings, events, etc.]",5,⿸尸由,{},尸,届: Used as a measure word for meetings or events.,在上一届世界杯上，新西兰在比赛中被墨西哥淘汰。,"In the last World Cup, New Zealand was knocked out of the competition by Mexico.",,,,
借口,jiè kǒu,名,use as an excuse; on the pretext of,5,⿰亻昔,"{'type': 'pictophonetic', 'phonetic': '昔', 'semantic': '亻', 'hint': 'person'}",亻,借口: Used as a noun to refer to something used as an excuse.,我没有借口。,I have no excuse.,借口是没用的。,There is no use in making excuses.,汤姆的借口是什么？,What's Tom's excuse?
戒指,jiè zhi,名,ring [jewellry],5,⿹戈廾,"{'type': 'ideographic', 'hint': 'Two hands 廾 brandishing a spear 戈'}",戈,"戒指: A noun referring to a ring, typically used as a subject or object in sentences.",他们带着昂贵的戒指。,They are wearing expensive rings.,他半夜給了我一枚戒指。,He gave me a ring at midnight.,我会找到你丢失的戒指。,I will find you your lost ring.
金属,jīn shǔ,名,metal,5,⿱人⿻王丷,"{'type': 'pictographic', 'hint': 'A cast-iron bell'}",金,金属: Used as a noun to refer to metal in general or specific metallic substances.,铁是一种金属。,Iron is a metal.,酸性腐蚀了金属。,The acid ate into the metal.,硬币是金属做的。,Coins are made of metal.
紧急,jǐn jí,形,urgent; pressing,5,⿱⿰？又糸,"{'type': 'pictophonetic', 'semantic': '糸', 'hint': 'silk'}",糸,紧急: Used as an adjective before nouns to describe urgent situations.,紧急情况下，您可以联系我。,"If there's anything urgent, you can get in touch with me.",你告诉汤姆那是紧急情况了吗？,Did Tom tell you it was an emergency?,我收到汤姆的一条紧急消息。,I have an urgent message from Tom.
尽快,jǐn kuài,副,as quickly as possible,5,⿵尺⺀,{},尸,尽快: Placed before a verb to urge doing something as quickly as possible.,尽快来。,Come as soon as possible.,请尽快回来。,Please come back as soon as possible.,请尽快过来。,Please come as soon as possible.
谨慎,jǐn shèn,形,prudent; careful; cautious,5,⿰讠堇,"{'type': 'pictophonetic', 'phonetic': '堇', 'semantic': '讠', 'hint': 'speech'}",讠,谨慎: Used as an adjective before nouns to describe being prudent or cautious.,交友须谨慎。,You must be careful in choosing your friends.,汤姆非常谨慎。,Tom has been very careful.,我一生都谨慎行事。,I've been careful my whole life.
进步,jìn bù,动,progress,5,⿺辶井,"{'type': 'pictophonetic', 'phonetic': '井', 'semantic': '辶', 'hint': 'walk'}",辶,进步: Placed after subject to indicate making progress.,她中文有进步。,She is progressing in Chinese.,,,,
近代,jìn dài,名,modern times,5,⿺辶斤,"{'type': 'pictophonetic', 'phonetic': '斤', 'semantic': '辶', 'hint': 'walk'}",辶,近代: Placed before nouns to specify the period of modern times.,近代的历史很有趣。,The history of modern times is very interesting.,近现代的建筑风格与古代大不相同。,The architectural style of modern times is quite different from that of ancient times.,他研究了中国的近代文学作品。,He studied the works of Chinese literature from modern times.
进口,jìn kǒu,动,import; entrance; sail into a port,5,⿺辶井,"{'type': 'pictophonetic', 'phonetic': '井', 'semantic': '辶', 'hint': 'walk'}",辶,进口: Used as a verb to indicate importing goods or entering a port.,日本米市场禁止进口。,Japan's rice market is closed to imports.,日本的石油依靠进口。,Japan depends on other countries for oil.,他想要减少进口品的税。,He wanted to reduce the tax on imports.
尽力,jìn lì,动,to do all one can; try one's best,5,⿵尺⺀,{},尸,尽力: Placed after a verb to indicate doing one's best in an action.,尽力而为。,Mark your maximum efforts.,我们尽力了。,We've done everything possible.,我尽力奔跑。,I ran as fast as I could.
尽量,jìn liàng,副,to the best of one's ability; as far as possible,5,⿵尺⺀,{},尸,尽量: Placed before a verb to indicate doing something to the best of one's ability.,尽量别迷路。,Try not to get lost.,请尽量慢点说。,Please speak as slowly as possible.,我尽量不去想它。,I just try not to think about it.
经典,jīng diǎn,形,classics,5,⿰纟⿱？工,"{'type': 'pictophonetic', 'phonetic': '工', 'semantic': '纟', 'hint': 'thread'}",纟,经典: Used as a noun to refer to classic works or timeless standards.,经典这本书很有价值。,This classic book is very valuable.,我喜欢读经典文学作品。,I like reading classic works of literature.,这部电影改编自一部经典小说。,This movie is adapted from a classic novel.
精力,jīng lì,名,energy; vigour; vim,5,⿰米青,"{'type': 'pictophonetic', 'phonetic': '青', 'semantic': '米', 'hint': 'grain'}",米,精力: Placed after quantifiers or as a subject/predicate to discuss energy.,我小睡后就感到精力充沛。,"A little nap and, just like that, I'm as fresh as a daisy.",他不像从前那样精力充沛了。,He isn't as energetic as he once was.,他把全部精力放到实验中了。,All his energies were devoted to the experiment.
经商,jīng shāng,动,engage in trade; be in business,5,⿰纟⿱？工,"{'type': 'pictophonetic', 'phonetic': '工', 'semantic': '纟', 'hint': 'thread'}",纟,经商: Used as a verb to indicate engaging in business or trade activities.,经商是他的工作。,Being in business is his job.,他决定开始经商。,He decided to start doing business.,她不喜欢经商。,She doesn't like engaging in trade.
精神,jīng shén,名,essence; spirit,5,⿰米青,"{'type': 'pictophonetic', 'phonetic': '青', 'semantic': '米', 'hint': 'grain'}",米,精神: Functions as a noun representing essence or spirit in sentences.,他精神很好。,He was in good spirits.,真是精神可嘉！,That's the spirit!,變得更有精神了,I feel much better now.
经营,jīng yíng,动,manage; to operate; to run,5,⿰纟⿱？工,"{'type': 'pictophonetic', 'phonetic': '工', 'semantic': '纟', 'hint': 'thread'}",纟,经营: Placed after subjects to indicate managing or operating something.,我父亲经营外贸多年。,My father has been engaged in foreign trade for many years.,他的父母经营一家酒店。,His parents ran a hotel.,我们经营各种书籍，包括新的和旧的。,"We handle all type of books, both new and old."
酒吧,jiǔ bā,名,bar,5,⿰氵酉,"{'type': 'ideographic', 'hint': 'A jar 酉 of wine 氵; 酉 also provides the pronunciation'}",酉,酒吧: Serves as a noun representing a place where drinks are served.,瑪莉在喝紅酒吧？,"Mary is drinking red wine, isn't she?",他们在酒吧喝酒。,They're at the bar drinking.,所有老師都在酒吧。,All the teachers were in the pub.
救,jiù,动,to rescue; save,5,⿰求攵,"{'type': 'pictophonetic', 'phonetic': '求', 'semantic': '攵', 'hint': 'hand'}",攵,救: Placed as a verb to indicate the action of rescuing or saving someone/something.,救我！,Save me!,救命！,Help!,救命呀！,Help me!
救护车,jiù hù chē,名,ambulance,5,⿰求攵,"{'type': 'pictophonetic', 'phonetic': '求', 'semantic': '攵', 'hint': 'hand'}",攵,救护车: Used as a noun to refer to an ambulance in a sentence.,叫救护车。,Call an ambulance.,我们需要一辆救护车。,We need an ambulance.,挺住。救护车马上就来了。,Hang on. The ambulance will get here in just a little bit.
舅舅,jiù jiu,名,uncle [mother's brother],5,⿱臼男,"{'type': 'pictophonetic', 'phonetic': '臼', 'semantic': '男', 'hint': 'man'}",臼,舅舅: Noun referring to one's mother’s brother.,我们待在舅舅家。,We are staying at our uncle's.,我的舅舅在彈吉他。,My uncle is playing the guitar.,我们睡在我舅舅家。,We are spending the night at my uncle's house.
居然,jū rán,副,unexpectedly; to one's surprise,5,⿸户古,"{'type': 'pictophonetic', 'phonetic': '古', 'semantic': '户', 'hint': 'door'}",户,居然: Placed before a verb or clause to express surprise at an outcome.,我居然忘记了今天有课！,I completely forgot that there was class today!,都一天了，你居然還沒有開始！,How come you have not started yet after a day.,我没想到今天居然会哭的。,I never expected I would end up crying today.
桔子,jú zi,名,tangerine,5,⿰木吉,"{'type': 'pictophonetic', 'phonetic': '吉', 'semantic': '木', 'hint': 'tree'}",木,"桔子: Noun indicating a tangerine, used as an object in sentences.",桔子很好吃。,Tangerines are very tasty.,我喜欢吃桔子。,I like eating tangerines.,桌子上有一个桔子。,There is a tangerine on the table.
具备,jù bèi,动,possess; have; be provided with,5,⿱目⿱一八,"{'type': 'ideographic', 'hint': 'Two hands 八 writing on a tablet 目'}",八,具备: Placed before nouns to indicate possession of qualities or abilities.,孩子学钢琴要具备哪些条件？,What are the prerequisites for a child to learn the piano?,我认为，你已经完全具备了潜伏的资质。,I believe you already possess all the qualities needed to go undercover.,独立的句子和文章中的句子的区别在于后者具备上下文。,The difference between a standalone sentence and a sentence in the middle of an essay is that the latter has context.
巨大,jù dà,形,huge; enormous; gigantic,5,⿷匚？,"{'type': 'ideographic', 'hint': ""A hand holding a large carpenter's square 工""}",匚,巨大: Placed after nouns to describe their size as huge or enormous.,壓力很巨大。,The pressure was tremendous.,木星相當巨大。,Jupiter is quite huge.,木星非常巨大。,Jupiter is very huge.
俱乐部,jù lè bù,名,club,5,⿰亻具,"{'type': 'pictophonetic', 'phonetic': '具', 'semantic': '亻', 'hint': 'person'}",亻,俱乐部: Serves as a noun representing an organization or place for shared interests.,欢迎来到俱乐部。,Welcome to the club.,您隶属哪家俱乐部吗？,Do you belong to any clubs?,他们选他做俱乐部主席。,They made him the chairman of a club.
据说,jù shuō,动,it is said; they say; allegedly,5,⿰扌居,"{'type': 'pictophonetic', 'phonetic': '居', 'semantic': '扌', 'hint': 'hand'}",扌,据说: Placed at the beginning of a sentence to introduce reported information.,据说他很有钱。,He is said to be rich.,据说汤姆感冒了。,It is said that Tom has a cold.,据说他还在巴黎。,He is said to still be in Paris.
具体,jù tǐ,形,concrete; specific; particular,5,⿱目⿱一八,"{'type': 'ideographic', 'hint': 'Two hands 八 writing on a tablet 目'}",八,具体: Placed after an adjective to specify concretely.,可以更具体些吗？,Can you be more specific?,你具体需要些什么？,What do you need exactly?,想法被具体化了。,The idea was brought into shape.
捐,juān,动,relinquish; contribute; donate,5,⿰扌肙,"{'type': 'pictophonetic', 'phonetic': '肙', 'semantic': '扌', 'hint': 'hand'}",扌,捐: Placed after verbs to indicate donating something.,你捐過血嗎？,Have you ever donated blood?,汤姆时常捐钱。,Tom regularly donates money to charity.,接受现金捐赠。,Cash donations will be accepted.
绝对,jué duì,副,absolutely; perfectly,5,⿰纟色,"{'type': 'pictophonetic', 'phonetic': '色', 'semantic': '纟', 'hint': 'thread'}",纟,绝对: Placed before verbs/adjectives to emphasize absoluteness.,你绝对肯定吗？,Are you absolutely sure?,绝对不可能。,It's out of the question.,绝对将要下雨。,It'll definitely rain.
决赛,jué sài,名,finals [of a competition],5,⿰冫夬,{},冫,决赛: Placed as a noun in sentences referring to final competitions.,令人遗憾的是，他并没有在决赛发挥他的最佳水平。,The regrettable thing is that he didn't even play at his highest level in the finals.,,,,
角色,jué sè,名,role; part,5,⿱⺈用,"{'type': 'pictographic', 'hint': 'A rhinoceros or other animal horn'}",角,"角色: Indicates a part or role in a play or society, used as a noun in sentences.",你最喜欢的动漫角色是谁？,What's your favorite anime character?,胎盘的角色是滋养胎儿。,The role of the placenta is to nourish the foetus.,他扮演哈姆雷特的角色。,He played the part of Hamlet.
决心,jué xīn,名,determination; resolution,5,⿰冫夬,{},冫,决心: Used as a noun to express determination or resolution in a sentence.,他决心去英国。,He is determined to go to England.,他决心要当医生。,He made a determination to be a doctor.,我们决心保卫祖国。,We are determined to protect the motherland.
军事,jūn shì,名,military affairs,5,⿱冖车,"{'type': 'ideographic', 'hint': 'Soldiers 冖 (distorted 力) in a cart 车'}",车,军事: Used as a noun to refer to military affairs in a sentence.,这个国家的军事力量很先进。,The military power of this country is very advanced.,,,,
均匀,jūn yún,形,even; well-distributed; equality,5,⿰土匀,"{'type': 'pictophonetic', 'phonetic': '匀', 'semantic': '土', 'hint': 'earth'}",土,均匀: Placed after nouns to describe even distribution or equality.,均匀的雨滴落在大地上。,Even raindrops fall on the ground.,zh,en,糖应该均匀地撒在蛋糕上。,Sugar should be evenly sprinkled over the cake.
卡车,kǎ chē,名,lorry; truck,5,⿱上卜,"{'type': 'ideographic', 'hint': 'A card squeezed between 上 and 下'}",卜,卡车: Serves as a noun representing a lorry or truck in sentences.,我差点被卡车撞到。,I almost got hit by a truck.,多么大的一辆卡车啊！,What a big truck!,卡车差一点撞到我。,The truck almost hit me.
开发,kāi fā,动,develop; open up; exploit,5,⿱一廾,"{'type': 'ideographic', 'hint': 'Simplified form of 開; hands 廾 lifting the latch 一 of a door'}",廾,开发: Placed after subjects to indicate development or exploitation actions.,我正在开发一个安卓应用。,I'm developing an Android application.,为了长期利益，我们决定把开发部门卖掉。,"For the sake of long-term interests, we have decided to sell the development department.",本来以为是开发板给我弄坏了，原来是电源线接触不良。,"At first I thought the development board was up the spout, but it was just a loose connection."
开放,kāi fàng,动/形,lift a restriction; open up (to the outside world/ public etc.),5,⿱一廾,"{'type': 'ideographic', 'hint': 'Simplified form of 開; hands 廾 lifting the latch 一 of a door'}",廾,开放: 动词，表示放宽限制或对外开放。,它已经开放了。,It's already open.,展览现在已经开放。,The exhibition is now open.,华盛顿的樱花现在开放。,Cherry trees are now in bloom in Washington.
开幕式,kāi mù shì,名,inauguration; opening ceremony,5,⿱一廾,"{'type': 'ideographic', 'hint': 'Simplified form of 開; hands 廾 lifting the latch 一 of a door'}",廾,开幕式: Serves as a noun indicating an inauguration or opening ceremony in a sentence.,我错过了奥运会的开幕式。,I missed the opening ceremony of the Olympics.,,,,
开水,kāi shuǐ,名,boiling water,5,⿱一廾,"{'type': 'ideographic', 'hint': 'Simplified form of 開; hands 廾 lifting the latch 一 of a door'}",廾,"开水: Noun referring to boiling water, used directly in sentences without modifiers.",阿姨，您别客气，喝杯开水就行。,"No need to trouble yourself, Auntie. A glass of boiled water will be plenty.",,,,
砍,kǎn,动,cut; chop; hack,5,⿰石欠,"{'type': 'pictophonetic', 'phonetic': '欠', 'semantic': '石', 'hint': 'stone'}",石,砍: Placed as a verb to indicate cutting or chopping actions.,他砍倒樹。,He felled the tree.,很多树被砍倒。,A lot of trees were cut down.,她很善于砍价。,She's good at bargaining the price down.
看不起,kàn bu qǐ,动,look down upon; scorn; disdain,5,⿱手目,"{'type': 'ideographic', 'hint': ""Shielding one's eyes 目 with a hand 手 to look to the distance""}",目,看不起: Placed after a subject to express disdain towards an object/person.,她看不起我。,She despises me.,她看不起他。,She despised him.,你看不起尼克对吧？,"You despise Nick, don't you?"
看望,kàn wàng,动,call on; visit,5,⿱手目,"{'type': 'ideographic', 'hint': ""Shielding one's eyes 目 with a hand 手 to look to the distance""}",目,看望: Placed after a subject to indicate visiting someone.,我去那里看望她。,I went there to see her.,我來看望我的父親。,I came to see my father.,汤姆想来看望我们。,Tom wants to see us.
靠,kào,动,lean on,5,⿱告非,"{'type': 'pictophonetic', 'phonetic': '告', 'semantic': '非', 'hint': 'people back-to-back'}",非,靠: Placed after a preposition indicating action of leaning on something.,靠！,Fuck!,薩米靠近。,Sami was getting closer.,他在靠近。,He's coming closer.
颗,kē,量,grain; [measure word for anything small and roundish],5,⿰果页,"{'type': 'pictophonetic', 'phonetic': '页', 'semantic': '果', 'hint': 'grain'}",页,颗: Placed before nouns indicating small round objects as a measure word.,好大一颗钻。,The demand is huge.,,,,
可见,kě jiàn,连,it is thus clear that; visible; visual,5,⿻丁口,"{'type': 'pictophonetic', 'semantic': '丁', 'hint': 'vigorous', 'phonetic': '口'}",口,可见: Placed at the beginning of a clause to introduce a clear conclusion.,肉眼可见。,It is visible to the naked eye.,他家后面有小溪，清可见底。,Behind his house is a stream so clear that you can see the bottom of it.,,
可靠,kě kào,形,reliable; dependable; trustworthy,5,⿻丁口,"{'type': 'pictophonetic', 'semantic': '丁', 'hint': 'vigorous', 'phonetic': '口'}",口,可靠: Placed after a noun to describe it as reliable or dependable.,你很可靠。,You're reliable.,他們不可靠。,They're unreliable.,那篇報導不可靠。,The report is not to be depended upon.
可怕,kě pà,形,frightening; dreadful,5,⿻丁口,"{'type': 'pictophonetic', 'semantic': '丁', 'hint': 'vigorous', 'phonetic': '口'}",口,可怕: Used as an adjective to describe something frightening or dreadful.,好可怕！,How scary!,太可怕了。,How awful!,这真可怕。,This is really terrible.
克,kè,量,gram,5,⿱十兄,"{'type': 'ideographic', 'hint': 'A weapon 十 used to subdue a beast 兄'}",儿,克: Used as a measure word for small objects or abstract concepts.,你好嗎，邁克？,"How are you, Mike?",早安，邁克。,"Good morning, Mike.",我叫傑克。,My name is Jack.
课程,kè chéng,名,curriculum; course,5,⿰讠果,"{'type': 'pictophonetic', 'phonetic': '果', 'semantic': '讠', 'hint': 'speech'}",讠,课程: Serves as a noun representing a curriculum or course in a sentence.,课程下周开始。,Classes begin next week.,她在夜校上自卫术课程。,She took night classes in the art of self-defense.,所以你也打算选这门课程啊！,So you're planning to follow this course as well!
克服,kè fú,动,overcome; conquer; endure,5,⿱十兄,"{'type': 'ideographic', 'hint': 'A weapon 十 used to subdue a beast 兄'}",儿,克服: Placed after subject to indicate overcoming or enduring something.,克服弱点。,Overcome weakness.,你必须克服困难。,You have to overcome the difficulties.,他们可以克服恐惧。,They can overcome their fear.
客观,kè guān,形,objective,5,⿱宀各,"{'type': 'ideographic', 'hint': ""A person 各 welcomed under one's roof 宀; 各 also provides the pronunciation""}",宀,客观: Used as an adjective before nouns to describe objectivity.,客观的历史存在吗？,Does objective history exist?,要小心那些说自己客观的人。,Beware of anyone who claims objectivity.,当事情发生在自己身上时，就无法客观冷静地处理。,It's hard to stay objective and calm when it happens to you.
刻苦,kè kǔ,形,assiduous; hardworking; painstaking,5,⿰亥刂,"{'type': 'pictophonetic', 'phonetic': '亥', 'semantic': '刂', 'hint': 'knife'}",刂,刻苦: Used as an adjective to describe someone who is assiduous or hardworking.,她比您更刻苦。,She's even more hardworking than you are.,他比您更刻苦。,He's even more hardworking than you are.,,
空间,kōng jiān,名,space; enclosure,5,⿱穴工,"{'type': 'pictophonetic', 'phonetic': '工', 'semantic': '穴', 'hint': 'cave'}",穴,空间: Placed as a noun representing space or enclosed area in a sentence.,你去过外层空间吗？,Have you ever been to outer space?,行与行之间多留些空间。,Leave more space between the lines.,,
空闲,kòng xián,形,free time; spare time,5,⿱穴工,"{'type': 'pictophonetic', 'phonetic': '工', 'semantic': '穴', 'hint': 'cave'}",穴,空闲: Used as an adjective before nouns indicating available time.,你空闲时间喜欢做什么？,What do you like to do in your free time?,您空闲时间喜欢做什么？,What do you like to do in your free time?,她利用空闲时间做布娃娃。,She spends her leisure time making dolls.
控制,kòng zhì,动,control; regulate,5,⿰扌空,"{'type': 'pictophonetic', 'phonetic': '空', 'semantic': '扌', 'hint': 'hand'}",扌,控制: Placed as a verb to indicate exercising power over something or someone.,控制住自己！,Control yourself!,控制住她。,Control her.,控制住自己。,Control yourselves.
口味,kǒu wèi,名,flavour/taste,5,⿱冂一,"{'type': 'pictographic', 'hint': 'An open mouth'}",口,口味: Placed after a noun to describe its taste or flavor.,我的口味变重了。,My taste has gotten heavier.,這個酸奶是什麼口味的？,What flavour does this yoghurt have?,按口味加鹽和胡椒粉。,Add salt and pepper to taste.
夸,kuā,动,exaggerate; boast,5,⿱大亏,"{'type': 'pictophonetic', 'phonetic': '亏', 'semantic': '大', 'hint': 'great'}",大,夸: Placed after a subject to indicate boasting about something.,避免太夸张。,Try to avoid overdoing it.,不要再夸张了。,Don't exaggerate.,我就当你夸我了。,I'll take that as a compliment.
夸张,kuā zhāng,形,to exaggerate,5,⿱大亏,"{'type': 'pictophonetic', 'phonetic': '亏', 'semantic': '大', 'hint': 'great'}",大,夸张: Used as an adjective to describe something exaggerated.,避免太夸张。,Try to avoid overdoing it.,不要再夸张了。,Don't exaggerate.,现在你别夸张了。,Don't exaggerate now.
会计,kuài jì,名,accountancy,5,⿱人云,"{'type': 'ideographic', 'hint': 'People 人 speaking 云'}",人,会计: Serves as a noun referring to accountancy or an accountant in sentences.,你懂会计吗？,Do you know accounting?,我是个会计师。,I'm an accountant.,汤姆是个会计师。,Tom is an accountant.
宽,kuān,形,wide,5,⿱宀苋,"{'type': 'pictophonetic', 'phonetic': '苋', 'semantic': '宀', 'hint': 'roof'}",宀,宽: Placed before nouns to describe width.,有多宽？,How wide is it?,海非常宽。,The sea is very wide.,汤姆肩膀很宽。,Tom has very broad shoulders.
昆虫,kūn chóng,名,insect,5,⿱日比,"{'type': 'ideographic', 'hint': 'Two brothers 比 under the son 日'}",日,昆虫: Serves as a noun referring to insects in a sentence.,谁喜欢昆虫？,Who likes insects?,你吃过昆虫吗？,Have you ever eaten insects?,这种昆虫在英语中叫什么？,What do you call this insect in English?
扩大,kuò dà,动,to expand,5,⿰扌广,"{'type': 'pictophonetic', 'phonetic': '扌', 'semantic': '广', 'hint': 'wide'}",扌,扩大的位置在句子中作为动词，表示扩大动作。,他试图扩大自己的势力范围。,He tried to enlarge his sphere of influence.,最近，来自亚洲各国的进口额不断扩大。,The imports from Asian countries have expanded recently.,,
辣椒,là jiāo,名,chilli,5,⿰辛束,"{'type': 'pictophonetic', 'phonetic': '束', 'semantic': '辛', 'hint': 'bitter'}",辛,"辣椒: A noun representing chilli, used as a subject or object in sentences.",您吃不吃辣椒？,Do you want pepper on it?,瑪麗的包裡有辣椒噴霧。,Mary carries pepper spray in her purse.,辣椒是我最喜歡的香料之一。,Capsicum is one of my favorite spices.
拦,lán,动,bar; block; hinder,5,⿰扌兰,"{'type': 'pictophonetic', 'phonetic': '兰', 'semantic': '扌', 'hint': 'hand'}",扌,拦: Placed before a verb to indicate blocking or hindering an action.,警察拦下了丹的车，进行了检查。,Police stopped Dan's car and searched it.,,,,
烂,làn,形,mashed; mushy; sodden,5,⿰火兰,"{'type': 'pictophonetic', 'phonetic': '兰', 'semantic': '火', 'hint': 'fire'}",火,烂: Placed after nouns to describe a state of being mashed or sodden.,烂泥扶不上墙。,You can't raise a cat to be a dog.,我的法语很烂。,My French is crappy.,,
朗读,lǎng dú,动,read aloud; read loudly and clearly,5,⿰良月,"{'type': 'pictophonetic', 'phonetic': '良', 'semantic': '月', 'hint': 'moon'}",月,朗读: 动词，表示大声清晰地阅读。,朗读,lǎng dú,他每天早上朗读英语。,He reads English aloud every morning.,老师让同学们朗读课文。,The teacher asks the students to read the text aloud.
劳动,láo dòng,动,labour; bother,5,⿱艹⿱冖力,"{'type': 'ideographic', 'hint': 'A man lifting 力 a load 冖 of grass 艹'}",力,劳动: Used as a noun or verb to refer to work or labour.,他不爱劳动。,He is not one for hard work.,吉姆怕了体力劳动了。,Jim was afraid of physical labor.,他对自己的劳动成果很满意。,He was satisfied with the work he had done.
劳驾,láo jià,动,excuse me,5,⿱艹⿱冖力,"{'type': 'ideographic', 'hint': 'A man lifting 力 a load 冖 of grass 艹'}",力,劳驾: Used at the beginning of a request or to seek attention politely.,劳驾，来一杯咖啡。,Could I have a cup of coffee?,可否劳驾你帮我个忙？,Could you please do me a favor?,,
老百姓,lǎo bǎi xìng,名,common people; civilians,5,⿱耂匕,"{'type': 'pictographic', 'hint': 'A person bent over with long hair 匕 and a crutch; compare 耂'}",老,老百姓: Used as a noun referring to common people or civilians in a sentence.,許多老百姓加入了軍隊。,A great number of citizens went into the army.,自古至今，容忍的总是老百姓，被容忍的总是统治者。,"Since ancient times, it has always been the commoners who tolerate their ruler.",听那些只看CCAV的老百姓进行全球经济的个人分析一直是很有趣的。,Listening to the personal analysis about global economy made by people who watch only CCAV has always been kinda funny.
老板,lǎo bǎn,名,boss; proprietor; shopkeeper,5,⿱耂匕,"{'type': 'pictographic', 'hint': 'A person bent over with long hair 匕 and a crutch; compare 耂'}",老,老板: Used as a noun to refer to a boss or business owner.,老板就是我。,I'm the boss.,老板在那里吗？,The boss is there?,我要叫你“老板”。,I'll call you my boss.
姥姥,lǎo lao,名,grandmother [mother's mother],5,⿰女老,"{'type': 'ideographic', 'hint': 'An older 老 woman 女; 老 also provides the pronunciation'}",女,姥姥: Noun referring to one's maternal grandmother.,我姥姥只喝了点儿汤。,My grandma just drank a bit of soup.,我在黑暗的巷子中絆倒，膝蓋砸在柏油路上。一塊木板蓋著巷弄的房屋之間的電線。深夜的巷弄非常之暗。我的眼鏡從眼睛上掉了下來。幸好有一位帶著手電筒的廣東工人幫忙。我的膝蓋只是擦破了皮。我想起另一次膝蓋摔傷是在菲律賓奎松市的唐荷西高地。那裡有一大片火星般的紅土地，遍地長滿了「塔拉希布」草。有時工人會故意縱火燒草。我和哥哥當時還在外面玩。那時我們還未到青春期。在燃燒的野草旁，我摔倒了，膝蓋著地。我的貝貝姥姥憤怒不已。家裡的女傭在車庫後面的大磁磚水槽裡幫我清洗了雙腿。,"I tripped in the alleyway in the darkness, as I crashed my knees on the asphalt. There was a wooden board that covered a wire between houses across the alleyway. It was very dark there at night. My eyeglasses fell off my face. Luckily, a Cantonese labourer with a flashlight helped me. My knees just got scraped. I remember another time when I crashed on my knees. It was at Don José Heights in Quezon City in the Philippines. There was a vastness of Martianesque red soil, wherein the ""talahib"" grass grew. Sometimes, workers intentionally set the grass on fire. My brother and I were still playing, even then, outside. We were still prepubescent. Near burning grass, I stumbled on my knees. My grandmother, Lola Bebe, was so angry. A maid washed my legs in the big tiled sink behind the garage.",,
老婆,lǎo po,名,wife [colloquial],5,⿱耂匕,"{'type': 'pictographic', 'hint': 'A person bent over with long hair 匕 and a crutch; compare 耂'}",老,老婆: Used as a noun to refer to one's wife colloquially.,他老婆。,His wife.,她是我老婆。,She's my wife.,他怕他老婆。,He was afraid of his wife.
老实,lǎo shi,形,honest; frank,5,⿱耂匕,"{'type': 'pictographic', 'hint': 'A person bent over with long hair 匕 and a crutch; compare 耂'}",老,老实: Used as an adjective before nouns to describe honesty or frankness.,我是个老实人。,I'm an honest person.,我觉得她很老实。,I think that she's honest.,老实说，他被炒了。,"Not to mince words, he got fired."
老鼠,lǎo shǔ,名,mouse; rat,5,⿱耂匕,"{'type': 'pictographic', 'hint': 'A person bent over with long hair 匕 and a crutch; compare 耂'}",老,老鼠: Serves as a noun representing a mouse or rat in a sentence.,猫吃了老鼠。,The cat ate the rat.,猫会抓老鼠。,Cats can catch mice.,桌子下有老鼠。,There is a mouse under the table.
乐观,lè guān,形,optimistic,5,⿻⿱丿？小,"{'type': 'ideographic', 'hint': 'Simplified form of 樂, a musical instrument with wood 木, strings 幺, and a pick 白'}",丿,乐观: Used as an adjective to describe someone being optimistic.,汤姆不会乐观。,Tom won't be optimistic.,我肯定汤姆会乐观。,I'm sure Tom will be optimistic.,我没有你那么乐观。,I am not as optimistic as you are.
雷,léi,名,thunder,5,⿱雨田,"{'type': 'ideographic', 'hint': 'A storm 雨 over the fields 田'}",雨,雷: Used as a noun to denote thunder in a sentence.,电闪雷鸣。,There is lightning.,我被雷劈了。,I was struck by lightning.,树高遭雷击。,"The taller the tree, the more likely it is to be struck by lightning."
类型,lèi xíng,名,type,5,⿱米大,{},大,类型: Placed after adjectives or nouns to specify its kind or category.,你做什么类型的工作？,What sort of work do you do?,你想看哪种类型的电影？,What kind of movie do you want to watch?,你喜欢哪种类型的音乐？,What genres of music are you into?
冷淡,lěng dàn,形,treat coldly; give the cold shoulder to,5,⿰冫令,"{'type': 'pictophonetic', 'phonetic': '令', 'semantic': '冫', 'hint': 'ice'}",冫,冷淡: Used as an adjective to describe cold treatment or attitude.,我对她很冷淡。,I was very cold towards her.,很多日本人對政治冷淡。,Lots of people in Japan are indifferent to politics.,據說日本人對認識的人親切，對不認識的人卻是十分冷淡。,"It is said that Japanese people are kind to people they know, but rather cold to those they don't."
梨,lí,名,pear,5,⿱利木,"{'type': 'pictophonetic', 'phonetic': '利', 'semantic': '木', 'hint': 'tree'}",木,梨: A noun representing a pear in a sentence as a subject or object.,我吃一個梨。,I'll have a pear.,雪梨離這裡很遠。,Sydney is far from here.,這是只梨，不是蘋果。,"This is a pear, not an apple."
离婚,lí hūn,动,divorce,5,⿱⿱亠凶禸,"{'type': 'pictographic', 'hint': 'An animal standing straight; 亠 is the head'}",禸,离婚: Used as a verb to indicate the action of getting divorced.,我离婚了。,I am divorced.,她打算离婚。,She intends to get divorced.,汤姆离婚了。,Tom was divorced.
厘米,lí mǐ,量,centimetre,5,⿸厂里,"{'type': 'pictophonetic', 'phonetic': '里', 'semantic': '厂', 'hint': 'workshop'}",厂,厘米: Placed after a number to indicate centimeters.,我的哥哥比我大两岁，但他却比我矮三厘米。,"My brother is two years older than I, but he is three centimeters shorter.",,,,
理论,lǐ lùn,名,theory,5,⿰王里,"{'type': 'pictophonetic', 'phonetic': '里', 'semantic': '王', 'hint': 'king'}",王,理论: Serves as a noun representing a theory or doctrine in a sentence.,理论得联系实际。,Theory and practice should go hand in hand.,他的理论很难懂。,It is difficult to understand his theory.,我不想听你的理论。,I don't want to hear your theories.
理由,lǐ yóu,名,reason; justification,5,⿰王里,"{'type': 'pictophonetic', 'phonetic': '里', 'semantic': '王', 'hint': 'king'}",王,理由: Serves as a noun representing the reason or justification for something.,你没理由生气。,You didn't have any reasons to be angry.,沒有理由生氣。,There's no reason to get angry.,沒有理由害怕。,There's no reason to be afraid.
立即,lì jí,副,immediately; at once; promptly,5,⿳亠丷一,"{'type': 'pictographic', 'hint': 'A man standing on the ground 一'}",立,立即: Placed before a verb to indicate immediate action.,立即走！,Go now!,立即儲存！,Save now!,立即開始。,Begin now.
立刻,lì kè,副,immediately; at once; right away,5,⿳亠丷一,"{'type': 'pictographic', 'hint': 'A man standing on the ground 一'}",立,立刻: Placed before a verb to indicate immediate action.,請立刻回來。,Please come back at once.,我會立刻開始。,I'll get started right away.,他想立刻结婚。,He wants to get married right away.
力量,lì liang,名,physical strength; power,5,⿻丿？,"{'type': 'ideographic', 'hint': ""A plow's head representing strength""}",力,力量: A noun representing physical strength or power in a sentence.,信息就是力量。,Information is power.,知识就是力量。,Knowledge is power.,知識就是力量。,Knowledge is power.
利润,lì rùn,名,profit,5,⿰禾刂,"{'type': 'ideographic', 'hint': 'Harvesting 刂 grain 禾'}",刂,利润: Placed after quantifiers or as subject/predicate in sentences discussing profit.,旅行社的利润猛涨。,Travel agencies' profits soared.,这不过是他在谈判最后时刻尽可能最大化利润的尝试。,"It's just an attempt on his part to maximize profits, as much as possible, in the last moments of negotiations.",,
利息,lì xī,名,interest rate,5,⿰禾刂,"{'type': 'ideographic', 'hint': 'Harvesting 刂 grain 禾'}",刂,利息: Placed after quantifiers to refer to interest rate amount.,我本金和利息都沒了。,I have lost both principal and interest.,我存在銀行的錢利息非常低。,The money I have in the bank earns very low interest.,银行对风险客户收取较高的贷款利息。,Banks charge higher interest on loans to risky customers.
利益,lì yì,名,gain; benefit; profit,5,⿰禾刂,"{'type': 'ideographic', 'hint': 'Harvesting 刂 grain 禾'}",刂,利益: Placed after verbs indicating actions that yield benefits.,商人們只看中利益。,Merchants only look at the profits.,他只顾自己的利益。,All he thinks about is himself.,他为自己的利益行事。,He is acting on his own behalf.
利用,lì yòng,动,make use of; take advantage of,5,⿰禾刂,"{'type': 'ideographic', 'hint': 'Harvesting 刂 grain 禾'}",刂,利用: Placed before a noun to indicate using something for a purpose.,湯姆在利用你。,Tom is taking advantage of you.,我不想被利用。,I don't want to be used.,她利用了我的无知。,She took advantage of my ignorance.
联合,lián hé,动,alliance; union,5,⿰耳关,"{'type': 'pictophonetic', 'phonetic': '关', 'semantic': '耳', 'hint': 'ear'}",耳,联合: Used as a verb to indicate alliance or union between subjects.,全世界无产者，联合起来！,"Workers of the world, unite!",不是所有国家都加入了联合国。,Not every country belongs to the U.N.,卡尔马克思说了：“全世界无产者，联合起来！”,"Karl Marx said: ""Workers of the world, unite!"""
连忙,lián máng,副,promptly; immediately; instantly,5,⿺辶车,"{'type': 'ideographic', 'hint': 'A cart 车 moving 辶 goods between cities'}",辶,连忙: Placed before a verb to indicate doing something promptly.,zh,en,妈妈病了，我连忙给她送药。,"My mom is sick, I hurry to give her medicine.",zh,en
连续,lián xù,形,continuous,5,⿺辶车,"{'type': 'ideographic', 'hint': 'A cart 车 moving 辶 goods between cities'}",辶,连续: Placed before a noun to indicate continuity.,比尔连续哭了几个小时。,Bill kept on crying for hours.,他们今晚看了电视连续剧。,They have watched TV serials this evening.,小脑需要连续不断的血液供给。,The cerebellum requires continuous blood supply.
恋爱,liàn ài,动,love,5,⿱亦心,"{'type': 'pictophonetic', 'phonetic': '亦', 'semantic': '心', 'hint': 'heart'}",心,恋爱: Used as a verb indicating the act of being in love.,恋爱使人盲目。,Love is blind.,不，她从没恋爱过。,"No, she has never fallen in love.",不，直到现在她都没有恋爱过。,"No, until now she has never fallen in love."
良好,liáng hǎo,形,good; fine,5,⿱丶艮,{},艮,良好: Placed after nouns as a complement to describe quality positively.,引擎運轉良好。,The engine works well.,我今晚感觉良好。,I felt good tonight.,我今天早晨感觉良好。,I'm feeling good this morning.
粮食,liáng shi,名,grain; cereals,5,⿰米良,"{'type': 'pictophonetic', 'phonetic': '良', 'semantic': '米', 'hint': 'grain'}",米,粮食: Serves as a noun representing grains or cereals in a sentence.,我又转念，见日光之下，快跑的未必能赢，力战的未必得胜，智慧的未必得粮食，明哲的未必得资财，灵巧的未必得喜悦，所临到众人的，是在乎当时的机会。,"I returned, and saw under the sun, that the race is not to the swift, nor the battle to the strong, neither yet bread to the wise, nor yet riches to men of understanding, nor yet favor to men of skill; but time and chance happen to them all.",,,,
亮,liàng,形,bright; to shine,5,⿳亠口⿱冖几,"{'type': 'pictographic', 'hint': 'A lit oil lamp'}",亠,亮: Used as an adjective before nouns to describe brightness.,閃亮亮！,Shine!,你很漂亮.,You are beautiful.,你真漂亮！,How beautiful you are!
了不起,liǎo bu qǐ,形,amazing; terrific; extraordinary,5,⿱乛亅,"{'type': 'pictographic', 'hint': 'A child swaddled in blanklets; compare 子'}",亅,了不起: Used after adjectives or as a standalone term to express extraordinariness.,你是位了不起的女性。,You're a wonderful woman.,他以為自己很了不起。,He thinks he's so great.,玛丽是个了不起的女人。,Mary is a wonderful woman.
列车,liè chē,名,train,5,⿰歹刂,"{'type': 'pictophonetic', 'semantic': '刂', 'hint': 'line'}",刂,列车: Serves as a noun representing a train in sentences.,列车已经出发。,The train has already left.,列车在晚上很挤。,The train is very crowded this evening.,列车停下前别下车。,Don't get off the train till it stops.
临时,lín shí,副/形,temporary; provisional,5,⿰⿰？丨？,{},丨,临时: Placed before nouns to indicate temporary nature.,临时抱佛脚。,I'm making a last minute effort.,正式工比临时工要好。,A permanent job is better than a temporary one.,夜幕降临时，孩子们回家了。,The children returned home at dusk.
铃,líng,名,bell; [bell-shaped things],5,⿰钅令,"{'type': 'pictophonetic', 'phonetic': '令', 'semantic': '钅', 'hint': 'bell'}",钅,铃: A noun representing a bell or bell-shaped objects.,铃响了。,The bell rang.,按两下铃。,Press the bell twice.,铃声停止了。,The ringing stopped.
灵活,líng huó,形,nimble; agile; flexible,5,⿱彐火,"{'type': 'pictophonetic', 'phonetic': '彐', 'semantic': '火', 'hint': 'fire'}",彐,"灵活: Used as an adjective to describe something nimble, agile, or flexible.",汤姆缺乏灵活性。,Tom lacks flexibility.,他是一个脑子灵活的人。,He is a quick-witted man.,,
零件,líng jiàn,名,part; element; component,5,⿱雨令,"{'type': 'pictophonetic', 'phonetic': '令', 'semantic': '雨', 'hint': 'raindrop'}",雨,零件: A noun referring to a part or component in machinery or structures.,許多公司都嘗試過大規模生產這種複雜的零件，但目前只有我們成功了。,"Many companies have attempted to manufacture this complex component at scale, but so far only ours has succeeded.","這台電視機是十年前製造的, 現在已經沒有零件可換, 所以要修理它是不可能的事了。","This TV was made ten years ago and there are no parts available, so it is impossible to repair it.",,
零食,líng shí,名,snacks; nibbles between meals,5,⿱雨令,"{'type': 'pictophonetic', 'phonetic': '令', 'semantic': '雨', 'hint': 'raindrop'}",雨,零食: A noun referring to snacks or small foods eaten between meals.,帮我买点零食吧。,Buy me a snack.,我以前從不吃零食。,I never used to eat snacks.,湯姆帶了一些零食。,Tom brought some snacks.
领导,lǐng dǎo,动/名,lead; leader,5,⿰令页,"{'type': 'pictophonetic', 'phonetic': '令', 'semantic': '页', 'hint': 'head'}",页,领导: Can function as a noun (leader) or verb (to lead).,我是该队的领导者。,I am the leader of this team.,带我去见你们的领导。,Take me to your leader.,Kent生来就是个领导人。,Kent is a born leader.
领域,lǐng yù,名,territory; domain; field,5,⿰令页,"{'type': 'pictophonetic', 'phonetic': '令', 'semantic': '页', 'hint': 'head'}",页,领域: Placed after nouns indicating a specific field or area of study/expertise.,你专攻什么领域？,What's your major field?,你熟悉这个领域吗？,Is that an area you are familiar with?,您专攻于中医的什么领域？,Which aspects of Chinese medicine do you specialise in?
流传,liú chuán,动,spread; circulate; hand down,5,⿰氵㐬,"{'type': 'pictophonetic', 'phonetic': '㐬', 'semantic': '氵', 'hint': 'water'}",氵,流传: Placed after nouns to indicate spreading or circulating of ideas/things.,玲奶奶死的不瞑目。流传说那栋房子至今未人敢入住。,Grandma Ling died with unfinished business. It is said that to this day no one has dared to live in that house.,这次大选创造了多项第一，也诞生了很多将世代流传的故事。但是今天晚上令我难忘的却是在亚特兰大投票的一名妇女：安-尼克松-库波尔。她和其他数百万排队等待投票的选民没有什么差别，除了一点：她已是106岁的高龄。,"This election had many firsts and many stories that will be told for generations. But one that's on my mind tonight is about a woman who cast her ballot in Atlanta. She's a lot like the millions of others who stood in line to make their voice heard in this election, except for one thing: Ann Nixon Cooper is 106 years old.",,
浏览,liú lǎn,动,glance over; skim through; browse,5,⿰氵刘,"{'type': 'pictophonetic', 'phonetic': '刘', 'semantic': '氵', 'hint': 'water'}",氵,浏览: Placed after it can indicate skimming or browsing through something.,你用什么浏览器？,What browser are you using?,你用哪一个浏览器？,Which browser are you using?,我使用火狐浏览器。,I use Firefox.
流泪,liú lèi,动,to shed tears,5,⿰氵㐬,"{'type': 'pictophonetic', 'phonetic': '㐬', 'semantic': '氵', 'hint': 'water'}",氵,流泪: Placed after subject to indicate shedding tears.,她流泪看着信。,She wept reading the letter.,如果，错过太阳的时候你在流泪，那么你也将错过群星。,"If you cry because you miss the sun when it goes away, then you will also miss the stars.",,
龙,lóng,名,dragon,5,⿻尤丿,"{'type': 'pictographic', 'hint': 'A dragon'}",龙,龙: Used as a noun to represent a mythical creature in Chinese culture.,我见过龙。,I saw a dragon!,龙年结束了。,The year of the dragon has ended.,我喜欢火龙果。,I like dragon fruit.
漏,lòu,动,to leak; divulge; disclose,5,⿰氵屚,"{'type': 'ideographic', 'hint': 'Water 氵 falling like raindrops 雨; 屚 provides the pronunciation'}",氵,漏: 动词，表示泄漏或泄露信息。,轮胎漏气了。,The tire leaks air.,這本書錯漏百出。,This book is full of mistakes.,他总会有疏漏的。,He'll get sloppy.
陆地,lù dì,名,dry land; terrace,5,⿰阝击,"{'type': 'pictophonetic', 'phonetic': '击', 'semantic': '阝', 'hint': 'place'}",阝,陆地: Serves as a noun representing dry land or a terrace in sentences.,中国陆地的总面积是960万平方公里，是亚洲面积最大的国家，居世界第三位。,"The mainland of China covers 96,000,000 square kilometers, and it is the largest country in Asia, as well as the third largest in the world.",,,,
录取,lù qǔ,动,enroll; recruit; admit to,5,⿱彐氺,"{'type': 'pictographic', 'hint': 'A brush used to record stories'}",彐,录取: Placed after subjects to indicate enrollment or admission.,我希望考试能录取。,I hope to graduate at the exams.,,,,
陆续,lù xù,副,one after another; in succession,5,⿰阝击,"{'type': 'pictophonetic', 'phonetic': '击', 'semantic': '阝', 'hint': 'place'}",阝,陆续: Placed before a verb to indicate actions happening in succession.,陆续,"One by one, people arrived.",学生们陆续来到教室。,The students came to the classroom one after another.,陆续有鸟儿飞过天空。,Birds flew across the sky in succession.
录音,lù yīn,动,sound recording; film recording,5,⿱彐氺,"{'type': 'pictographic', 'hint': 'A brush used to record stories'}",彐,录音: Used as a verb to indicate the action of recording sound or film.,这个磁带录音机不是新的。,This tape recorder is not new.,,,,
轮流,lún liú,动,take turns; rotation,5,⿰车仑,"{'type': 'pictophonetic', 'phonetic': '仑', 'semantic': '车', 'hint': 'wheel'}",车,轮流: Placed after subjects to indicate taking turns.,他们会轮流教课。,They'll be taking turns teaching the class.,让我们轮流写吧。,Let's write in turns.,我和汤姆轮流开车。,Tom and I took turns driving the car.
论文,lùn wén,名,thesis; dissertation; treatise,5,⿰讠仑,"{'type': 'ideographic', 'hint': 'Speech 讠 that explains the logic 仑; 仑 also provides the pronunciation'}",讠,论文: Serves as a noun referring to academic work like a thesis or dissertation.,你的论文写完了吗？,Have you finished writing your thesis?,你在准备论文答辩吗？,Are you preparing for your thesis defense?,你的论文还需要改进。,Your essay still needs some improvement.
逻辑,luó ji,名,logic,5,⿺辶罗,"{'type': 'pictophonetic', 'phonetic': '罗', 'semantic': '辶', 'hint': 'walk'}",辶,逻辑: Used as a noun to discuss logical reasoning or arguments.,那符合逻辑。,That's logical.,你不懂基本逻辑吗？,Do you not understand basic logic?,我跟不上你的逻辑。,I cannot follow your logic.
落后,luò hòu,形,fall behind; lag behind; backward,5,⿱艹洛,"{'type': 'pictophonetic', 'phonetic': '洛', 'semantic': '艹', 'hint': 'plant'}",艹,落后: Placed after verbs to indicate falling behind or being backward.,骄傲使人落后。,Pride goes before a fall.,我们落后于原定计划。,We are behind schedule.,人生是一次长跑，暂时的落后和领先都不算什么。,"Life is like a marathon, where short-term gains and losses are not significant in and of themselves."
骂,mà,动,scold; abuse; call names,5,⿱⿰口口马,"{'type': 'pictophonetic', 'phonetic': '马', 'semantic': '口', 'hint': 'mouth'}",口,骂: Placed after subject to indicate scolding or abusing someone.,妈妈骂马吗？,Is Mother scolding the horse?,别再骂汤姆了。,Stop scolding Tom.,他甚至骂我傻瓜。,He even called me an idiot.
麦克风,mài kè fēng,名,microphone,5,⿱龶夂,"{'type': 'ideographic', 'hint': 'Simplified form of 麦; grains 來 ready to be harvested 夂'}",麦,"麦克风: As a noun, it represents a microphone in a sentence.",探头配有麦克风。,The probe is equipped with a microphone.,,,,
馒头,mán tou,名,[steamed bread],5,⿰饣曼,"{'type': 'pictophonetic', 'phonetic': '曼', 'semantic': '饣', 'hint': 'food'}",饣,馒头: A noun representing steamed bread in Chinese cuisine.,我给你吃个馒头。,I'll give you a mantou to eat.,馒头和馍馍有区别吗？,Is there a difference between steamed buns and steamed bread?,昨天我买了两个馒头。,Yesterday I bought two steamed buns.
满足,mǎn zú,动,satisfied; content,5,⿰氵⿱艹两,"{'type': 'pictophonetic', 'phonetic': '㒼', 'semantic': '氵', 'hint': 'water'}",氵,满足: Used as a verb to express satisfaction or contentment with something.,你会发现难以满足她。,You'll find it difficult to meet her requirements.,我觉得汤姆和玛丽满足了。,I think Tom and Mary are satisfied.,罗伯特满足于现在的地位。,Robert is content with his present position.
毛病,máo bìng,名,illness; disease; fault,5,⿻乇一,{},毛,毛病: Placed as a noun to refer to illness or fault in a sentence.,我的腿有什么毛病？,What's wrong with my legs?,我的錶出了毛病。,Something is wrong with my watch.,我的相機有毛病。,Something's wrong with my camera.
矛盾,máo dùn,名/形,contradictory,5,,"{'type': 'pictographic', 'hint': 'A spear pointed up and to the right'}",矛,矛盾: Used as a noun or adjective to describe contradiction or inconsistency.,你在自相矛盾。,You're contradicting yourself.,他们有时候有矛盾冲突,Every now and then they clash over their differences.,希望与现实之间的矛盾，因何而起？,From what stems this contradiction between our hopes and our reality?
冒险,mào xiǎn,动,take a risk; adventure,5,⿱日目,"{'type': 'pictophonetic', 'phonetic': '冃', 'semantic': '目'}",冂,冒险: Used as a verb to express taking risks or engaging in adventurous activities.,不要冒险。,Don't run risks.,我渴望冒险。,I've a yen for adventures.,他喜欢冒险。,He likes adventure.
贸易,mào yì,名,trade,5,⿱卯贝,"{'type': 'pictophonetic', 'phonetic': '卯', 'semantic': '贝', 'hint': 'money'}",贝,贸易: Serves as a noun representing trade in a sentence.,最近对外贸易活动减少了。,The activity of foreign trade has been declining of late.,这两个国家有强大的贸易关系。,The two nations have strong trade ties.,日本和好几个海外国家做贸易。,Japan trades with several foreign countries.
眉毛,méi mao,名,eyebrow,5,⿸尸目,"{'type': 'ideographic', 'hint': 'Picture of hair 尸 above an eye 目'}",目,"眉毛: A noun referring to eyebrows, used in specific body part references.",我讨厌我的眉毛。,I hate my eyebrows.,玛丽有绿色的眉毛。,Mary has green eyebrows.,小林的眉毛长得浓，眼睛又大，睫毛很长。,"Xiaolin's eyebrows are thick, his eyes are big, and his eyelashes are long."
煤炭,méi tàn,名,coal,5,⿰火某,"{'type': 'pictophonetic', 'phonetic': '某', 'semantic': '火', 'hint': 'fire'}",火,煤炭: Serves as a noun representing coal in sentences.,澳大利亚是世界第五大煤炭产地。,Australia is the world's fifth-largest coal producer.,人們很容易將能源和電力小組委員會的大多數成員描述為笨蛋。他們散佈石油和煤炭公司炮製的虛假信息，以最大限度地減少全球氣候變遷的重要性，被稱為科學文盲。,One can easily characterize a majority of the energy and power subcommittee members as nincompoops — scientific illiterates who spread misinformation crafted by oil and coal companies in order to minimize the significance of global climate change.,,
媒体,méi tǐ,名,media,5,⿰女某,"{'type': 'pictophonetic', 'phonetic': '某', 'semantic': '女', 'hint': 'woman'}",女,媒体: Serves as a noun referring to media in general.,媒体抹黑了他的名誉。,The media stuck a shiv into his reputation.,关于这个问题，我觉得垃圾媒体只报道了很片面的信息。,"Concerning this issue, I feel that the trash media only report biased information.",,
美术,měi shù,名,art,5,⿱羊大,"{'type': 'ideographic', 'hint': 'A person 大 wearing an elegant crown 羊'}",羊,美术: Serves as a noun representing the concept of art in a sentence.,好了孩子们！所以为了这个美术计划，你们所有人都将被分离并加入3-5人的小组,"Alrighty kids! So for this art project, all of you guys will split into groups of 3 - 5 people.",人人对由于他所创作的任何科学、文学或美术作品而产生的精神的和物质的利益，有享受保护的权利。,"Everyone has the right to the protection of the moral and material interests resulting from any scientific, literary or artistic production of which he is the author.",,
魅力,mèi lì,名,enchantment,5,⿺鬼未,"{'type': 'ideographic', 'hint': 'A forest 未 demon 鬼; 未 also provides the pronunciation'}",鬼,魅力: Used as a noun to describe enchantment or charm in a sentence.,他有群眾魅力。,He's got charisma.,他有一种魅力。,He had a certain charm.,你低估了你的魅力。,You underestimate your charisma.
梦想,mèng xiǎng,名,hope vainly; pipe dream,5,⿱林夕,"{'type': 'ideographic', 'hint': 'Two eyes shut 林 at night 夕'}",木,梦想: Placed as a noun in sentences expressing aspirations or hopes.,梦想成真！,A dream come true!,梦想成真。,The dream has come true.,别放弃梦想。,Don't give up on your dreams.
蜜蜂,mì fēng,名,(honey) bee,5,⿱宓虫,"{'type': 'pictophonetic', 'phonetic': '宓', 'semantic': '虫', 'hint': 'insect'}",虫,"蜜蜂: As a noun, it functions as the subject or object in sentences.",我刚给蜜蜂蛰了。,I've just been stung by a bee.,蜜蜂以花蜜为食。,Bees feed on nectar.,蜜蜂在冬天幹甚麼呢？,What do bees do in winter?
秘密,mì mì,名,secret; clandestine; confidential,5,⿰禾必,"{'type': 'pictophonetic', 'phonetic': '必', 'semantic': '禾', 'hint': 'grain'}",禾,秘密: Functions as a noun representing a secret or confidential information.,保守秘密。,Keep the secret.,請保守秘密。,Please keep it secret.,它是個秘密。,It's a secret.
密切,mì qiè,形,close; intimate; carefully,5,⿱宓山,"{'type': 'ideographic', 'hint': 'A silent 宓 mountain 山; 宓 also provides the pronunciation'}",宀,密切: Used as an adjective to describe close or intimate relationships.,海啸来了，密切注意啊。,"A tsunami is coming, so please be on the alert.",荷蘭語與德語關係密切。,Dutch is closely related to German.,供應和需求之間的關係十分密切。,There is close relationship between supply and demand.
秘书,mì shū,名,secretary,5,⿰禾必,"{'type': 'pictophonetic', 'phonetic': '必', 'semantic': '禾', 'hint': 'grain'}",禾,"秘书: A noun referring to a secretary, used as the subject or object in sentences.",谁是秘书？,Who is the secretary?,秘书被炒了。,The secretary was dismissed.,她在超市做秘书。,She is a clerk in the supermarket.
面对,miàn duì,动,face; confront,5,⿱？？,"{'type': 'pictographic', 'hint': ""A person's face""}",面,面对: Placed before a noun or verb to indicate facing or confronting something.,我面对陌生人很不自在。,I am very ill at ease with strangers.,汤姆想和玛丽面对面交谈。,Tom wanted to talk to Mary face to face.,我无法独自面对这种生活。,I can't face this life alone.
面积,miàn jī,名,area,5,⿱？？,"{'type': 'pictographic', 'hint': ""A person's face""}",面,面积: Placed after quantifiers in sentences referring to space measurement.,牧场的面积有10英亩。,The pasture has an area of 10 acres.,工厂的面积是1000平方米。,"The area of the factory is 1,000 square meters.",这片小区的绿地面积有多少？,What is the size of this district's greenery area?
面临,miàn lín,动,be faced with; be up against,5,⿱？？,"{'type': 'pictographic', 'hint': ""A person's face""}",面,面临: Placed before nouns to indicate facing or confronting something.,他意识到他面临危险。,He is aware of the danger.,那座老桥正面临坍塌的危险。,The old bridge is in danger of collapse.,俄罗斯面临着严重的财政困难。,Russia is facing great financial difficulties.
苗条,miáo tiáo,形,slender; slim,5,⿱艹田,"{'type': 'ideographic', 'hint': 'Grass 艹 growing in a field 田'}",艹,苗条: Placed after nouns to describe being slender or slim.,我正在变苗条！,I am getting slim!,说苗条比说瘦更有礼貌。,It's more polite to say thin than skinny.,我奶奶年轻的时候身材很苗条，现在年纪大了就发福了。,"When my grandmother was young, her body was very slim. Now in her old age she's grown plump."
描写,miáo xiě,动,describe; depict; portray,5,⿰扌苗,"{'type': 'pictophonetic', 'phonetic': '苗', 'semantic': '扌', 'hint': 'hand'}",扌,描写: Placed after verbs to describe the act of depicting or portraying.,zh,en: 他用文字描写美丽的风景。,zh,en: 这本书描写了农村的生活。,zh,en: 她喜欢通过画画来描写她的感受。
敏感,mǐn gǎn,形,sensitive; susceptible; tactful,5,⿰每攵,"{'type': 'pictophonetic', 'phonetic': '每', 'semantic': '攵', 'hint': 'strike'}",攵,敏感: Used as an adjective before nouns to describe sensitivity or susceptibility.,他很敏感。,He is very sensitive.,我對熱氣很敏感。,I am very sensitive to heat.,你對批評太敏感了。,You are too sensitive to criticism.
名牌,míng pái,名,famous brand,5,⿸夕口,"{'type': 'ideographic', 'hint': 'A name called out 口 to hail someone at night 夕'}",口,名牌: Noun referring to a famous brand name or product.,名牌包很贵。,The famous brand bag is very expensive.,他总是买名牌衣服。,He always buys clothes from famous brands.,她用的是名牌化妆品。,She uses cosmetics from famous brands.
名片,míng piàn,名,business card; visiting card,5,⿸夕口,"{'type': 'ideographic', 'hint': 'A name called out 口 to hail someone at night 夕'}",口,名片: Used as a noun referring to business cards or visiting cards in transactions.,看，这是我的名片。,"Look, this is my business card.",,,,
明确,míng què,动/形,clear and definite; clear-cut; unequivocal,5,⿰日月,"{'type': 'ideographic', 'hint': 'The light of the sun 日 and moon 月'}",日,明确: Used as an adjective to describe something clear and definite.,我只想要一个明确的答案。,I just want a clear answer.,法律有很多不明确的地方。,The law is full of ambiguities.,政府明确宣布了降税的意图。,The government clearly stated its intention to lower taxes.
名胜古迹,míng shèng gǔ jì,,places of historic interest and scenic beauty,5,⿸夕口,"{'type': 'ideographic', 'hint': 'A name called out 口 to hail someone at night 夕'}",口,名胜古迹: Serves as a noun phrase indicating places of historical and scenic significance.,名胜古迹,míng shèng gǔ jì,1. 北京有很多名胜古迹。,Beijing has many places of historic interest and scenic beauty.,2. 每年都有很多人参观中国的名胜古迹。,"Every year, a lot of people visit the places of historic interest and scenic beauty in China."
明显,míng xiǎn,形,clear; obvious; evident,5,⿰日月,"{'type': 'ideographic', 'hint': 'The light of the sun 日 and moon 月'}",日,明显: Placed after an adjective as a complement to emphasize clarity.,那非常明显。,It's as clear as day.,好像很明显。,It seems pretty obvious.,他明显在撒谎。,He is lying through his teeth.
明星,míng xīng,名,celebrity; star,5,⿰日月,"{'type': 'ideographic', 'hint': 'The light of the sun 日 and moon 月'}",日,明星: Serves as a noun referring to a celebrity or star in a sentence.,谁是你最喜爱的电视明星？,Who is your favorite TV star?,,,,
命令,mìng lìng,名/动,order; command; directive,5,⿹令口,"{'type': 'ideographic', 'hint': 'An order 令 given by mouth 口'}",口,"命令: As a verb, placed after objects it affects; as a noun, refers to orders given.",汤姆服从命令。,Tom follows orders.,他们服从了命令。,They obeyed orders.,他的话就是命令。,His word is law.
命运,mìng yùn,名,destiny; lot; fortune,5,⿹令口,"{'type': 'ideographic', 'hint': 'An order 令 given by mouth 口'}",口,命运: Placed as a noun in sentences referring to one's destiny or fortune.,他命运多舛。,He is unfortunate.,这是你的命运。,This is your fate.,她该接受她的命运。,She had to accept her fate.
摸,mō,动,feel [with the hand],5,⿰扌莫,"{'type': 'pictophonetic', 'phonetic': '莫', 'semantic': '扌', 'hint': 'hand'}",扌,摸: Placed before a noun to indicate feeling with the hand.,請勿觸摸。,Don't touch.,来吧，摸一下。,"Come on, touch it.",孩子摸着猫。,The child pets the cat.
模仿,mó fǎng,动,to imitate; to copy; model oneself on,5,⿰木莫,"{'type': 'pictophonetic', 'phonetic': '莫', 'semantic': '木', 'hint': 'tree'}",木,模仿: Placed as a verb indicating the action of imitating or copying.,鸚鵡會模仿人的聲音。,A parrot can mimic a person's voice.,他模仿了梵高的作品。,He imitated the works of Van Gogh.,鸚鵡懂得模仿人類說話。,Parrots imitate human speech.
模糊,mó hu,形,vague; indistinct; obscure,5,⿰木莫,"{'type': 'pictophonetic', 'phonetic': '莫', 'semantic': '木', 'hint': 'tree'}",木,模糊: Used as an adjective to describe something vague or indistinct.,这句句子意思模糊。,The meaning of this sentence is obscure.,我对祖母的记忆很模糊。,I have a dim memory of my grandmother.,這一個段落是模糊不清的。,This paragraph is vague.
模特,mó tè,名,model,5,⿰木莫,"{'type': 'pictophonetic', 'phonetic': '莫', 'semantic': '木', 'hint': 'tree'}",木,模特: Serves as a noun referring to a model in sentences.,我是演员，不是模特。,"I'm an actress, not a model.",據說她曾經是一個模特兒。,She is said to have been a model.,,
摩托车,mó tuō chē,名,motorcycle,5,⿸麻手,"{'type': 'pictophonetic', 'phonetic': '麻', 'semantic': '手', 'hint': 'hand'}",手,摩托车: Serves as a noun representing a motorcycle in sentences.,汤姆想要一辆摩托车。,Tom wants a motorcycle.,她骑摩托车的技术不错！,She rides a motorcycle well.,我三周前买了辆摩托车。,I bought a motorcycle three weeks ago.
陌生,mò shēng,形,strange; unfamiliar; inexperienced,5,⿰阝百,"{'type': 'ideographic', 'hint': 'A large 百 city 阝, representing an unfamiliar place'}",阝,陌生: Used as an adjective before nouns to describe strangeness or unfamiliarity.,狗会对陌生人叫。,A dog will bark at strangers.,风景对我来说很陌生。,The landscape is unfamiliar to me.,這隻狗對著陌生人叫。,The dog barked at the stranger.
某,mǒu,代,certain; some,5,⿱甘木,"{'type': 'ideographic', 'hint': 'The sweet 甘 fruit of a certain tree 木'}",木,某: Placed before nouns to refer to unspecified people or things.,某人偷了湯的吉他,Someone stole Tom's guitar.,他家在这儿某处。,His house is somewhere about here.,他去了某個地方。,He went to some place or other.
目标,mù biāo,名,aim; objective; goal,5,⿴口二,"{'type': 'pictographic', 'hint': 'An eye drawn on its side'}",目,目标: Placed after nouns to indicate the aim or objective of something.,她达到了目标。,She has achieved her goals.,你们的目标变了吗？,Have your goals changed?,她们达到目标了。,The women achieved their goal.
目录,mù lù,名,catalogue; table of contents,5,⿴口二,"{'type': 'pictographic', 'hint': 'An eye drawn on its side'}",目,目录: Serves as a noun indicating a catalogue or table of contents in a document.,目錄在書的開頭。,The catalogue is at the beginning of the book.,这本书的目录很有用。,This book's table of contents is very useful.,请先查看目录。,Please check the table of contents first.
目前,mù qián,名,at present,5,⿴口二,"{'type': 'pictographic', 'hint': 'An eye drawn on its side'}",目,目前: Placed at the beginning of a sentence to indicate current status or situation.,目前谁占上风？,Who has the edge now?,"目前,他正在度假。","At present, he is on holiday.",你目前做了很好。,You've done good work so far.
木头,mù tou,名,wood; log; timber,5,⿻十八,"{'type': 'pictographic', 'hint': 'A tree'}",木,木头: Serves as a noun representing wood or timber in sentences.,白蚁吃木头。,Termites eat wood.,木头会漂浮。,Wood floats.,一个木头碗。,A wooden bowl.
哪怕,nǎ pà,连,even if; even though,5,⿰口那,"{'type': 'pictophonetic', 'phonetic': '那', 'semantic': '口', 'hint': 'mouth'}",口,哪怕: Placed at the beginning of a clause to introduce a condition.,哪怕没有人陪我，我也要去看这部电影。,"Even if no one goes with me, I still want to see this movie.",,,,
难怪,nán guài,副,no wonder,5,⿰又隹,"{'type': 'ideographic', 'hint': 'A hand 又 trying to grasp at a bird 隹'}",又,难怪: Placed at the beginning of a sentence to express that something is not surprising.,难怪我们没有办法说话。,No wonder we could not speak.,她得了肝炎，难怪越來越瘦了。,She got hepatitis no wonder she is losing so much weight.,他得了肺炎，难怪他在不停的咳嗽。,He's got pneumonia. No wonder he is coughing nonstop.
难免,nán miǎn,形,hard to avoid,5,⿰又隹,"{'type': 'ideographic', 'hint': 'A hand 又 trying to grasp at a bird 隹'}",又,难免: Placed after verbs to indicate inevitability or difficulty in avoiding something.,事情难免会发生。,Stuff happens.,生活中的烦恼在所难免。,The troubles of life are inevitable.,外交部长称战争在所难免。,The Foreign Minister said that war was inevitable.
脑袋,nǎo dài,名,head; brains,5,⿰⺼⿱亠凶,"{'type': 'pictophonetic', 'semantic': '⺼', 'hint': 'flesh'}",⺼,脑袋: A noun placed after descriptors to refer to head or intellect.,你的脑袋坏了吗？,Is your skull broken?,我有个黄鱼脑袋。,I have a memory like a goldfish.,为什么你的脑袋那么聪明呢？,Why are you so smart?
内部,nèi bù,名,interior,5,⿻冂人,"{'type': 'ideographic', 'hint': 'A man 人  entering a door 冂'}",入,内部: Placed before nouns to indicate interior or internal aspects.,我们还应该看下这个房子的内部。,We should look inside this house as well.,,,,
内科,nèi kē,名,internal medicine,5,⿻冂人,"{'type': 'ideographic', 'hint': 'A man 人  entering a door 冂'}",入,内科: Noun referring to the field of internal medicine.,知道吗？内科急救专家对于子宫下垂常用的应对方法是带上手套，把拳头深入阴道，然后用力将子宫向上推。但这个姿势在赶到医院前是改变不了了!,"Did you know that the proper EMT response to a prolapsed uterus is to make a gloved fist and shove the uterus and your fist itself up the vagina? Also, once you've done that, you're stuck in that position until you get to the hospital!",,,,
嫩,nèn,形,tender; delicate; underdone,5,⿰女敕,"{'type': 'pictophonetic', 'phonetic': '敕', 'semantic': '女', 'hint': 'woman'}",女,嫩: Placed after nouns to describe tenderness or delicacy.,黎巴嫩在哪？,Where is Lebanon?,老牛吃嫩草。,Old women like dating young men.,希望你喜欢黎巴嫩菜肴。,I hope you like Lebanese food.
能干,néng gàn,形,able; capable; competent,5,⿰⿱厶⺼⿱匕匕,"{'type': 'pictographic', 'hint': ""A bear's head 厶, body ⺼, and claws 匕""}",⺼,能干: Used as an adjective to describe someone's ability or competence.,你太能干了。,You're really something.,他是聪明能干的人。,He was an intelligent and practical man.,他是个能干的男人。,He is a man of ability.
能源,néng yuán,名,energy,5,⿰⿱厶⺼⿱匕匕,"{'type': 'pictographic', 'hint': ""A bear's head 厶, body ⺼, and claws 匕""}",⺼,能源: Serves as a noun representing energy in sentences.,我們必須降低能源需求。,We must reduce energy demand.,阿尔及利亚能依赖可再生能源吗？,Can Algeria rely on renewable energy?,阿尔及利亚会成为一个能源强国吗？,Will Algeria become an energy power?
嗯,ng,叹,huh; yeah,5,⿰口恩,"{'type': 'pictophonetic', 'phonetic': '恩', 'semantic': '口', 'hint': 'mouth'}",口,嗯: Used at the beginning or end of a sentence to express agreement or acknowledgment.,嗯？,Hm?,嗯……,Hmm.,嗯 。,Yeah.
年代,nián dài,名,years; a decade of a century,5,⿻干？,"{'type': 'ideographic', 'hint': 'A man 干 carrying grain, representing the annual harvest'}",干,年代: Placed after numbers to specify periods in years or decades.,这些废墟年代久远。,These ruins are ancient.,這首歌在七十年代很流行。,This song was popular in the 1970s.,科技在 1990 年代會有很大進步吧。,Technology will make a lot of progress in the nineties.
年纪,nián jì,名,age,5,⿻干？,"{'type': 'ideographic', 'hint': 'A man 干 carrying grain, representing the annual harvest'}",干,年纪: Placed after quantifiers to indicate age.,我比他年纪还大。,I am yet older than he is.,他跟您年纪差不多。,He is about your age.,那个男人年纪很大。,The man is old.
念,niàn,动,to read aloud; attend school; think of,5,⿱今心,"{'type': 'ideographic', 'hint': 'To keep the present 今 in mind 心'}",心,"念: Used as a verb to indicate reading aloud, attending school, or thinking of someone/something.",有信念。,Have faith.,念这个。,Read this.,别再念了。,Stop reading.
宁可,nìng kě,副,would rather; better,5,⿱宀丁,"{'type': 'pictophonetic', 'phonetic': '丁', 'semantic': '宀', 'hint': 'roof'}",宀,宁可: Placed before a verb to express preference or willingness.,我不想坐汽车去，宁可走去。,I don't want to go in the car. I would rather walk.,我宁可死，也不想看见你哭。,I'd rather die than see you cry.,与其向命运妥协，我宁可自杀。,I would rather kill myself than reconcile myself to my fate.
牛仔裤,niú zǎi kù,名,jeans,5,,"{'type': 'pictographic', 'hint': ""An ox's horned head""}",牛,"牛仔裤: A noun referring to jeans, used as a subject or object in sentences.",他穿了一条牛仔裤。,He had jeans on.,汤姆穿了破洞牛仔裤。,Tom wore ripped jeans.,现在女生穿牛仔裤很流行。,Jeans are now in fashion among girls.
浓,nóng,形,dense; thick; concentrated,5,⿰氵农,"{'type': 'pictophonetic', 'phonetic': '农', 'semantic': '氵', 'hint': 'water'}",氵,浓: Used as an adjective before nouns to describe density or concentration.,她化着浓妆。,She wears a lot of makeup.,为什么喜欢喝浓咖啡？,Why do you like coffee strong?,这咖啡对我来说太浓了。,"As far as I'm concerned, this coffee is too strong."
农村,nóng cūn,名,countryside rural area,5,⿻冖？,"{'type': 'pictographic', 'hint': 'Simplified form of 農, tilling the field 田 with a hoe 辰'}",冖,农村: Serves as a noun indicating a rural area in a sentence.,他毕业后回到了农村。,He went back to the village after he graduated.,农村好像要大规模发展了。,It seems the rural area will be developed on a large scale.,在城市生活和在农村生活很不同。,Living in the city is really different to living in the country.
农民,nóng mín,名,farmer; peasant,5,⿻冖？,"{'type': 'pictographic', 'hint': 'Simplified form of 農, tilling the field 田 with a hoe 辰'}",冖,农民: Serves as a subject or object in sentences referring to farmers or peasants.,农民在春天播种。,Farmers sow seeds in the spring.,农民是国家的心脏。,Farmers are the heart of a country.,农民总是抱怨天气。,Farmers always complain about the weather.
农业,nóng yè,名,agriculture; farming,5,⿻冖？,"{'type': 'pictographic', 'hint': 'Simplified form of 農, tilling the field 田 with a hoe 辰'}",冖,农业: Serves as a subject or object in sentences discussing farming or agriculture.,葡萄牙曾经是一个农业国。,Portugal was once an agricultural country.,政府应该加大对农业的投资。,The government should invest more money in agriculture.,由于农业的发展，食品全球产量能够跟上人口的增长，但只是牺牲了将来。,"Thanks to the development of agricultural science, world food production has managed to keep up with population growth - but only at the expense of the future."
女士,nǚ shì,名,lady; Madam; Miss,5,,"{'type': 'pictographic', 'hint': 'A woman turned to the side'}",女,女士: Used before a name or alone as a polite form of address for women.,女士優先!,Ladies before gentlemen.,女士优先。,Ladies first.,我是位女士。,I'm a lady.
欧洲,oū zhōu,名,Europe,5,⿰区欠,{},欠,"欧洲: As a noun, it functions as a subject or object in sentences.",我环游了欧洲。,I travelled around Europe.,你什么时候去欧洲？,When are you going to Europe?,欧洲人喜欢喝酒。,Europeans like to drink wine.
偶然,ǒu rán,形,accidentally; fortuitous; incidental,5,⿰亻禺,"{'type': 'pictophonetic', 'phonetic': '禺', 'semantic': '亻', 'hint': 'person'}",亻,偶然: Placed after nouns to indicate something is accidental or fortuitous.,我偶然找到了它。,I found it by chance.,我们偶然碰到了她。,We met her by accident.,那个发现纯属偶然。,That discovery was quite accidental.
拍,pāi,动,to clap; slap; bat; racket; to take (a photo),5,⿰扌白,"{'type': 'pictophonetic', 'phonetic': '白', 'semantic': '扌', 'hint': 'hand'}",扌,拍: 动词，表示动作如拍照、鼓掌等。,拍照。,Let's take a picture.,請拍手。,Please clap.,我拍手。,I clapped my hands.
派,pài,动,faction; clique; to dispatch,5,⿰氵⿸？氏,{},氵,派: 动词，派遣或指团体。,一派胡言！,A bunch of nonsense!,在派对上见,See you at the party.,我愛派對。,I love parties.
盼望,pàn wàng,动,hope for; long for; yearn for,5,⿰目分,"{'type': 'pictophonetic', 'phonetic': '分', 'semantic': '目', 'hint': 'eye'}",目,盼望: Placed after a preposition or as a main verb to express hoping for something.,老师和学生一样盼望假期。,Not only the student but their teacher is looking forward to holiday.,,,,
赔偿,péi cháng,动,compensate for; pay for,5,⿰贝咅,"{'type': 'pictophonetic', 'phonetic': '咅', 'semantic': '贝', 'hint': 'money'}",贝,赔偿: Placed after verbs indicating loss or damage to compensate for them.,你需要赔偿他损失的钱。,You must compensate him for the money he lost.,,,,
培训,péi xùn,动,training; cultivate,5,⿰土咅,"{'type': 'pictophonetic', 'phonetic': '咅', 'semantic': '土', 'hint': 'earth'}",土,培训: Used as a verb to indicate training or cultivation activities.,培训,We need to do some training.,他参加了公司的培训项目。,He joined the company's training program.,每天早上，她都会参加英语培训。,"Every morning, she attends English training."
培养,péi yǎng,动,train; foster,5,⿰土咅,"{'type': 'pictophonetic', 'phonetic': '咅', 'semantic': '土', 'hint': 'earth'}",土,培养: Placed after subject to indicate training or fostering of something/someone.,培养政治意识要花费时间。,Developing political awareness takes time.,子女培养全社会都很关心，教育要进行改革。,The raising of children is something that concerns the entire community. There will be an education reform.,如果训练得当的话，音乐才能是可以培养出来的。,Musical talent can be developed if it's properly trained.
佩服,pèi fú,动,to admire; have a high opinion of,5,⿰亻⿵凡巾,"{'type': 'ideographic', 'hint': 'Common 凡 cloth 巾 ornaments worn by people 亻'}",亻,佩服: Placed after a subject to express admiration towards someone or something.,我就是佩服你。,It's just that I admire you.,我佩服你的勇氣。,I admire you for your courage.,我佩服他的勇气。,I admire him for his courage.
配合,pèi hé,动,suitable; fit; matching,5,⿰酉己,"{'type': 'pictophonetic', 'phonetic': '己', 'semantic': '酉', 'hint': 'wine'}",酉,配合: Placed as a verb indicating cooperation or coordination with other actions.,配合同学们的工作,Cooperate with classmates' work,配合衣服的颜色,Match the color of the clothes,他的鞋子很配合那件外套,His shoes match that coat very well
盆,pén,名,basin; tub; pot,5,⿱分皿,"{'type': 'pictophonetic', 'phonetic': '分', 'semantic': '皿', 'hint': 'dish'}",皿,盆: A noun indicating a container like a basin or pot in a phrase.,花盆碎了。,The flower pot is broken.,覆盆子很貴。,Raspberries are very expensive.,天下着倾盆大雨。,It's chucking it down.
碰,pèng,动,to meet with,5,⿰石並,"{'type': 'pictophonetic', 'phonetic': '並', 'semantic': '石', 'hint': 'rock'}",石,碰: Placed after subject to indicate meeting someone.,别碰！,Hands off.,別碰。,Don't touch.,可以碰嗎？,Can I touch it?
批,pī,量,to criticize; refute; batch,5,⿰扌比,"{'type': 'pictophonetic', 'phonetic': '比', 'semantic': '扌', 'hint': 'hand'}",扌,批: Used as a measure word for sets of documents or critiques.,請儘量批評。,Please criticise as much as possible.,你总是批评我！,You're always criticizing me!,湯姆在批卷子。,Tom is correcting exam papers.
披,pī,动,to drape over one's shoulders; to wrap around; unroll,5,⿰扌皮,"{'type': 'ideographic', 'hint': 'To put on 扌 fur 皮; 皮 also provides the pronunciation'}",扌,披: Placed before a noun to indicate draping or wrapping something over.,披薩是誰的？,Whose pizza is this?,你最喜欢什么披萨？,What kind of pizza do you like best?,把披薩分成三份。,Divide the pizza in three.
批准,pī zhǔn,动,ratify; approve; authorise,5,⿰扌比,"{'type': 'pictophonetic', 'phonetic': '比', 'semantic': '扌', 'hint': 'hand'}",扌,批准: Placed after verbs to indicate formal approval or ratification.,他被批准早退。,He was granted permission to leave early.,我在等待批准。,I am waiting for approval.,她批准了我的方案。,She approved of my plan.
疲劳,pí láo,形,tired; fatigued; weary,5,⿸疒皮,"{'type': 'pictophonetic', 'phonetic': '皮', 'semantic': '疒', 'hint': 'sickness'}",疒,疲劳: Used as an adjective to describe a state of being tired or fatigued.,我的眼睛疲劳。,My eyes are tired.,我的眼睛很容易疲劳。,My eyes get tired very easily.,他因为太疲劳而无法继续前进。,He was too tired to go any farther.
匹,pǐ,量,[measure word for horses and cloth],5,⿷匸儿,"{'type': 'pictographic', 'hint': 'A roll of cloth'}",匸,匹: Used as a measure word for horses and cloth.,那匹马去了哪里？,Where did the horse go?,我拥有一匹马。,I own a horse.,我餓得像匹馬。,I'm as hungry as a horse.
片,piàn,量,"[flat, thin piece of]; slice; flake",5,⿸？？,"{'type': 'pictographic', 'hint': 'Half of a tree trunk; compare 爿'}",片,片: Used as a measure word for flat objects.,没照片。,No pictures.,影片很長。,It's a long video.,你吃薯片。,You eat potato chips.
片面,piàn miàn,形,unilateral; one-sided,5,⿸？？,"{'type': 'pictographic', 'hint': 'Half of a tree trunk; compare 爿'}",片,片面: Used as an adjective before nouns to describe one-sidedness.,我吃一片面包。,I eat a slice of bread.,我要另一片面包。,I want another slice of bread.,事物都有兩面性。極端的人只看得見片面。,Everything has two sides. Fanatics only see one.
飘,piāo,动,wave to and fro; float; flutter,5,⿰票风,"{'type': 'pictophonetic', 'phonetic': '票', 'semantic': '风', 'hint': 'wind'}",风,飘: 动词，表示物体轻盈浮动或随风摇摆。,天空飘的云很美。,The clouds floating in the sky are beautiful.,我感觉有些轻飘飘了。,I feel flattered.,叶子慢慢的飘落下来。,The leaves slowly fell.
拼音,pīn yīn,名,Pinyin [Chinese romanization system],5,⿰扌并,"{'type': 'pictophonetic', 'phonetic': '并', 'semantic': '扌', 'hint': 'hand'}",扌,拼音: Indicates the romanization of Chinese characters in sentences.,怎樣給漢字加拼音？,How do I add pinyin to Chinese characters?,學習漢語的時候，拼音對初學者很有幫助。,"When learning Chinese, pinyin is very helpful for beginners.",拼音文字有助於讓人更正確、更輕鬆地認讀。,A text written with vocalisation helps in reading it more correctly and easily.
频道,pín dào,名,(frequency) channel,5,⿰步页,{},页,频道: Placed after numerals to specify channel numbers in media.,开始你自己的 YouTube 频道。,Start your own YouTube channel.,那么你频道换掉也行啊。,You can just switch channels.,,
平,píng,形,flat; level; even; equal,5,⿻干丷,"{'type': 'pictographic', 'hint': 'A leveling scale'}",广,平: Used as an adjective to describe flatness or equality.,願你平安！,Peace be upon you!,公平点。,Be fair.,一路平安！,Bon voyage!
凭,píng,介,lean on; depend on; evidence,5,⿱任几,"{'type': 'ideographic', 'hint': 'Leaning on (trusting) 任 a table 几'}",几,凭: Placed before nouns indicating basis or evidence for actions or claims.,你凭什么叫我走？,Who are you to tell me to get out?,我凭什么花时间做这事？,Why should I take the time to do that?,我凭韧性克服了困难。,I got over the difficulty with my characteristic tenacity.
平安,píng ān,形,"peace, safe and sound",5,⿻干丷,"{'type': 'pictographic', 'hint': 'A leveling scale'}",广,平安: Used as an adjective to describe peace and safety.,願你平安！,Peace be upon you!,一路平安！,Bon voyage!,願你們平安！,And upon you be peace!
平常,píng cháng,名/形,ordinarily; generally; usually,5,⿻干丷,"{'type': 'pictographic', 'hint': 'A leveling scale'}",广,平常: Used as an adverb to describe ordinary circumstances in a sentence.,我比平常晚到。,I arrived later than usual.,他比平常早起了。,He got up earlier than usual.,我比平常睡得晚。,I went to bed later than usual.
平等,píng děng,形,equal; equality,5,⿻干丷,"{'type': 'pictographic', 'hint': 'A leveling scale'}",广,平等: Used as an adjective before nouns to express equality or equal status.,人人生来平等。,All men are created equal.,所有人都是平等的。,All people are equal.,爱民主就是爱平等。,The love of democracy is that of equality.
平方,píng fāng,量,square,5,⿻干丷,"{'type': 'pictographic', 'hint': 'A leveling scale'}",广,平方：用于表示面积单位，常置于数字后。,大概三平方英里。,It's about three square miles.,二的平方等于四。,Two squared equals four.,工厂的面积是1000平方米。,"The area of the factory is 1,000 square meters."
平衡,píng héng,动/形,balance; equilibrium,5,⿻干丷,"{'type': 'pictographic', 'hint': 'A leveling scale'}",广,平衡: 可用作名词表示状态，或形容词描述具有平衡性质的事物。,我認爲要保持平衡。,I think there's a balance to be had.,他設法使收支平衡。,He managed to make both ends meet.,Tom失去平衡並跌到了。,Tom lost his balance and fell.
评价,píng jià,名/动,appraise; evaluate; assess,5,⿰讠平,"{'type': 'pictophonetic', 'phonetic': '平', 'semantic': '讠', 'hint': 'speech'}",讠,评价: Used as a verb to appraise or assess something or someone.,我知道你对他评价很高。,I know you think highly of him.,影片得到的评价褒贬不一。,The movie received mixed reviews.,老板对你的工作有很高的评价。,The boss has a good opinion of your work.
平静,píng jìng,形,calm; quiet; tranquil,5,⿻干丷,"{'type': 'pictographic', 'hint': 'A leveling scale'}",广,平静: Used as an adjective to describe calmness or tranquility in situations or states.,她说阅读能让人平静。,She said reading can calm a person.,她显出不同于他人的平静。,She showed more composure than others.,让我们享受这平静和安宁。,Let's just enjoy this peace and quiet.
平均,píng jūn,形,average; mean; equally,5,⿻干丷,"{'type': 'pictographic', 'hint': 'A leveling scale'}",广,平均: Placed before a noun to indicate average value or equal distribution.,人平均一分钟眨几次眼睛？,How many times a minute does the average person blink?,我平均每月看兩部電影。,"On average, I watch two films a month.",选手们的平均身高是多少？,What is the average height of the players?
破产,pò chǎn,动,to go bankrupt; go broke; become insolvent,5,⿰石皮,"{'type': 'pictophonetic', 'phonetic': '皮', 'semantic': '石', 'hint': 'rock'}",石,破产: Used as a verb to indicate going bankrupt or becoming insolvent.,他破产了。,He went bankrupt.,公司破产了。,The company went bankrupt.,他被宣告破产。,He was declared bankrupt.
破坏,pò huài,动,destroy; wreck; ruin,5,⿰石皮,"{'type': 'pictophonetic', 'phonetic': '皮', 'semantic': '石', 'hint': 'rock'}",石,破坏: Placed after subject to indicate destroying or ruining something.,我认为考试破坏教育。,I think exams ruin education.,这破坏会花费我们很多钱。,The damage will cost us a lot of money.,台风的破坏跨越了好几个省。,The typhoon caused damage across several provinces.
迫切,pò qiè,形,urgent; pressing,5,⿺辶白,"{'type': 'pictophonetic', 'phonetic': '白', 'semantic': '辶', 'hint': 'walk'}",辶,迫切: Placed after nouns to describe urgent conditions or feelings.,她迫切地需要钱。,She needed money desperately.,我迫切需要冷饮。,I'm dying for a cold drink.,他迫切的需要找到工作,He urgently needs to find work.
期待,qī dài,动,anticipate; await; expect,5,⿰其月,"{'type': 'pictophonetic', 'phonetic': '其', 'semantic': '月', 'hint': 'moon'}",月,期待: Placed after subject to express anticipation or expectation of something.,敬请期待。,It's being arranged.,他到我期待。,I've been anticipating his arrival.,我很期待哦。,I look forward to it.
期间,qī jiān,名,time; period; duration,5,⿰其月,"{'type': 'pictophonetic', 'phonetic': '其', 'semantic': '月', 'hint': 'moon'}",月,期间: Placed after time-related nouns to indicate a period of time.,疫情期间注意安全。,Be careful during the pandemic.,汤姆在会议期间打瞌睡。,Tom dozed off during the meeting.,现在是看樱桃树的期间。,Right now is the time of year to see the cherry blossoms.
奇迹,qí jì,名,miracle; wonder; marvel,5,⿱大可,"{'type': 'ideographic', 'hint': 'A person 大 riding a horse 可'}",大,"奇迹: Serves as a noun referring to a miracle, wonder, or marvel in a sentence.",这是一个奇迹。,This is a miracle.,这药创造了奇迹。,The medicine worked marvels.,“每个人都能成为奇迹。”,"""Anyone can be a legend."""
其余,qí yú,代,the others; rest; remainder,5,⿱甘⿱一八,{},八,其余: Placed before nouns to indicate other remaining items or people.,你留在这儿，其余的人去外面,You stay here. Everyone else go outside.,我的神与我的信仰是唯一的真理，其余都是虚构。,"My God and my faith are the only true ones, and the others are just fiction.",,
启发,qǐ fā,动,inspire; illuminate; enlighten,5,⿸户口,"{'type': 'ideographic', 'hint': 'A door 户 being opened 口'}",口,启发: Placed after a subject to indicate inspiring or enlightening someone.,他们的评论很有启发性。,Their comments were illuminating.,我们对史密斯先生杰出的，给人启发的讲话表示感激。,"We express our gratitude for Mr Smith's outstanding, challenging speech.",,
企业,qǐ yè,名,enterprise; establishment; business,5,⿱人止,"{'type': 'ideographic', 'hint': 'A man 人 on his feet 止; 止 also provides the pronunciation'}",人,企业: Placed as a subject or object in sentences discussing business entities.,这是个企业生活区。,This is a company town.,企业第一季度收益大幅增长。,Corporate earnings in the first quarter improved sharply.,中小企业要勒紧裤带才能存活。,Small businesses will have to tighten their belts to survive.
气氛,qì fēn,名,atmosphere; air,5,⿱亻？,"{'type': 'ideographic', 'hint': 'A person 亻 breathing air'}",气,气氛: Placed after nouns to describe the atmosphere or mood of a situation.,总部里有另外一种气氛。,There was a different kind of atmosphere in the headquarters.,这个地方的气氛很神秘。,This place has a mysterious atmosphere to it.,这个地方有一种神秘的气氛。,This place has a mysterious atmosphere.
汽油,qì yóu,名,gasoline; petrol,5,⿰氵气,"{'type': 'ideographic', 'hint': 'Liquid 氵 gas 气; 气 also provides the pronunciation'}",氵,汽油: Used as a noun referring to gasoline/petrol in sentences.,没汽油了。,We ran out of gas.,我很确定我们有足够好的汽油回家。,I'm pretty sure we have enough gas to get home.,越来越多的环保者开始宣传和使用以环保的无铅汽油为燃料的汽车。,More and more environmentalists advocate and use environmentally friendly unleaded petrol in cars.
签,qiān,动,to sign,5,⿱⺮佥,"{'type': 'pictophonetic', 'phonetic': '佥', 'semantic': '⺮', 'hint': 'bamboo'}",⺮,签: Placed after verbs indicating actions that result in signing documents.,签,sign,zh,en,他在这里签了名。,He signed his name here.
谦虚,qiān xū,形,modest; self-effacing,5,⿰讠兼,"{'type': 'pictophonetic', 'phonetic': '兼', 'semantic': '讠', 'hint': 'speech'}",讠,谦虚: Used as an adjective to describe someone as modest.,我很谦虚。,I'm humble.,你太谦虚了。,You're too modest.,即使在受到表扬的时候，谦虚也是很重要的。,"Even when one is being praised, modesty is important."
前途,qián tú,名,future; prospect; promise,5,⿱⿱丷一刖,{},刂,前途: Placed as a noun to describe future prospects or potential.,前途一片阴暗。,The future looked very gloomy.,我为我前途奋斗。,I am fighting for my future.,你会前途无量的。,Your future is bright.
浅,qiǎn,形,light [colour]; shallow,5,⿰氵戋,"{'type': 'pictophonetic', 'phonetic': '戋', 'semantic': '氵', 'hint': 'water'}",氵,浅: Placed after nouns to describe light color or shallow depth.,这条河浅吗？,Is this river shallow?,汤姆很肤浅。,Tom is shallow.,天空是浅蓝的。,The sky is light blue.
欠,qiàn,动,yawn; owe; be behind with,5,⿱⺈人,"{'type': 'ideographic', 'hint': 'A man 人 yawning ⺈'}",欠,欠: Placed after verbs indicating owing or being behind with something.,她欠你多少？,How much does she owe you?,我不欠债。,I have no debt.,你欠我钱。,You owe me money.
枪,qiāng,名,spear; rifle; gun,5,⿰木仓,"{'type': 'pictophonetic', 'phonetic': '仓', 'semantic': '木', 'hint': 'wood'}",木,枪: Used as a noun to denote various types of firearms or spears.,你开过枪吗？,Have you ever shot a gun?,请不要开枪！,Please don't shoot.,你丢了步枪吗？,Did you lose your rifle?
墙,qiáng,名,wall,5,⿰土啬,"{'type': 'pictophonetic', 'semantic': '土', 'hint': 'earth', 'phonetic': '啬'}",土,"墙: A noun representing a physical structure, used as the subject or object in sentences.",烂泥扶不上墙。,You can't raise a cat to be a dog.,,,,
强调,qiáng diào,动,stress; emphasize; underline,5,⿰弓虽,"{'type': 'pictophonetic', 'semantic': '弓', 'hint': 'bow', 'phonetic': '虫'}",弓,强调: Placed before a statement to emphasize it.,我想特别强调这一点。,I want to emphasize this point in particular.,他强调了教育的重要性。,He placed emphasis on the importance of education.,他强调都市生活的便利方面。,He stressed the convenient aspects of city life.
强烈,qiáng liè,形,strong; intense; violent,5,⿰弓虽,"{'type': 'pictophonetic', 'semantic': '弓', 'hint': 'bow', 'phonetic': '虫'}",弓,强烈: Placed before nouns to describe intensity or strength.,我强烈反对妥协。,I am strongly opposed to a compromise.,那个感情非常强烈。,The feeling was really strong.,我没有强烈的欲望去学习。,I don't feel like studying.
抢,qiǎng,动,knock; grab; rob,5,⿰扌仓,"{'type': 'pictophonetic', 'phonetic': '仓', 'semantic': '扌', 'hint': 'hand'}",扌,抢: Placed after subject to indicate forcefully taking or grabbing something.,我被抢劫了。,I've been robbed.,你被抢劫过吗？,Have you ever been robbed?,把手举起来！这是抢劫。,Hands up! This is a robbery.
悄悄,qiāo qiāo,副,quietly; whisper; on the quiet,5,⿰忄肖,"{'type': 'pictophonetic', 'phonetic': '肖', 'semantic': '忄', 'hint': 'heart'}",忄,悄悄: Placed before a verb to indicate doing something quietly.,她悄悄地去了。,She went secretly.,我悄悄把信给了他。,I slipped the letter to him.,她跟你說了什麼悄悄話？,What did she whisper to you?
瞧,qiáo,动,look; see,5,⿰目焦,"{'type': 'pictophonetic', 'phonetic': '焦', 'semantic': '目', 'hint': 'eye'}",目,瞧: Placed before a verb to indicate looking at something with attention.,來瞧瞧！,Take a look!,走著瞧,Wait and see.,走着瞧！,Go and see!
巧妙,qiǎo miào,形,ingenious; clever,5,⿰工丂,"{'type': 'pictophonetic', 'phonetic': '丂', 'semantic': '工', 'hint': 'work'}",工,巧妙: Used as an adjective to describe something as ingenious or clever.,好巧妙啊。,That's clever.,戲法人人會變，各有巧妙不同。,Everyone's tricks are different; each differs in ingenious ways.,惠子巧妙地把碗碟迭起再拿到水槽。,Keiko deftly piles up the dishes and takes them to the sink.
切,qiē,动,cut; slice,5,⿰七刀,"{'type': 'pictophonetic', 'phonetic': '七', 'semantic': '刀', 'hint': 'knife'}",刀,切: Used as a verb to indicate cutting or slicing in a sentence.,切！,Tsk!,切記！,Be sure to remember!,切……讨厌！,Urgh... annoying!
亲爱,qīn ài,形,dear; beloved,5,⿱立⿻一小,"{'type': 'ideographic', 'hint': 'A tree 木 bearing fruit 立'}",立,亲爱: Used before nouns to express affection or endearment towards someone.,我亲爱的妈妈,My dear mother.,亲爱的，圣诞节快乐！,"Merry Christmas, my love!",亲爱的，我们跳舞吧。,"Let's dance, my darling."
亲切,qīn qiè,形,kind; amiable; cordial,5,⿱立⿻一小,"{'type': 'ideographic', 'hint': 'A tree 木 bearing fruit 立'}",立,亲切: Used as an adjective to describe kind and amiable qualities.,他总是对我很亲切。,He's always been kind to me.,她对大家都很亲切。,She was all kindness to everybody.,那个老人非常 亲切。,That old guy is really nice.
亲自,qīn zì,副,in person; oneself,5,⿱立⿻一小,"{'type': 'ideographic', 'hint': 'A tree 木 bearing fruit 立'}",立,亲自: Placed before a verb to indicate doing something personally.,他亲自来了。,He came in person.,我会亲自拜访你。,I will personally visit you.,,
勤奋,qín fèn,形,diligent; assiduous; industrious,5,⿰堇力,"{'type': 'pictophonetic', 'phonetic': '堇', 'semantic': '力', 'hint': 'strength'}",力,勤奋: Used as an adjective to describe someone's diligent nature.,他们说他非常勤奋。,They say that he's very diligent.,我们中国人都很勤奋。,We Chinese are hard workers.,日本人是勤奋的国民。,The Japanese are an industrious people.
青,qīng,形,blue or green [colour of water or grass],5,⿱龶月,{},青,青: Used as an adjective to describe blue or green colors.,她有刺青吗？,Does she have any tattoos?,她討厭青椒。,She hates green peppers.,我很喜歡青椒。,I like green peppers.
青春,qīng chūn,名,youth,5,⿱龶月,{},青,青春: A noun representing the concept of youth in a sentence.,青春只有一次。,Youth comes but once in life.,她懷念自己的青春歲月。,She pines for the days of her youth.,他是由跑步保养青春的活力。,He keeps his youth by jogging.
清淡,qīng dàn,形,light; mild; delicate,5,⿰氵青,"{'type': 'pictophonetic', 'phonetic': '青', 'semantic': '氵', 'hint': 'water'}",氵,清淡: Used as an adjective to describe light or mild flavors/tastes.,今天想吃清淡的食物呢。,Today I want to eat something light.,我早餐通常吃得很清淡。,I usually have a light breakfast.,,
青少年,qīng shào nián,名,youngsters,5,⿱龶月,{},青,"青少年: A noun referring to young people, used to describe or as subject/predicate object.",湯姆是個普通的青少年。,Tom is a normal teenager.,交通事故是美国青少年死亡的主要原因。,Car accidents are the leading cause of death for teenagers in the United States.,汤姆第一次上电视后就广受青少年的欢迎。,Tom became popular among teenagers as soon as he made his debut on the screen.
轻视,qīng shì,动,despise; look down on,5,⿰车⿱又工,"{'type': 'pictophonetic', 'phonetic': '工', 'hint': 'cart', 'semantic': '车'}",车,轻视: Placed after objects to indicate despising or looking down on them.,不要轻视了对手。,Don't hold your rival cheap.,另外一队轻视了我们。,The other team took us lightly.,,
轻易,qīng yì,副,easily,5,⿰车⿱又工,"{'type': 'pictophonetic', 'phonetic': '工', 'hint': 'cart', 'semantic': '车'}",车,轻易: Placed before a verb to indicate ease in performing an action.,不轻易发怒的，大有聪明。,He who is slow to anger has great understanding.,我不能让汤姆这么轻易杀了我。,I can't just let Tom kill me.,战争不是轻易就应该开始的，所以也不能够因为像打仗就改变宪法。,"War isn't something to be done lightly, also changing the constitution isn't something that should be done because ""I just really want to go to war""."
情景,qíng jǐng,名,scene; sight; circumstances,5,⿰忄青,"{'type': 'pictophonetic', 'phonetic': '青', 'semantic': '忄', 'hint': 'heart'}",忄,情景: Placed after verbs to describe situations or scenes.,我被这情景吓到了。,I was frightened by the sight.,咖啡师们该创造一个情景喜剧。,Baristas need to make a sitcom.,我决不会忘记去年与总统握手的情景。,I'll never forget shaking the President's hand last year.
情绪,qíng xù,名,mood; sentiments; feeling,5,⿰忄青,"{'type': 'pictophonetic', 'phonetic': '青', 'semantic': '忄', 'hint': 'heart'}",忄,情绪: A noun representing mood or sentiment in a sentence.,雨天让我情绪低落。,Rainy days make me depressed.,汤姆试着控制他的情绪。,Tom tried to control his emotions.,缅甸反华情绪正在增长。,Anti-Chinese sentiment is on the rise in Myanmar.
请求,qǐng qiú,动/名,request; demand; beg,5,⿰讠青,"{'type': 'pictophonetic', 'phonetic': '青', 'semantic': '讠', 'hint': 'speech'}",讠,请求: Used as a verb to ask for something politely or demand something firmly.,我请求她等一下。,I asked her to wait a moment.,我会接受他的请求。,I will accept his request.,他请求她给予优待。,He asked her to give him preferential treatment.
庆祝,qìng zhù,动,celebration(s); to celebrate,5,⿸广大,"{'type': 'ideographic', 'hint': 'A great 大 celebration in a house 广'}",广,庆祝: Placed as a verb to indicate the action of celebrating something.,汤姆不庆祝圣诞。,Tom doesn't celebrate Christmas.,你是怎样庆祝生日的？,How did you celebrate your birthday?,庆祝春节俗称过年。,Celebrating Spring Festival is commonly referred to as 'passing the year'.
球迷,qiú mí,名,fan (of a ball sport),5,⿰王求,"{'type': 'pictophonetic', 'phonetic': '求', 'semantic': '王', 'hint': 'jade'}",王,球迷: A noun referring to a fan of ball sports.,你不是個棒球迷嗎？,Aren't you a baseball fan?,体育场挤满了棒球迷。,The stadium was flooded with baseball fans.,我的哥哥是很狂热的足球迷。,My older brother is a very enthusiastic soccer fan.
趋势,qū shì,名,trend; tendency,5,⿺走刍,"{'type': 'pictophonetic', 'phonetic': '刍', 'semantic': '走', 'hint': 'run'}",走,趋势: Placed after verbs indicating direction or state of affairs.,趋势在改变,The trend is changing.,这个产品的趋势是增长的,The trend of this product is growing.,我们需要关注当前的趋势,We need to pay attention to the current trend.
娶,qǔ,动,marry [a woman],5,⿱取女,"{'type': 'ideographic', 'hint': 'To take 取 a wife 女; 取 also provides the pronunciation'}",女,娶: Used as a transitive verb to indicate marrying a woman.,我想娶瑪莉。,I mean to marry Mary.,他決定娶她。,He decided to marry her.,汤姆终身未娶。,Tom remained a bachelor until his death.
取消,qǔ xiāo,动,cancel; call off; abolish,5,⿰耳又,"{'type': 'ideographic', 'hint': 'A hand 又 taking the ear 耳 of a fallen enemy'}",又,取消: Placed after verbs to cancel actions or events.,航班取消了,The flight was cancelled.,会议取消了。,The meeting was called off.,我不能取消它。,I can't undo it.
去世,qù shì,动,die; pass away,5,⿱土厶,{},厶,去世: Placed after subjects to indicate someone's death.,54岁去世。,He died aged 54 years.,汤姆去世了。,Tom died.,他父亲去世了。,His father passed away.
圈,quān,名,circle; ring,5,⿴囗卷,"{'type': 'pictophonetic', 'phonetic': '卷', 'semantic': '囗', 'hint': 'enclosure'}",囗,圈: Used as a noun to refer to a circle or ring in a sentence.,画一个圈。,Draw a circle.,我喜歡甜甜圈。,I like doughnuts.,圆圈是红色的。,The circle is red.
权力,quán lì,名,power; authority,5,⿰木又,"{'type': 'pictophonetic', 'phonetic': '雚', 'semantic': '木', 'hint': 'wood'}",木,权力: Serves as a noun indicating power or authority in a sentence.,我没有权力。,I am devoid of power.,国王滥用权力。,The king abused his power.,他向权力屈服。,He succumbed to authority.
权利,quán lì,名,(legal) right; interest,5,⿰木又,"{'type': 'pictophonetic', 'phonetic': '雚', 'semantic': '木', 'hint': 'wood'}",木,权利: Placed after determiners to indicate legal rights or interests.,我没有权利干涉。,I had no right to interfere.,我们知道我们的权利。,We know our rights.,在权利斗争中，非友即敌。,"In a struggle of power, if you aren't with us, you're against us."
全面,quán miàn,形,all-round; entire; comprehensive;,5,⿱入玉,"{'type': 'ideographic', 'hint': 'Jade 玉 put away 入 for safe-keeping'}",入,全面: Placed before nouns to indicate all-round or comprehensive nature.,全面罷工癱瘓了整個國家。,The general strike paralyzed the whole country.,我想去医院做一个全面的检查。,I want to go to the hospital to get a complete check-up.,這艘貨運飛船將為太空站工作人員運送超過四噸的補給品、水、備件和實驗硬件，其中包括完成太空站電力系統全面升級所需的六塊新的鋰離子電池。,"The cargo craft will carry more than four tons of supplies, water, spare parts and experiment hardware for the station crew, including six new lithium-ion batteries needed to complete an overall update of the station’s electrical system."
劝,quàn,动,advise; urge; try to persuade,5,⿰又力,"{'type': 'ideographic', 'hint': 'The power 力 beside 又 the throne'}",力,劝: Placed after a subject and before a verb to indicate advising or urging someone to do something.,我们试着劝了他。,We tried to persuade him.,我劝告你别吃那个。,I'd advise you not to eat it.,你为什么不他的劝告？,Why wouldn't you listen to his advice?
缺乏,quē fá,动,be short of; lack; deficiency,5,⿰缶夬,"{'type': 'pictophonetic', 'phonetic': '夬', 'semantic': '缶', 'hint': 'jar'}",缶,缺乏: Placed before a noun to indicate lack of something.,你缺乏耐心。,You're impatient.,他缺乏常识。,He is lacking in common sense.,她缺乏常识。,She is lacking in common sense.
确定,què dìng,动,define; fix; determine,5,⿰石角,"{'type': 'pictophonetic', 'phonetic': '角', 'semantic': '石', 'hint': 'stone'}",石,确定: Placed as a verb to express defining or fixing something.,你确定？,Are you sure?,你确定吗？,Are you sure?,我不确定。,I'm not sure.
确认,què rèn,动,affirm; confirm; acknowledge,5,⿰石角,"{'type': 'pictophonetic', 'phonetic': '角', 'semantic': '石', 'hint': 'stone'}",石,确认: Placed after verbs to affirm or confirm actions or information.,请确认。,Please confirm.,您的订单确认如下。,We will confirm your order as follows.,他们确认了风险因素。,They identified the risk factors.
群,qún,名,group,5,⿰君羊,"{'type': 'pictophonetic', 'phonetic': '君', 'semantic': '羊', 'hint': 'sheep'}",羊,群: Placed before or after nouns to indicate a group of things/people.,群鸟南翔。,The birds flew to the south.,他太不合群。,He is unsociable.,獅群殺了角馬。,The lions killed the wildebeest.
燃烧,rán shāo,动,burn; kindle; set on fire,5,⿰火然,"{'type': 'pictophonetic', 'phonetic': '然', 'semantic': '火', 'hint': 'fire'}",火,燃烧: Placed as a verb in a sentence indicating the action of burning something.,塑料不易燃烧。,Plastic does not burn easily.,木头很容易燃烧。,Wood burns very easily.,,
绕,rào,动,wind; coil; move round,5,⿰纟尧,"{'type': 'pictophonetic', 'phonetic': '尧', 'semantic': '纟', 'hint': 'thread'}",纟,绕: Placed after a subject to indicate winding around an object.,狗绕着桌子走。,The dog is walking around the table.,游艇绕浮标航行。,The yacht sailed around a buoy.,日本被海环绕着。,Japan is surrounded by sea.
热爱,rè ài,动,have deep love for; love heartily,5,⿱执灬,"{'type': 'pictophonetic', 'phonetic': '执', 'semantic': '灬', 'hint': 'fire'}",灬,热爱: Placed before a noun to express deep affection for it.,他天生热爱冒险。,He has an innate love of adventure.,他真的很热爱音乐。,He really likes music a lot.,他们是热爱和平的人。,They are a peace-loving people.
热烈,rè liè,形,warm; heartily; fervent,5,⿱执灬,"{'type': 'pictophonetic', 'phonetic': '执', 'semantic': '灬', 'hint': 'fire'}",灬,热烈: Placed before nouns to describe warm or enthusiastic qualities.,我受到了热烈欢迎。,I received a warm welcome.,在莱斯特的时候很明显她们有很热烈的关系。,"When they were in Leicester, it was obvious that they had a very warm relationship.",,
热心,rè xīn,形,enthusiastic; ardent; earnest,5,⿱执灬,"{'type': 'pictophonetic', 'phonetic': '执', 'semantic': '灬', 'hint': 'fire'}",灬,热心: Placed before nouns to describe enthusiastic attitudes towards them.,热心的李明总是帮助别人。,"Li Ming, who is enthusiastic, always helps others.",王老师对教学工作非常热心。,Teacher Wang is very earnest about teaching work.,张阿姨是一个热心肠的人，经常参加社区活动。,Aunt Zhang is a warm-hearted person and often participates in community activities.
人才,rén cái,名,a talented person; talent,5,,"{'type': 'pictographic', 'hint': 'The legs of a human being'}",人,人才: A noun referring to a talented person or talent in a sentence.,逆境出人才。,"Adversity makes a man wise, not rich.",他善于在青年中识拔人才。,He is good at spotting young talent.,这家里应该没有男人才对。,There aren't supposed to be any men in this house.
人口,rén kǒu,名,population,5,,"{'type': 'pictographic', 'hint': 'The legs of a human being'}",人,人口: Placed after quantifiers to indicate population size.,人口正在增長。,The population is growing.,纽约有多少人口？,What is the population of New York?,東京有多少人口？,How large is the population of Tokyo?
人类,rén lèi,名,humanity,5,,"{'type': 'pictographic', 'hint': 'The legs of a human being'}",人,人类: Serves as a subject or object in sentences referring to humanity or humans.,我是人类。,I am human.,笑是人类特有的吗？,Is laughter a quality of man only?,人类是最蠢的猴子。,Humans are the silliest monkeys.
人民币,rén mín bì,名,Renminbi [Chinese currency],5,,"{'type': 'pictographic', 'hint': 'The legs of a human being'}",人,人民币: Used before numbers to denote Chinese currency amount.,请问，我要用美元换人民币，这儿可以换给我人民币吗？,"Excuse me, I'd like to exchange US dollars for RMB - can I get RMB here?",中国是三人在中等餐馆吃火锅自助餐一共值五块人民币而汉堡包比它贵五倍唯一的国家。您去搞明白吧......,"China's the only country where three people can eat at a mid-range hotpot buffet for only 5 RMB, but a hamburger costs five times as much. Figure that one out!",,
人生,rén shēng,名,[human] life,5,,"{'type': 'pictographic', 'hint': 'The legs of a human being'}",人,人生: Used as a noun to refer to the concept of human life or lifetime.,人生良苦。,Life is very hard.,那就是人生,Such is life!,這就是人生！,This is life!
人事,rén shì,名,human affairs matters; ways of the world,5,,"{'type': 'pictographic', 'hint': 'The legs of a human being'}",人,人事: Placed as a noun to refer to human affairs or organizational management.,你沒有干涉他人事務的權力。,You have no right to interfere in other people's affairs.,他被人发现倒在厨房的地板上，不省人事。,He was found lying unconscious on the kitchen floor.,,
人物,rén wù,名,character; figure; personage,5,,"{'type': 'pictographic', 'hint': 'The legs of a human being'}",人,人物: Serves as a noun referring to a character or personage in discourse.,我們視他為重要人物。,We regard him as an important man.,他是作家，還是政治人物。,He is an author and a politician.,小人物同样可以创造历史。,Small timers can also create history.
人员,rén yuán,名,personnel; staff,5,,"{'type': 'pictographic', 'hint': 'The legs of a human being'}",人,人员: A noun referring to personnel or staff in an organization.,感谢所有的翻译人员！,Thanks to all the translators!,非工作人员禁止入内。,No admittance except on business.,公安人员把小偷抓住了。,The policeman arrested the thief.
忍不住,rěn bu zhù,,unbearable; unable to restrain,5,⿱刃心,"{'type': 'ideographic', 'hint': 'A knife 刃 piercing the heart 心; 刃 also provides the pronunciation'}",心,忍不住: Placed after a verb to show inability to restrain an action.,她忍不住笑了。,She cannot but laugh.,我忍不住要大笑。,I could hardly keep from laughing.,他再也忍不住气了。,He couldn't hold his temper any longer.
日常,rì cháng,形,day-to-day; everyday; usual,5,⿴口一,"{'type': 'pictographic', 'hint': 'The sun'}",日,日常: Placed before nouns to indicate everyday or usual occurrences.,日常用品變得愈加貴了。,Daily commodities increased in price.,电视在日常生活中起着重要的作用。,TV plays an important part in everyday life.,熱愛生活中的日常瑣事，人生才會快樂。,"In order to make life happy, you must love the everyday trifles."
日程,rì chéng,名,programme; schedule; agenda for the day,5,⿴口一,"{'type': 'pictographic', 'hint': 'The sun'}",日,日程: Placed after nouns indicating the schedule for that context.,请让我看一下日程安排！,Please show me the schedule.,其次，按照日程今天有将要发布的项目吗？,"Secondly, is there any project scheduled to be released today?",日程表只受到了这次延误的轻微影响。,The schedule is only slightly affected by this delay.
日历,rì lì,名,calendar,5,⿴口一,"{'type': 'pictographic', 'hint': 'The sun'}",日,日历: A noun referring to a calendar used to track dates.,在西班牙日历中，一周的开始是周一。,"In the Spanish calendar, the week begins with Monday.",日历上画着红圈的截稿日期使我陷入了焦虑。,The red circle on the calendar marking the deadline causes me to fall into anxiety.,,
日期,rì qī,名,date,5,⿴口一,"{'type': 'pictographic', 'hint': 'The sun'}",日,日期: Placed as a noun in sentences to indicate a specific date.,請列出備選日期。,Please list alternate dates.,我把日期弄錯了。,I got the date wrong.,生产日期在盖子上。,The date of manufacture is shown on the lid.
日用品,rì yòng pǐn,名,articles for everyday use,5,⿴口一,"{'type': 'pictographic', 'hint': 'The sun'}",日,日用品: Noun referring to everyday items used regularly.,你去那個超級市場，幾乎甚麼日用品都買得到。,"If you go to that supermarket, you can buy most things you use in your daily life.",,,,
日子,rì zi,名,life,5,⿴口一,"{'type': 'pictographic', 'hint': 'The sun'}",日,日子: A noun representing days or daily life in a sentence.,今天是什么日子？,What day is it today?,明天是个大日子。,Tomorrow's going to be a big day.,今天是个好日子。,Today is a good day.
如何,rú hé,代,how,5,⿰女口,"{'type': 'ideographic', 'hint': ""A wife 女 following her husband's words 口""}",女,如何: Placed at the beginning of a question to ask about the method or way.,考得如何？,How did you do on your exam?,这计划如何？,How is this plan?,你如何减压？,How do you relieve stress?
如今,rú jīn,名,nowadays; these days,5,⿰女口,"{'type': 'ideographic', 'hint': ""A wife 女 following her husband's words 口""}",女,如今: Placed at the beginning of a sentence to indicate current times or present situation.,如今肉類價格昂貴。,Meat is expensive nowadays.,城堡如今已经成了废墟。,The castle is now in ruins.,如今很多的货物都由飞机运送。,Many goods are now transported by air.
软,ruǎn,形,soft,5,⿰车欠,"{'type': 'pictophonetic', 'phonetic': '欠', 'semantic': '车', 'hint': 'cart'}",车,软: Placed before nouns to describe softness.,这很软。,That's soft.,他是个软蛋。,He is a coward.,软件又崩溃了。,The app crashed again.
软件,ruǎn jiàn,名,software,5,⿰车欠,"{'type': 'pictophonetic', 'phonetic': '欠', 'semantic': '车', 'hint': 'cart'}",车,软件: Serves as a noun referring to software in sentences.,软件又崩溃了。,The app crashed again.,软件又闪退了。,The app crashed again.,软件正在不断进化。,Software is constantly evolving.
弱,ruò,形,weak; feeble,5,⿰⿹弓冫⿹弓冫,"{'type': 'ideographic', 'hint': 'Two shoots 弓 dying to frost 冫'}",弓,弱: Placed after nouns to describe weakness or feebleness.,弱肉强食。,The weak are food for the strong.,克服弱点。,Overcome weakness.,谁都有弱点。,Everybody has weaknesses.
洒,sǎ,动,sprinkle; spray; spill,5,⿰氵西,"{'type': 'pictophonetic', 'phonetic': '西', 'semantic': '氵', 'hint': 'water'}",氵,洒: Placed after a subject to indicate sprinkling or spilling an object.,湯姆把飲料洒到了自己身上。,Tom spilled his drink on himself.,,,,
嗓子,sǎng zi,名,throat; larynx,5,⿰口桑,"{'type': 'pictophonetic', 'phonetic': '桑', 'semantic': '口', 'hint': 'mouth'}",口,嗓子: A noun referring to the throat or larynx in a sentence.,一根鱼刺卡在我嗓子里了。,A fish bone has stuck in my throat.,早上起来，嗓子变得很沙哑，我想是不是感冒了。,I've had a scratchy throat since this morning. I wonder if I've caught a cold.,這位歌手擁有一副好嗓子，但我認為他不會受到年輕人的喜愛。,"The singer has a good opera voice, but I don't think he'll catch on with young people."
色彩,sè cǎi,名,colour; hue; tint,5,⿱⺈巴,"{'type': 'ideographic', 'hint': 'What a person ⺈ desires 巴'}",色,色彩: Placed as a noun to refer to colors or hues in a sentence.,她从姜黄里提取美丽色彩。,She extracts beautiful colors from turmeric.,胡蘿蔔為我的餐點增添了色彩。,Carrots add color to my meals.,藝術家必須擁有敏銳的色彩眼光。,An artist has to have a color-sensitive eye.
杀,shā,动,kill; slaughter; in the extreme,5,⿱乂木,"{'type': 'ideographic', 'hint': 'To kill 乂 someone and bury them in a coffin 木'}",木,杀: Placed as a verb to indicate the act of killing or slaughtering.,杀汤姆。,Kill Tom.,杀我吧。,Kill me.,把他杀了！,Kill him!
沙漠,shā mò,名,desert,5,⿰氵少,"{'type': 'pictophonetic', 'phonetic': '少', 'semantic': '氵', 'hint': 'water'}",氵,沙漠: Used as a noun to refer to a desert in a sentence.,沙漠中有綠洲。,There is an oasis in the desert.,我想是在沙漠里。,"In the desert, I think.",駱駝是沙漠之舟。,A camel is to the desert what a ship is to the sea.
沙滩,shā tān,名,beach,5,⿰氵少,"{'type': 'pictophonetic', 'phonetic': '少', 'semantic': '氵', 'hint': 'water'}",氵,"沙滩: A noun referring to a beach, used as a subject or object in sentences.",我在沙滩。,I'm at the beach.,我在沙滩打排球。,I'm on the beach playing volleyball.,我们在沙滩上起了火。,We built a fire on the beach.
傻,shǎ,形,stupid; muddleheaded; silly,5,⿰亻⿳囟八夂,"{'type': 'ideographic', 'hint': 'A man 亻 being hit 夂 on the head 囟'}",亻,傻: Used as an adjective to describe someone as stupid or silly.,你傻嗎？,Are you stupid?,傻瓜。,Dickhead.,你傻啊！,You are an idiot!
晒,shài,动,shine upon; dry in the sun; bask,5,⿰日西,"{'type': 'pictophonetic', 'phonetic': '西', 'semantic': '日', 'hint': 'sun'}",日,晒: Placed after a subject to indicate basking or drying in the sun.,他晒不黑。,He doesn't tan.,涂点防晒吧。,Put on some sunscreen.,我不想晒黑。,I don't want to get a suntan.
删除,shān chú,动,to delete; strike out; cut out,5,⿰册刂,"{'type': 'ideographic', 'hint': 'To cut 刂 out passages from a book 册'}",刂,删除: Placed after subject to indicate deleting or removing something.,我删除了这个应用。,I've deleted the app.,你现在可以删除它。,You can delete that now.,从申请单中删除他的名字。,Delete his name from the list of the applicants.
闪电,shǎn diàn,名,lightning,5,⿵门人,"{'type': 'ideographic', 'hint': 'A man 人 just glimpsed through a door 门'}",门,闪电: Used as a noun to refer to lightning in a sentence.,闪电照亮了天空。,The lightning lit up the sky.,一道闪电划破天空。,A sharp crack of thunder split the sky.,,
善良,shàn liáng,形,good and honest; kindhearted,5,⿱羊⿱⿱丷一口,"{'type': 'ideographic', 'hint': 'To give someone food 羊 and conversation 口'}",口,善良: Used as an adjective to describe someone's good and kind nature.,她心地善良。,The girl has a sweet heart.,他天性善良。,He's good by nature.,上帝永遠善良。,God is good at all times.
善于,shàn yú,动,be good at; be adept in,5,⿱羊⿱⿱丷一口,"{'type': 'ideographic', 'hint': 'To give someone food 羊 and conversation 口'}",口,善于: Placed before a verb to indicate proficiency in an activity.,她很善于砍价。,She's good at bargaining the price down.,他不善于记人名。,He's not good at remembering names.,他善于在青年中识拔人才。,He is good at spotting young talent.
扇子,shàn zi,名,fan,5,⿸户羽,"{'type': 'ideographic', 'hint': 'A feathered 羽 fan in the shape of a folding door 户'}",户,扇子: A noun representing a fan.,这是一把中式扇子。,This is a Chinese fan.,,,,
伤害,shāng hài,动,to injure,5,⿰亻⿱？力,{},亻,伤害: Placed after subjects to indicate injuring actions.,不要伤害她！,Don't hurt her.,你要伤害她吗？,Are you going to hurt her?,没人要伤害你。,No one would hurt you.
商品,shāng pǐn,名,goods; merchandise; wares,5,⿱⿱亠丷冏,"{'type': 'pictophonetic', 'phonetic': '章', 'semantic': '冏', 'hint': 'bright'}",口,商品: Placed as a noun in sentences to refer to goods or merchandise.,这个商品已售罄。,This product is already sold out.,大量生產降低許多商品的價格。,Mass production reduced the price of many goods.,那商店里的商品全都打九折呢。,Everything at that store is 10 percent off the regular price.
商务,shāng wù,名,commercial affairs,5,⿱⿱亠丷冏,"{'type': 'pictophonetic', 'phonetic': '章', 'semantic': '冏', 'hint': 'bright'}",口,商务: Used as a noun to refer to commercial affairs or business matters.,商務很重要。,Business is very important.,我们明天讨论商务事项。,We will discuss business matters tomorrow.,他的工作是处理商务问题。,His job is to handle business issues.
商业,shāng yè,名,commerce; trade; business,5,⿱⿱亠丷冏,"{'type': 'pictophonetic', 'phonetic': '章', 'semantic': '冏', 'hint': 'bright'}",口,商业: Serves as a noun indicating commerce or business in a sentence.,大坂是日本的商业中心。,Osaka is the center of commerce in Japan.,我坚信他在商业界会有所作为。,I'm sure he will go far in the business world.,許多網路公司为求生存而需要新颖的商业模式。,Many on-line companies need to have a new approach to business to survive.
上当,shàng dàng,动,be taken in; be fooled; be duped,5,⿱⺊一,"{'type': 'ideographic', 'hint': 'One stroke on top of another; compare 下 (below)'}",一,上当: Placed after verbs indicating actions that lead to being deceived.,他上当了。,He was fooled.,我不会上当的。,I won't be fooled.,它是给容易上当受骗的人的。,That's for suckers.
蛇,shé,名,snake; serpent,5,⿰虫它,"{'type': 'pictophonetic', 'phonetic': '它', 'semantic': '虫', 'hint': 'worm'}",虫,蛇: A noun representing snake or serpent in a sentence.,魯蛇！,Loser!,他怕蛇。,He is afraid of snakes.,他害怕蛇。,He is afraid of snakes.
舍不得,shě bu de,动,hate to part with; be loath to leave,5,⿱人舌,"{'type': 'pictophonetic', 'phonetic': '舌', 'semantic': '人', 'hint': 'the shape of a roof'}",舌,舍不得: Placed after a verb to express reluctance or unwillingness to part with something.,我们的老板就连给我们涨一点工资都舍不得。,Our boss begrudged us even a small raise in pay.,,,,
设备,shè bèi,名,equipment; device,5,⿰讠殳,"{'type': 'pictophonetic', 'phonetic': '殳', 'semantic': '讠', 'hint': 'speech'}",讠,设备: Placed as a noun in sentences to refer to equipment or devices.,这是台旧设备。,This is an old device.,设备是便携的。,The device is portable.,,
射击,shè jī,动,shoot; fire,5,⿰身寸,"{'type': 'pictographic', 'hint': 'A bow 身 being drawn by a hand 寸'}",寸,射击: Placed as a main verb in a sentence indicating the action of shooting.,停止射击。,Stop shooting.,,,,
设计,shè jì,动,design,5,⿰讠殳,"{'type': 'pictophonetic', 'phonetic': '殳', 'semantic': '讠', 'hint': 'speech'}",讠,设计: 动词，表示设计动作。,这份设计很蠢。,This is a stupid design.,润滑系统设计得不好。,The lubrication system was poorly designed.,,
设施,shè shī,名,facilities,5,⿰讠殳,"{'type': 'pictophonetic', 'phonetic': '殳', 'semantic': '讠', 'hint': 'speech'}",讠,"设施: A noun referring to facilities, placed after descriptive words if modified.",这套房子设施便利齐全。,The house has all the conveniences.,小区安全吗？夜晚有照明设施吗？,Is this community safe? Are there lighting installations for the night?,国家发展和改革委员会的报告说，农村电信基础设施的快速推进是网民人数增长的主要原因。,The report from the National Development and Reform Committee says that the advance in rural high-speed telecommunication infrastructure is the main reason for the increase in Internet users.
摄影,shè yǐng,动,take a photograph; shoot a film,5,⿰扌聂,"{'type': 'pictophonetic', 'phonetic': '聂', 'semantic': '扌', 'hint': 'hand'}",扌,摄影: 动词，表示拍摄照片或影片。,我对摄影感兴趣。,I have an interest in photography.,那个摄影师是哪国人？,What's the nationality of that cameraman over there?,,
伸,shēn,动,stretch; extend,5,⿰亻申,"{'type': 'ideographic', 'hint': 'To extend your confidence 申 to another person 亻; 申 also provides the pronunciation'}",亻,伸: Placed after subject to indicate stretching or extending action.,起司非常能伸展。,The cheese is very stretchy.,他伸长了他的右手。,He extended his right arm.,他伸直了他的手臂。,He stretched his arm.
身材,shēn cái,名,stature; figure,5,,"{'type': 'pictographic', 'hint': 'A pregnant woman'}",身,身材: Placed after descriptors to refer to one's figure or build.,速成好身材。,Get fit fast.,她有著一頭金髮，瘦高的身材。,She has blonde hair and a slim figure.,现代版旗袍因能突显女人的身材而闻名。,The modernized version of the qipao is noted for accentuating the female figure.
身份,shēn fèn,名,identity,5,,"{'type': 'pictographic', 'hint': 'A pregnant woman'}",身,身份: Placed after descriptors to specify one's role or identity.,身份证你带来吗？,Have you brought your ID card with you?,这是我的身份证。,This is my I.D. card.,他要了她的身份證。,He asked her for her ID.
深刻,shēn kè,形,deep; profound,5,⿰氵罙,"{'type': 'ideographic', 'hint': 'Deep 罙 water 氵'}",氵,深刻: Placed after nouns or before verbs to describe profundity.,您使我印象深刻。,You have left a heavy impression on me.,我对她有很深刻的印象。,I find her very impressive.,我对那天的印象很深刻。,That day left a deep impression on me.
神话,shén huà,名,myth; fairy tale,5,⿰礻申,"{'type': 'pictophonetic', 'phonetic': '申', 'semantic': '礻', 'hint': 'spirit'}",礻,神话: Serves as a noun referring to myth or fairy tale in sentences.,保罗的成功是一个神话。,Paul's success was a myth.,在希腊神话中，阿瑞斯是战争之神。,"In Greek mythology, Ares was the god of war.",竞选活动因为年轻人的支持而越来越有声势，他们拒绝了他们那一代对政治不感兴趣的神话，他们离开家，从事那些薪水少而且辛苦的工作。,"It drew strength from the young people who rejected the myth of their generation's apathy, who left their homes and their families for jobs that offered little pay and less sleep."
神秘,shén mì,动,mysterious; mystical,5,⿰礻申,"{'type': 'pictophonetic', 'phonetic': '申', 'semantic': '礻', 'hint': 'spirit'}",礻,神秘: Used as an adjective to describe something mysterious or mystical.,自然充满了神秘。,Nature is full of mysteries.,你為什麼這麼神秘？,Why are you being so secretive?,这个地方的气氛很神秘。,This place has a mysterious atmosphere to it.
升,shēng,动,litre; to promote; to rise,5,⿻十？,{},十,"升: Used as a verb to indicate rising or promoting, or as a noun for litre.",速度提升。,Faster.,水在升高。,The water is rising.,她晉升了。,She was promoted.
生产,shēng chǎn,动,produce; manufacture; give birth to,5,⿻一土,"{'type': 'ideographic', 'hint': ' A shoot 屮 growing in the soil 土'}",生,生产: Placed as a verb to indicate producing or manufacturing something.,生产日期在盖子上。,The date of manufacture is shown on the lid.,这家工厂生产电炉。,This factory manufactures electric stoves.,这家工厂生产CD机。,This factory manufactures CD players.
声调,shēng diào,名,tone; pitch of voice,5,⿱士？,"{'type': 'ideographic', 'hint': 'Simplified form of 聲; see that character for the etymology'}",士,声调: Indicates the pitch pattern of a syllable in Chinese language.,请把音乐声调小！,Please turn down the music.,她声调突然变了。,There was a sudden change in her tone.,,
生动,shēng dòng,形,lively; vivid,5,⿻一土,"{'type': 'ideographic', 'hint': ' A shoot 屮 growing in the soil 土'}",生,生动: Placed after nouns to describe them as lively or vividly described.,狐狸是野生动物。,A fox is a wild animal.,该国严禁进口稀有野生动物。,The importation of rare wild animals to this country is strictly prohibited.,为了看野生动物，他去了非洲。,He went to Africa to see wild animals.
生长,shēng zhǎng,动,to grow,5,⿻一土,"{'type': 'ideographic', 'hint': ' A shoot 屮 growing in the soil 土'}",生,生长: Placed after subject to indicate growth process.,他在东京出生长大。,He was born and brought up in Tokyo.,这棵树停止生长了。,The tree stopped growing.,我在东京出生长大。,I was born and raised in Tokyo.
绳子,shéng zi,名,cord; rope; string,5,⿰纟黾,"{'type': 'pictophonetic', 'phonetic': '黾', 'semantic': '纟', 'hint': 'thread'}",纟,"绳子: A noun representing cord, rope, or string in a sentence.",绳子在哪里？,Where's the rope?,我放开了绳子。,I let go of the rope.,他抓住了绳子。,He caught hold of the rope.
省略,shěng lüè,动,leave out; omit; abbreviation,5,⿱少目,"{'type': 'pictophonetic', 'phonetic': '少', 'semantic': '目', 'hint': 'division'}",目,省略: Used before a word or phrase to indicate omission.,我省略了什麼？,What did I omit?,省略掉无用的词！,Omit needless words!,,
胜利,shèng lì,动,win; victory; triumph,5,⿰⺼生,"{'type': 'pictophonetic', 'phonetic': '生', 'semantic': '⺼', 'hint': 'flesh'}",⺼,胜利: Used as a noun to refer to a win or victory in a sentence.,汤姆胜利了。,Tom won.,正义终将胜利。,Justice will prevail in the end.,汤姆获得了胜利。,Tom was victorious.
诗,shī,名,poetry; verse,5,⿰讠寺,"{'type': 'pictophonetic', 'phonetic': '寺', 'semantic': '讠', 'hint': 'speech'}",讠,诗: Serves as a noun referring to poetry or verse in a sentence.,我写诗。,I write poems.,诗人写诗。,Poets write poems.,这是谁写的诗？,Who wrote these poems?
失眠,shī mián,动,lose sleep; wakefulness; insomnia,5,⿻丿夫,"{'type': 'ideographic', 'hint': 'Something 丿 falling from a hand 夫'}",大,失眠: Used as a noun to describe the state of insomnia or loss of sleep.,我有失眠症。,I can't sleep at night.,小李經常失眠，因为他的鄰居老是大聲地吵架。,Xiaoli often loses sleep because his neighbours are always arguing loudly.,,
失去,shī qù,动,lose,5,⿻丿夫,"{'type': 'ideographic', 'hint': 'Something 丿 falling from a hand 夫'}",大,失去: Placed after verbs to indicate loss of something.,我要失去什麼？,What have I got to lose?,我對你失去信心,I've lost faith in you.,我要失去它了。,I'm going to miss that.
湿润,shī rùn,形,moist,5,⿰氵显,"{'type': 'pictophonetic', 'phonetic': '显', 'semantic': '氵', 'hint': 'water'}",氵,湿润: Used as an adjective to describe something moist.,因为气候又暖和又湿润，所以广州一年到头都有花。,"With a warm and wet climate, Guangzhou has fresh flowers all year round.",,,,
失业,shī yè,名,lose one's job; be out of work; be unemployed,5,⿻丿夫,"{'type': 'ideographic', 'hint': 'Something 丿 falling from a hand 夫'}",大,失业: Used as a noun to describe the state of being out of work.,他失业了。,He has lost his job.,数千人失业。,Thousands of people lost their jobs.,失业率上升到5%。,The unemployment rate went up to 5%.
狮子,shī zi,名,lion,5,⿰犭师,"{'type': 'pictophonetic', 'phonetic': '师', 'semantic': '犭', 'hint': 'animal'}",犭,狮子: A noun representing a lion in sentences.,狮子很强壮。,A lion is strong.,狮子是丛林之王。,The lion is the king of the jungle.,狮子是万兽之王。,The lion is the king of beasts.
时差,shí chā,名,time difference,5,⿰日寸,"{'type': 'pictophonetic', 'semantic': '日', 'hint': 'day'}",日,时差: Indicates time difference between regions or times.,时差使我很难按时睡觉。,The time difference makes it hard for me to sleep on time.,我们调整了表，以适应这个城市的时间差。,We adjusted our watches to adapt to the time difference in this city.,由于时差的原因，我需要早点起床。,"Due to the time difference, I need to wake up earlier."
时代,shí dài,名,times; age; era,5,⿰日寸,"{'type': 'pictophonetic', 'semantic': '日', 'hint': 'day'}",日,时代: Placed after time-related nouns as a classifier or topic.,时代在变化。,Times are changing.,革命迎来了新时代。,The revolution ushered in a new era.,他是时代杂志的记者。,He is a reporter for Time magazine.
实话,shí huà,名,truth,5,⿱宀头,{},宀,实话: Used as a noun to express truth directly.,实话？,The truth?,说实话，我恨汤姆。,"I hate Tom, to tell you the truth.",我知道你说实话。,I know that you've been telling the truth.
实践,shí jiàn,动,put into practice; carry out,5,⿱宀头,{},宀,实践: Placed as a verb to indicate carrying out or putting into practice an action.,实践出真知。,Experience brings wisdom.,这个工作需要实践。,This job calls for practice.,我们怎样才能将其付出实践？,How can we put it into practice?
时刻,shí kè,名,time; hour; moment,5,⿰日寸,"{'type': 'pictophonetic', 'semantic': '日', 'hint': 'day'}",日,时刻: Placed after time-related nouns to specify exact timing or moment.,这是一个伟大的时刻。,This is a great moment.,我们的方案在最后的时刻失败了。,Our plans fell through at the last minute.,太空竞赛是历史上激动人心的时刻。,The space race was an exciting time in history.
时髦,shí máo,形,fashionable; stylish; in vogue,5,⿰日寸,"{'type': 'pictophonetic', 'semantic': '日', 'hint': 'day'}",日,时髦: Used as an adjective to describe something or someone as fashionable.,赶上时髦,Get with it.,短裙不时髦了。,The short skirt is out of fashion.,虽然时髦一点，但是价钱太大！,"It's kind of in vogue, but the price is too much!"
时期,shí qī,名,period,5,⿰日寸,"{'type': 'pictophonetic', 'semantic': '日', 'hint': 'day'}",日,时期: Placed after time-related nouns to specify a period.,非常时期需要非常措施。,Desperate times call for desperate measures.,这个宗教当时处于全盛时期。,The religion was in its glory in those days.,最早的琵琶大约在秦朝时期发明的。,The first lute was invented during the Qin dynasty.
时尚,shí shàng,形,vogue; trend; fashion,5,⿰日寸,"{'type': 'pictophonetic', 'semantic': '日', 'hint': 'day'}",日,时尚: Used as an adjective before nouns to describe trendy items or styles.,今年的时尚潮流完全不同于去年。,This year's fashions are completely different from last year's.,跟上最近潮流时尚是件非常花钱的事儿。,It is very expensive to keep up with the latest fashions.,旗袍因有与众不同的特点而在国际时尚界享有与日俱增的名望。,"With its distinctive Chinese features, the qipao enjoys growing popularity in the international world of high fashion."
石头,shí tou,名,rock; stone,5,⿸厂口,"{'type': 'ideographic', 'hint': 'A rock 口 at the base of a cliff 厂'}",石,石头: A noun representing rock or stone in a sentence.,石头剪刀布！,"Rock-paper-scissors, shoot!",这是什么石头？,What kind of stone is this?,我建石头房子。,I build houses out of stone.
食物,shí wù,名,food,5,⿱人良,"{'type': 'pictographic', 'hint': 'A dish of food 良 with a lid on top 人'}",食,"食物: A noun referring to food, used as the subject or object in sentences.",食物怎麼樣？,How was the food?,它是食物。,It's food.,誰來準備食物？,Who will prepare the food?
实习,shí xí,动,practice; fieldwork; internship,5,⿱宀头,{},宀,实习: Used as a verb to describe participating in practical work experience.,我在写实习报告。,I am writing my internship report.,,,,
实现,shí xiàn,动,realise; achieve; bring about,5,⿱宀头,{},宀,实现: Placed after verbs to indicate realization or achievement of goals.,你的梦想实现了吗？,Did your dream become reality?,你的梦想实现了。,Your dreams have come true.,有时候梦想会实现。,Dreams sometimes do come true.
实验,shí yàn,名,experiment; test; trial run,5,⿱宀头,{},宀,"实验: Serves as a noun indicating an experiment, test, or trial run in a sentence.",他的实验用了鸽子。,He used pigeons in his experiment.,实验室里的空调坏了。,The air conditioner in the lab is broken.,实验证明了他的理论。,The experiment confirmed his theory.
实用,shí yòng,形,practical; pragmatic; functional,5,⿱宀头,{},宀,实用: Placed after a noun to describe its practicality or functionality.,这不实用。,It's not practical.,这本字典对我很实用。,The dictionary is of great use to me.,有一台笔记本电脑很实用。,It's practical to have a laptop.
使劲儿,shǐ jìn er,动,exert all one's strength,5,⿰亻吏,"{'type': 'ideographic', 'hint': 'A person 亻 working for the government 吏'}",亻,使劲儿: Placed after a verb to intensify effort or action.,zh,en,他使劲儿推门，终于把门打开了,He pushed the door with all his strength and finally opened it.,我使劲儿跑，想赶上公交车,I ran as fast as I could to catch the bus.
始终,shǐ zhōng,副,from beginning to end; from start to finish; throughout,5,⿰女台,"{'type': 'pictophonetic', 'phonetic': '台', 'semantic': '女', 'hint': 'woman'}",女,始终: Placed before verbs to indicate persistence from start to finish.,愚昧始终是危险的。,Ignorance is always dangerous.,她始终没致电给我。,She never phoned me.,我们必须始终为灾害做好准备。,We must always be prepared for disasters.
士兵,shì bīng,名,private; rank-and-file soldier,5,,{},士,士兵: Functions as a noun referring to a soldier in a sentence.,士兵給了我水。,The soldier gave water to me.,我的兒子是士兵。,My sons are soldiers.,士兵們工作很努力。,The soldiers are working hard.
市场,shì chǎng,名,market,5,⿱亠巾,{},巾,市场: Serves as a noun indicating a place for buying and selling goods.,我要去市场。,I will go to the market.,他每天去市场。,He goes to the market everyday.,市场上涨了半点。,The market rose half a point.
似的,shì de,助,as; -like,5,⿰亻以,"{'type': 'ideographic', 'hint': 'One person 亻 resembles another'}",亻,似的: Placed after nouns or phrases to indicate resemblance.,死了就像做梦似的。,Death is like dreaming.,他睡得像个宝贝似的。,He's sleeping like a baby.,你看起來好像餓了似的。,You look like you're hungry.
试卷,shì juàn,名,examination paper; test paper,5,⿰讠式,"{'type': 'pictophonetic', 'phonetic': '式', 'semantic': '讠', 'hint': 'speech'}",讠,试卷: Placed as a noun in sentences referring to examination papers or test papers.,我是最后交的考试卷。,I was the last one to turn in my test.,他仔细地查了一遍自己的试卷。,He carefully checked his test paper.,老师肯定厌倦了一遍又一遍地纠正学生试卷中同样的错误。,Teachers must get tired of rectifying the same mistakes over and over again in their students' papers.
事实,shì shí,名,fact,5,⿻⿳一口彐亅,{},亅,事实: Placed as a subject or object to denote a fact or reality.,事实上。,Actually.,这是事实。,It's the truth.,我知道事实。,I know the facts.
事物,shì wù,名,thing; object,5,⿻⿳一口彐亅,{},亅,事物: Serves as a noun representing objects or things in a sentence.,数学喜欢证明事物。,Mathematicians love to prove things.,她总是尝试新事物。,She is always trying new things.,一切事物皆是相對的。,Everything is relative.
事先,shì xiān,名,in advance; beforehand,5,⿻⿳一口彐亅,{},亅,事先: Placed before a verb to indicate actions done in advance.,你必須事先預約。,You have to make a reservation.,請你事先把計劃告訴我。,Please let me know the schedule beforehand.,事先打个招呼，别叫我临时抓瞎。,Let me know beforehand instead of catching me on the hop at the last minute.
收获,shōu huò,动,gather in the crops; harvest; reap,5,⿰丩攵,"{'type': 'pictophonetic', 'phonetic': '丩', 'semantic': '攵', 'hint': 'hand'}",攵,收获: Used as a verb to indicate gathering crops or reaping results.,这些田有很多收获。,These fields produce a rich harvest.,意料之外，收获颇丰。,"Unexpectedly, I struck fortune.",一分耕耘，一分收获。,"No pain, no gain."
收据,shōu jù,名,receipt; acquittance,5,⿰丩攵,"{'type': 'pictophonetic', 'phonetic': '丩', 'semantic': '攵', 'hint': 'hand'}",攵,收据: A noun representing a receipt or acquittance in financial transactions.,你有没有收据？,Have you a receipt?,,,,
首,shǒu,量,"first (occasion, thing etc.)",5,⿱丷自,"{'type': 'ideographic', 'hint': ""A deer's head 自 adorned with antlers 丷""}",首,首: Placed before nouns to indicate the first in a sequence.,首長好！,"Hello, Chief!",我住在首都。,I live in the capital.,請唱一首歌。,Please sing a song.
手工,shǒu gōng,名,by hand; manual; handmade,5,,"{'type': 'pictographic', 'hint': 'A hand with the fingers splayed'}",手,手工: Used before nouns to describe handmade items.,这块地毯是手工制作的。,This rug is handmade.,该地区因它的手工业而出名。,This area is famous for its handcraft business.,孩子們常用彩紙製作手工藝品。,Children often use construction paper to make crafts.
手术,shǒu shù,名,surgical operation; operation,5,,"{'type': 'pictographic', 'hint': 'A hand with the fingers splayed'}",手,手术: A noun referring to a surgical operation or procedure.,该手术无痛。,The procedure is painless.,你是否同意手术？,Do you give your consent to the operation?,我需要做手术吗？,Do I need surgery?
手套,shǒu tào,名,gloves,5,,"{'type': 'pictographic', 'hint': 'A hand with the fingers splayed'}",手,"手套: A noun representing gloves, used as an object in sentences.",他戴着手套。,He is wearing gloves.,那是您的手套嗎？,Are these your gloves?,汤姆戴着手套。,Tom is wearing gloves.
手续,shǒu xù,名,procedures; routine; process,5,,"{'type': 'pictographic', 'hint': 'A hand with the fingers splayed'}",手,手续: Placed after verbs indicating necessary procedures for actions.,手续费是多少？,How much is the commission?,我们去办一下手续吧。,Let's deal with the formalities.,如果你不按照安全手续来的话，你可能会受伤的。,You may injure yourself if you don't follow safety procedures.
手指,shǒu zhǐ,名,finger,5,,"{'type': 'pictographic', 'hint': 'A hand with the fingers splayed'}",手,"手指: Noun indicating a finger, used as subject or object in sentences.",不能用手指人。,Don't point at others.,汤姆切到了手指。,Tom cut his finger.,好痛！被门夹到手指了！,Ouch! My finger got caught in the door.
寿命,shòu mìng,名,life span; lifetime,5,⿸丰寸,"{'type': 'ideographic', 'hint': 'Altered form of 老'}",寸,寿命: Placed after quantifiers or as a standalone noun to refer to life span.,蝴蝶的寿命短。,The life span of a butterfly is short.,海龟的寿命很长。,Sea turtles have a long lifespan.,女人通常比男人寿命长。,Women generally live longer than men.
受伤,shòu shāng,动,be injured; be wounded,5,⿳爫冖又,"{'type': 'ideographic', 'hint': 'Something 冖 passed from one hand 爫 to another 又'}",又,受伤: Placed after subject to indicate being injured or wounded.,我受伤了。,I am injured.,你受伤了。,You're hurt.,你受伤了吗？,Are you hurt?
蔬菜,shū cài,名,vegetables,5,⿱艹疏,"{'type': 'pictophonetic', 'phonetic': '疏', 'semantic': '艹', 'hint': 'plant'}",艹,"蔬菜: A noun referring to vegetables, used as a subject or object in sentences.",你得吃蔬菜。,You should eat vegetables.,她只吃蔬菜。,She eats nothing but vegetables.,多吃点蔬菜。,Eat a lot of vegetables.
书架,shū jià,名,bookcase,5,⿻？丨,"{'type': 'ideographic', 'hint': 'A mark made by a pen ⺺'}",丨,书架: A noun indicating a piece of furniture for storing books.,书架上都是书。,There are only books on the bookshelf.,约翰组装了书架。,John built a bookcase.,书架上有几本书。,There are a few books on the shelf.
输入,shū rù,动,to import; input; entry,5,⿰车俞,"{'type': 'pictophonetic', 'phonetic': '俞', 'semantic': '车', 'hint': 'cart'}",车,输入: Placed after objects to indicate importing or entering data/information.,如果我用简体中文输入“什么”，我希望找到的结果里也有“甚麼”。,"If I search for ""什么"" using Simplified Chinese, I expect to also see ""甚麼"" in the results.",,,,
舒适,shū shì,形,comfortable; cosy; snug,5,⿰舍予,"{'type': 'pictophonetic', 'phonetic': '予', 'semantic': '舍', 'hint': 'home'}",舌,舒适: Used as an adjective to describe comfortable conditions or feelings.,你需要离开你的舒适区。,You need to get out of your comfort zone.,现代科学技术让我们的生活更加舒适。,Modern technology has made our lives more comfortable.,我们的生活日益变得更舒适更自动化。,Each day our life becomes more comfortable and more automated.
梳子,shū zi,名,comb,5,⿰木㐬,"{'type': 'pictophonetic', 'phonetic': '㐬', 'semantic': '木', 'hint': 'wood'}",木,"梳子: A noun representing a comb, used as an object in sentences.",这是梳子。,It's a comb.,我的梳子在哪里呢？,Where is my comb?,她把梳子放在抽屉里面。,She put the comb in the drawer.
熟练,shú liàn,形,skilled; practised; proficient,5,⿱孰灬,"{'type': 'pictophonetic', 'phonetic': '孰', 'semantic': '灬', 'hint': 'fire'}",灬,熟练: Placed after a verb to indicate proficiency in an action or skill.,熟练的士兵知道怎么以他们的环境为武器。,Skilled soldiers know how to use their environment as a weapon.,,,,
数,shǔ,动,frequently; repeatedly,5,⿰娄攵,"{'type': 'pictophonetic', 'phonetic': '娄', 'semantic': '攵', 'hint': 'script'}",攵,数: Placed before verbs to indicate frequent action.,那算数吗？,Does that count?,她学习数学,She studies mathematics.,数到三十。,Count to thirty.
鼠标,shǔ biāo,名,mouse [in computing],5,⿱臼？,"{'type': 'pictographic', 'hint': 'A mouse, with two paws to the left and the tail to the right'}",鼠,鼠标: Used as a noun referring to a computer mouse in sentences.,玛丽买了鼠标垫。,Mary bought the mousepad.,请帮我拿一下鼠标。,Please help me get the mouse.,这个鼠标突然毛病了。,"Suddenly, this mouse stopped working."
属于,shǔ yú,动,belong to; be part of; pertain to,5,⿸尸禹,"{'type': 'pictophonetic', 'phonetic': '禹', 'semantic': '尸', 'hint': 'body'}",尸,属于: Placed after a subject and before a group/organization it belongs to.,这个房子属于谁？,Who owns this house?,这本书属于托尼。,This book belongs to Tony.,他们说这属于他们。,They said that it belonged to them.
数据,shù jù,名,data,5,⿰娄攵,"{'type': 'pictophonetic', 'phonetic': '娄', 'semantic': '攵', 'hint': 'script'}",攵,数据: Placed as a noun in sentences to refer to data.,这是个非常好的数据库。,This is a very good data base.,听说大数据技术现在很热门。,I hear that the network is very popular now.,科学家研究了树木年轮的数据。,The scientists looked at tree-ring data.
数码,shù mǎ,形,numerical code; digit; figure,5,⿰娄攵,"{'type': 'pictophonetic', 'phonetic': '娄', 'semantic': '攵', 'hint': 'script'}",攵,数码: Used before nouns indicating digit-related items or concepts.,我今晚能借你的数码相机吗？,Can I borrow your digital camera tonight?,我要给我自己买一个新照相机，这次要数码的。,"I'm going to buy myself a new camera, digital this time.",,
摔倒,shuāi dǎo,动,to fall down,5,⿰扌率,"{'type': 'pictophonetic', 'phonetic': '率', 'semantic': '扌', 'hint': 'hand'}",扌,摔倒: Placed as a verb in a sentence indicating the action of falling down.,我怕摔倒。,I'm afraid to fall.,湯姆摔倒了。,Tom fell down.,他摔倒在地。,He fell down on the floor.
甩,shuǎi,动,to move backward and forward; to swing,5,⿻月乚,"{'type': 'ideographic', 'hint': 'The opposite of ""to use"" 用'}",用,甩: Placed after subject to indicate swinging or moving back and forth.,汤姆要甩了玛丽吗？,Is Tom going to dump Mary?,你需要甩掉几磅。,You need to shed some pounds.,我的女朋友甩了我。,My girlfriend dumped me.
双方,shuāng fāng,名,both sides; mutual,5,⿰又又,"{'type': 'ideographic', 'hint': 'Two hands 又 side-by-side'}",又,双方: Placed before nouns to indicate both parties involved.,双方本周举行会谈。,The two sides hold talks this week.,双方都有几千人受伤。,Many thousands on both sides had been wounded.,首先，我要听听双方的意见。,"First, I should hear both sides."
税,shuì,名,tax; duty,5,⿰禾兑,"{'type': 'ideographic', 'hint': 'Grain 禾 paid as tribute 兑; 兑 also provides the pronunciation'}",禾,税: Placed after measure words or as subject/object to denote tax.,听好了，不加税！,"Read my lips, no new taxes!",这个价格含了税。,This amount includes tax.,税收就是合法的抢劫。,Taxes are just legal robbery.
说不定,shuō bu dìng,,perhaps; maybe,5,⿰讠兑,"{'type': 'pictophonetic', 'phonetic': '兑', 'semantic': '讠', 'hint': 'speech'}",讠,说不定: Placed at the end of a sentence to express uncertainty.,谁能赢这场比赛还说不定。,It's still not certain who's going to win this match.,我一个月没见到小王了，他说不定已经回国了。,I haven't seen Xiaowang for a month now; perhaps he's already gone back to his own country.,那您随我来一趟，咱们去仓库里找一找，说不定那里会有。,Then come with me for a moment. Let's check the warehouse. We might just find it there.
说服,shuō fú,动,to convince; persuade,5,⿰讠兑,"{'type': 'pictophonetic', 'phonetic': '兑', 'semantic': '讠', 'hint': 'speech'}",讠,说服: Placed as a verb to indicate convincing or persuading someone.,我说服不了他们。,I can't convince them.,汤姆没能说服玛丽。,Tom failed to persuade Mary.,我试着说服汤姆回家。,I tried to convince Tom to come home.
撕,sī,动,tear; rip,5,⿰扌斯,"{'type': 'pictophonetic', 'phonetic': '斯', 'semantic': '扌', 'hint': 'hand'}",扌,撕: Placed after subject to indicate tearing or ripping action.,我撕开了信封。,I ripped the envelope open.,湯姆把票撕碎。,Tom tore the ticket to bits.,他把書撕爛了。,He tore the book apart.
丝绸,sī chóu,名,silk,5,⿱⿰？？一,"{'type': 'ideographic', 'hint': 'Simplified form of 絲, two threads'}",一,"丝绸: A noun referring to silk, used as a subject or object in sentences.",这个小孩穿着一件丝绸织成的肚兜.,The child is wearing a belly-slip made of silk.,他们主要输出的产品是纺织品，尤其以丝绸和绵为主。,"Their main exports are textiles, especially silk and cotton.",,
丝毫,sī háo,形,the slightest amount,5,⿱⿰？？一,"{'type': 'ideographic', 'hint': 'Simplified form of 絲, two threads'}",一,丝毫: Placed after a negative to emphasize absence of even a trace.,情况丝毫没有改变。,The situation hasn't changed at all.,简的美丽丝毫不逊色于她母亲。,Jane is no less beautiful than her mother.,,
思考,sī kǎo,动,ponder; reflect on; deliberate,5,⿱田心,"{'type': 'ideographic', 'hint': 'Weighing something with your mind 囟 (altered) and heart 心'}",心,思考: Placed as a verb indicating the act of pondering or reflecting.,子瑞在思考。,Ziri was thinking.,讓我思考一下。,Let me think for a while.,思考會打擾冥想。,Thoughts disturb meditation.
私人,sī rén,名,private; personal,5,⿰禾厶,"{'type': 'ideographic', 'hint': '厶 provides the meaning and pronunciation'}",禾,私人: Used before nouns to indicate private or personal nature.,这是私人的。,It's something personal.,他有私人飞机。,He has a private plane.,他有私人飛機。,He has a private jet.
思想,sī xiǎng,名,thought; idea,5,⿱田心,"{'type': 'ideographic', 'hint': 'Weighing something with your mind 囟 (altered) and heart 心'}",心,思想: Serves as a noun representing thoughts or ideas in a sentence.,我试试思想。,I try to think.,借用他的思想。,Borrow his thoughts.,打開你的思想。,Open your mind.
似乎,sì hū,副,it seems; as if; it looks like,5,⿰亻以,"{'type': 'ideographic', 'hint': 'One person 亻 resembles another'}",亻,似乎: Placed before a verb or predicate to express uncertainty.,那似乎错了。,That just seems wrong.,你似乎错了。,It would appear that you're wrong.,似乎很便宜。,It seemed to be cheap.
搜索,sōu suǒ,动,search for; hunt for; scout around,5,⿰扌叟,"{'type': 'pictophonetic', 'phonetic': '叟', 'semantic': '扌', 'hint': 'hand'}",扌,搜索: Placed as a verb to indicate the action of searching for something.,我们分散开来并在树林中展开搜索。,We spread out and began to search through the woods.,主要互联网的搜索引擎之一说：“快比慢好”。,One of the major Internet search engines states that ‘Fast is better than slow’.,援救人员为了找到孩子，仔细搜索了那个区域。,"The rescue worker searched the area, looking for the child."
宿舍,sù shè,名,dormitory; digs,5,⿱宀佰,"{'type': 'ideographic', 'hint': 'A person 亻 sleeping in a bed 百 under a roof 宀'}",宀,宿舍: A noun referring to a dormitory or shared living space.,我在宿舍住。,I live in a dormitory.,你習慣在宿舍生活了嗎？,Have you gotten used to living in the dorm?,他一放学就回宿舍了。,He went back to the dorm as soon as he finished class.
随身,suí shēn,形,carry ... with one; with one,5,⿰阝迶,"{'type': 'ideographic', 'hint': 'To walk 迶 to the city 阝; to follow a path'}",阝,随身: Placed after a verb to indicate carrying something at all times.,随身,carry it with you,---,---,我总是随身带着手机。,I always carry my phone with me.
随时,suí shí,副,at any time,5,⿰阝迶,"{'type': 'ideographic', 'hint': 'To walk 迶 to the city 阝; to follow a path'}",阝,随时: Placed before verbs to indicate doing something at any time.,她随时能再来。,She can come along again anytime.,病人随时会死。,That patient may die at any time.,人随时可能死去。,Every man is a potential corpse.
随手,suí shǒu,副,conveniently; without extra trouble,5,⿰阝迶,"{'type': 'ideographic', 'hint': 'To walk 迶 to the city 阝; to follow a path'}",阝,随手: Placed before a verb to indicate doing something conveniently.,随手关门,Close the door conveniently.,随手写笔记,Take notes without extra trouble.,随手拍照片,Take photos conveniently.
碎,suì,形,to break to pieces; smash; fragmentary,5,⿰石卒,"{'type': 'pictophonetic', 'phonetic': '卒', 'semantic': '石', 'hint': 'rock'}",石,碎: Used as an adjective to describe something broken into pieces.,花盆碎了。,The flower pot is broken.,玻璃易碎。,Glass breaks easily.,别打碎镜子。,Don't break a mirror.
损失,sǔn shī,动,lose; loss; wastage,5,⿰扌员,"{'type': 'pictophonetic', 'phonetic': '员', 'semantic': '扌', 'hint': 'hand'}",扌,损失: Placed after verbs indicating actions leading to loss or wastage.,我必须弥补损失。,I must make up for the loss.,你必须弥补损失。,You must make up for the loss.,您必须弥补损失。,You must make up for the loss.
缩短,suō duǎn,动,shorten; curtail; cut down,5,⿰纟宿,"{'type': 'pictophonetic', 'phonetic': '宿', 'semantic': '纟', 'hint': 'thread'}",纟,缩短: 动词，用于表示使某事物变短或减少。,别吸烟。吸烟可能缩短你的阴茎。,Don't smoke. Smoking can shorten your penis.,,,,
锁,suǒ,名,lock,5,⿰钅⿱⺌贝,"{'type': 'pictophonetic', 'phonetic': '⺌', 'semantic': '钅', 'hint': 'metal'}",钅,"锁: A noun representing a locking device, used as the subject or object in sentences.",锁坏了。,The lock is broken.,把办公室锁上。,Lock the office.,我们晚上锁门。,We lock the doors at night.
所,suǒ,量,"[2nd syllable of many places]; [measure word for houses, buildings, institutions]",5,⿰户斤,"{'type': 'ideographic', 'hint': 'An axe 斤 swung at a door 户'}",户,所: Used as a measure word for places or institutions.,所以？,And so?,厕所在哪？,Where's the bog?,有廁所嗎？,Does it have a toilet?
台阶,tái jiē,名,step; altar; bench,5,⿱厶口,{},口,"台阶: A noun indicating steps, altar, or bench in a sentence.",他俩的爱情，已经上升了一个台阶。,Their love has gone to the next level.,我每次去巴黎，都会去圣心大教堂，坐在台阶上，听下面的人唱歌、弹琴。,"Every time I go to Paris, I visit the Sacred Heart Basilica, sit on the steps, and listen to the people below singing and playing musical instruments.",,
太极拳,tài jí quán,名,taijiquan.[a kind of traditional Chinese shadow boxing],5,⿵大丶,"{'type': 'ideographic', 'hint': 'A giant 大 with a normal-sized man 丶 for scale'}",大,"太极拳: A noun referring to taijiquan, a traditional Chinese martial art form.",他认为太极拳改善了他的生活。,He believes that Tai Ji has improved his life.,,,,
太太,tài tai,名,Mrs; Madam,5,⿵大丶,"{'type': 'ideographic', 'hint': 'A giant 大 with a normal-sized man 丶 for scale'}",大,太太: Used before a surname to address a married woman respectfully.,他太太。,His woman.,你太太怎么样？,How is your wife?,老太太皺著眉頭。,The old woman knitted her brows.
谈判,tán pàn,动,negotiations; talks,5,⿰讠炎,"{'type': 'pictophonetic', 'phonetic': '炎', 'semantic': '讠', 'hint': 'speech'}",讠,谈判: Used as a verb indicating the act of conducting negotiations or talks.,谈判中止了。,The negotiation is off.,谈判没有成功。,The treaty was not a success.,外交谈判帮助结束了冲突。,Diplomatic dialogue helped put an end to the conflict.
坦率,tǎn shuài,形,candid; frank; outspoken,5,⿰土旦,"{'type': 'pictophonetic', 'phonetic': '旦', 'semantic': '土', 'hint': 'earth'}",土,坦率: Used as an adjective to describe someone who is candid or frank.,坦率地说，他错了。,"Frankly speaking, he is wrong.",她是个很坦率的人。,She has a very open personality.,坦率地说，我不喜欢你。,"Frankly speaking, I don't like you."
烫,tàng,形,burn; scald; heat up in hot water,5,⿱汤火,"{'type': 'pictophonetic', 'phonetic': '汤', 'semantic': '火', 'hint': 'fire'}",火,烫: Used as an adjective before nouns indicating something is hot enough to burn.,汤太烫了。,The soup is too hot.,噢，咖啡太烫了。,"Ow, the coffee is very hot!",她烫了他的衬衫。,She ironed his shirts.
逃,táo,动,run away; flee; escape,5,⿺辶兆,"{'type': 'pictophonetic', 'phonetic': '兆', 'semantic': '辶', 'hint': 'walk'}",辶,逃: Placed as a verb indicating the action of fleeing or escaping.,你別想逃！,Don't try to escape!,我们逃课吧！,Let's skip class!,他逃掉了。,He escaped.
桃,táo,名,peach,5,⿰木兆,"{'type': 'pictophonetic', 'phonetic': '兆', 'semantic': '木', 'hint': 'tree'}",木,桃: A noun representing a peach.,我有紅桃Q。,I have the queen of hearts.,齊里吃了桃子。,Ziri ate peaches.,我獼猴桃過敏。,I am allergic to kiwi.
逃避,táo bì,动,escape; evade; shirk,5,⿺辶兆,"{'type': 'pictophonetic', 'phonetic': '兆', 'semantic': '辶', 'hint': 'walk'}",辶,逃避: Placed as a verb in a sentence to indicate escaping or evading something.,逃避現實。,Escape from reality.,人無法逃避過去。,A man can't escape his past.,没人能逃避死亡。,Nobody can avoid death.
淘气,táo qì,形,naughty; mischievous,5,⿰氵匋,"{'type': 'pictophonetic', 'phonetic': '匋', 'semantic': '氵', 'hint': 'water'}",氵,淘气: Used after a subject to describe someone as naughty or mischievous.,我受不了淘气的小孩。,I can't stand naughty children.,,,,
讨价还价,tǎo jià huán jià,,bargain/barter with somebody for something,5,⿰讠寸,"{'type': 'ideographic', 'hint': 'To ask 讠 for something 寸'}",讠,讨价还价: Used as a verb phrase to indicate bargaining over price.,zh,en,他在市场上讨价还价。,He is bargaining in the market.,我和卖水果的人讨价还价了好久。,I bargained with the fruit seller for a long time.
套,tào,量,cover; case; set,5,⿱大镸,"{'type': 'ideographic', 'hint': 'A man 大 wrapped in a long 镸 cloth '}",大,套: Used as a measure word for sets or cases of items.,換枕套。,Change the pillowcase.,把枕套換了。,Change the pillowcase.,避孕套坏了。,The condom broke.
特色,tè sè,名,characteristic; distinguishing feature,5,⿰牛寺,"{'type': 'pictophonetic', 'phonetic': '寺', 'semantic': '牛', 'hint': 'ox'}",牛,特色: Serves as a noun representing a characteristic or distinguishing feature.,這裡的特色菜是什麼？,What is the specialty food here?,你们这儿什么菜最有特色？,What's your most special dish?,日本有许多别具一格的特色。,Japan has many distinctive traits.
特殊,tè shū,形,special; particular; exceptional,5,⿰牛寺,"{'type': 'pictophonetic', 'phonetic': '寺', 'semantic': '牛', 'hint': 'ox'}",牛,特殊: Placed before nouns to indicate special or particular qualities.,我們有特殊聯繫。,We have a special connection.,你有什么特殊的天赋吗？,Do you have any special talents?,这牛奶有特殊的气味。,This milk has a peculiar smell.
特征,tè zhēng,名,characteristic; feature; property,5,⿰牛寺,"{'type': 'pictophonetic', 'phonetic': '寺', 'semantic': '牛', 'hint': 'ox'}",牛,特征: Placed after adjectives or used alone as a noun to describe characteristics.,变性者需要不断服用激素来维持性别特征吗？,Do transgender people need to continuously use hormones to maintain their sexual characteristics?,,,,
疼爱,téng ài,动,be very fond of; love dearly,5,⿸疒冬,"{'type': 'pictophonetic', 'phonetic': '冬', 'semantic': '疒', 'hint': 'sickness'}",疒,疼爱: 动词，表示对某人关怀备至、非常爱护。,zh,en,1. 妈妈疼爱自己的孩子。,Mom loves her own child dearly.,2. 公公非常疼爱他的孙子们。,The grandfather loves his grandchildren very much.
提倡,tí chàng,动,advocate; promote; recommend,5,⿰扌是,"{'type': 'pictophonetic', 'phonetic': '是', 'semantic': '扌', 'hint': 'hand'}",扌,提倡: Placed before a noun to advocate for or promote it.,他提倡減稅。,He advocated reduction of taxes.,有没有一个国家比美国更提倡爱国主义？,Does any other country fan the flames of patriotism as much as America?,,
提纲,tí gāng,名,outline; syllabus; synopsis,5,⿰扌是,"{'type': 'pictophonetic', 'phonetic': '是', 'semantic': '扌', 'hint': 'hand'}",扌,提纲: Used as a noun to refer to an outline or summary of content.,提纲,Outline,zh,en,我写了一份报告的提纲。,I wrote an outline for a report.
题目,tí mù,名,topic; subject; title,5,⿺是页,"{'type': 'pictophonetic', 'phonetic': '是', 'semantic': '页', 'hint': 'head'}",页,"题目: Serves as a noun indicating topic, subject, or title in a sentence.",这道题目没有一位老师会做。,None of the teachers could solve the problem.,即使她没生病，到了规定的日期她也完成不了她的博士论文， 因为论文题目涉及的内容太广泛。,"Even if she wasn't sick, she couldn't complete her doctoral thesis by the deadline because the thesis problem contains a vast amount of detail.",,
提问,tí wèn,动,ask a question; put questions to; quiz,5,⿰扌是,"{'type': 'pictophonetic', 'phonetic': '是', 'semantic': '扌', 'hint': 'hand'}",扌,提问: Placed after subject to indicate asking a question.,提问！,Ask!,尽管提问。,Feel free to ask any questions.,男孩们在提问。,The boys are asking questions.
体会,tǐ huì,动/名,know from experience,5,⿰亻本,{},亻,体会: 动词，表示通过经历理解或感知。,没人体会我的感受。,Nobody knows how I feel.,我们的身体会对我们的感情做出反应。,Our bodies respond to our feelings.,,
体贴,tǐ tiē,动,show consideration for,5,⿰亻本,{},亻,体贴: Used as a verb to show consideration for others in a sentence.,你真体贴。,You are so considerate.,他对她很体贴。,He's very nice with her.,党为自己的利益追求势力。我们对别人不体贴；我们只追求势力。,The Party seeks power entirely for its own sake. We are not interested in the good of others; we are interested solely in power.
体现,tǐ xiàn,动,embody; reflect; give expression to,5,⿰亻本,{},亻,体现: Placed after a noun to indicate embodiment or reflection of something.,zh,en: 他的笑容体现了他的快乐。,zh,en: 这幅画体现了大自然的美好。,zh,en: 我们的行为应该体现我们的价值观。
体验,tǐ yàn,动,experience; learn through practice,5,⿰亻本,{},亻,体验: Placed as a verb indicating the act of experiencing or learning through practice.,这是奇妙的体验。,It's been an amazing experience.,除了雨之外，我们体验了强风。,"Besides the rain, we experienced heavy winds.",,
天空,tiān kōng,名,sky; the heavens,5,⿱一大,"{'type': 'ideographic', 'hint': 'The heavens 一 above a man 大'}",大,天空: A noun representing the sky or heavens in a sentence.,天空很晴朗。,The skies are clear.,天空很清朗。,The skies are clear.,天空是浅蓝的。,The sky is light blue.
天真,tiān zhēn,形,innocent; naive,5,⿱一大,"{'type': 'ideographic', 'hint': 'The heavens 一 above a man 大'}",大,天真: Placed after nouns to describe innocence or naivety.,你太天真了。,You're so naive.,她有点天真。,She's a bit naive.,不要这么天真！,Don't be so naive!
调皮,tiáo pí,形,naughty; mischievous,5,⿰讠周,"{'type': 'pictophonetic', 'phonetic': '周', 'semantic': '讠', 'hint': 'speech'}",讠,调皮: Used as an adjective to describe someone who is naughty or mischievous.,我不调皮。,I am not mischievous.,,,,
调整,tiáo zhěng,动,to adjust; tune-up; trim,5,⿰讠周,"{'type': 'pictophonetic', 'phonetic': '周', 'semantic': '讠', 'hint': 'speech'}",讠,调整: Placed as a verb to indicate making adjustments or changes.,系统会调整成允许你看到的内容。,The system will be adjusted to what it is that you are allowed to see.,由于两个竞争对手的一项新协议，我们需要重新调整战略。,"In consequence of a new agreement between two competitors, we need to readjust our strategies.",,
挑战,tiǎo zhàn,动,throw down the gauntlet; challenge,5,⿰扌兆,"{'type': 'pictophonetic', 'phonetic': '兆', 'semantic': '扌', 'hint': 'hand'}",扌,挑战: Used as a verb to indicate accepting or issuing a challenge.,准备好迎接挑战吧！,Get ready to face the challenge!,汤姆喜欢挑战自己。,Tom likes challenging himself.,她说她喜欢那个挑战。,She said she enjoyed the challenge.
通常,tōng cháng,副/形,general; usual; normal,5,⿺辶甬,"{'type': 'pictophonetic', 'phonetic': '甬', 'semantic': '辶', 'hint': 'walk'}",辶,通常: Placed before verbs to indicate usual practice or frequency.,你通常幾點起床？,What time do you usually get up?,汤姆通常不犯错。,Tom usually doesn't make mistakes.,她通常很早起床。,She usually gets up early.
统一,tǒng yī,形,unify; unite; integrate,5,⿰纟充,"{'type': 'pictophonetic', 'phonetic': '充', 'semantic': '纟', 'hint': 'thread'}",纟,统一: Used as an adjective to describe something unified or integrated.,欧洲人统一有可能吗？,Is a common European identity possible?,,,,
痛苦,tòng kǔ,形,pain; agony; sore,5,⿸疒甬,"{'type': 'pictophonetic', 'phonetic': '甬', 'semantic': '疒', 'hint': 'sickness'}",疒,痛苦: Used as an adjective to describe pain or agony.,你现在感到痛苦吗？,Are you in pain now?,我知道你有痛苦。,We know you're in pain.,被拒絕是痛苦的。,Being rejected is painful.
痛快,tòng kuài,形,very happy; delighted; joyful,5,⿸疒甬,"{'type': 'pictophonetic', 'phonetic': '甬', 'semantic': '疒', 'hint': 'sickness'}",疒,痛快: Used as an adjective to describe feeling very happy or satisfied.,昨天我們玩得特別痛快!,"Yesterday, we had a blast!",,,,
偷,tōu,动,steal,5,⿰亻俞,"{'type': 'pictophonetic', 'phonetic': '俞', 'semantic': '亻', 'hint': 'person'}",亻,偷: Placed as a verb to indicate the action of stealing.,她偷東西。,She steals.,誰偷了蘋果？,Who stole the apple?,小偷跑了。,The thief ran away.
投入,tóu rù,动,"invest, put into",5,⿰扌殳,"{'type': 'pictophonetic', 'phonetic': '殳', 'semantic': '扌', 'hint': 'hand'}",扌,投入: Placed after verbs to indicate investment or allocation of resources.,最早一批电脑1945年投入使用。,The first electronic computers went into operation in 1945.,我在这项计划上投入了所有精力。,I've put all of my energy into this plan.,該公司在這個企劃中投入了很多錢。,The company invested a lot of money in this project.
投资,tóu zī,动/名,invest,5,⿰扌殳,"{'type': 'pictophonetic', 'phonetic': '殳', 'semantic': '扌', 'hint': 'hand'}",扌,投资: Used as a verb to indicate the act of investing or as a noun for investment funds.,你投资多少？,How much do you have invested?,她能很准确地评估投资。,She can assess investments very accurately.,谁来为风险投资提供资金？,Who will provide capital for the venture?
透明,tòu míng,形,transparent,5,⿺辶秀,"{'type': 'pictophonetic', 'phonetic': '秀', 'semantic': '辶', 'hint': 'walk'}",辶,透明: Placed after nouns to describe transparency.,我的尿液是透明的。,My urine is clear.,你半透明的裙子让我高度兴奋。,I am completely agog over your diaphanous dress.,,
突出,tū chū,形,protruding; sticking out; outstanding,5,⿱穴犬,"{'type': 'ideographic', 'hint': 'A dog 犬 rushing out of a cave 穴'}",穴,突出: Placed after nouns to describe being prominent or outstanding.,我门牙突出。,My front teeth stick out.,,,,
土地,tǔ dì,名,territory; local god of the land,5,⿱十一,"{'type': 'pictographic', 'hint': ""A lump of clay on a potter's wheel""}",土,土地: Placed as a noun to refer to land or territory.,我的土地緊靠河邊。,My land abuts on the river.,讓土地閒置著很浪費。,It's wasteful to leave the land lying idle.,喬治被騙買了這塊土地。,George was tricked into buying the land.
土豆,tǔ dòu,名,potato,5,⿱十一,"{'type': 'pictographic', 'hint': ""A lump of clay on a potter's wheel""}",土,"土豆: Noun referring to potato, used as subject or object in sentences.",我喜歡土豆。,I like potatoes.,湯姆洗了土豆。,Tom washed the potatoes.,我要幾個土豆。,I want a few potatoes.
吐,tù,动,vomit; throw up; cough up,5,⿰口土,"{'type': 'pictophonetic', 'phonetic': '土', 'semantic': '口', 'hint': 'mouth'}",口,吐: Placed after subject to indicate vomiting or coughing up something.,我想吐。,I feel like throwing up.,我要吐了。,I'm going to throw up.,禁止吐痰。,Spitting is prohibited.
兔子,tù zi,动,rabbit; hare,5,⿸免丶,"{'type': 'pictographic', 'hint': 'A rabbit'}",儿,"兔子: As a noun, it functions as the subject or object in sentences.",狗追兔子。,The dog chased the rabbit.,我喜欢兔子。,I like hares.,你喜歡兔子嗎？,Do you like rabbits?
团,tuán,名,dumpling; [something shaped like a ball]; [measure word for ball-like things],5,⿴囗才,"{'type': 'ideographic', 'hint': 'A lot of talent 才 gathered in one place 囗'}",囗,团: Used as a measure word for round objects or in reference to dumplings.,你有团子吗？,Do you have some dango?,你解开谜团了吗？,Have you worked the puzzle out?,你参加社团活动吗？,Do you take part in any community activities?
推辞,tuī cí,动,decline,5,⿰扌隹,"{'type': 'pictophonetic', 'phonetic': '隹', 'semantic': '扌', 'hint': 'hand'}",扌,推辞: Placed after verbs to decline invitations or offers.,虽受邀参加今晚一个精彩万分的派对，奈何明日不得不打起精神出席会议，只好推辞了。,I got an invitation to a party tonight that I know would be a lot of fun but I have to be in my best form for tomorrow's meeting so I had to turn it down.,,,,
推广,tuī guǎng,动,popularise; spread; generalisation,5,⿰扌隹,"{'type': 'pictophonetic', 'phonetic': '隹', 'semantic': '扌', 'hint': 'hand'}",扌,推广: Placed after subject to indicate spreading or popularizing something.,推广新产品是公司的首要任务。,Promoting the new product is the company's top priority.,zh,en,我们正在校园里推广环保意识。,We are promoting environmental awareness on campus.
推荐,tuī jiàn,动,recommend,5,⿰扌隹,"{'type': 'pictophonetic', 'phonetic': '隹', 'semantic': '扌', 'hint': 'hand'}",扌,推荐: Placed after verbs to suggest or recommend someone or something.,你推荐什么？,What do you recommend?,您有什么推荐？,What do you recommend to me?,你有什么推荐？,What do you recommend to me?
退,tuì,动,to retreat; draw back,5,⿺辶艮,"{'type': 'pictophonetic', 'phonetic': '艮', 'semantic': '辶', 'hint': 'walk'}",辶,退: Placed as a verb to indicate moving back or withdrawing.,撤退！,Retreat!,后退！,Back off!,退出。,Exit.
退步,tuì bù,动,fall behind; to do less well than before,5,⿺辶艮,"{'type': 'pictophonetic', 'phonetic': '艮', 'semantic': '辶', 'hint': 'walk'}",辶,退步: 动词，表示能力或表现下降。,社會不是在進步，而是在退步。,Social conditions are going backward rather than forward.,,,,
退休,tuì xiū,动,retire,5,⿺辶艮,"{'type': 'pictophonetic', 'phonetic': '艮', 'semantic': '辶', 'hint': 'walk'}",辶,退休: Used as a verb indicating the act of retiring from work.,我退休了。,I'm retired.,湯姆退休了。,Tom's retired.,汤姆刚退休。,Tom has just retired.
歪,wāi,形,askew; oblique; slanting,5,⿱不正,"{'type': 'ideographic', 'hint': 'Not 不 straight 正'}",止,"歪: Describes something being askew, placed after nouns to describe their state.",他的假髮歪了。,His wig is skew.,上梁不正下梁歪。,A fish rots from the head down.,这小女孩如果没人关心的话，就要走上歪路了。,The little girl will go astray if no one cares much about her.
外公,wài gōng,名,grandfather,5,⿰夕卜,"{'type': 'ideographic', 'hint': 'Night-time 夕 divinations 卜; the supernatural, the foreign'}",夕,外公: A noun referring to one's paternal grandfather.,他很像他外公。,He resembles his grandfather.,我们担心着外公和外婆。,We're worried about Grandma and Grandpa.,我妈妈的爸爸是我的外公。,My mother's father is my maternal grandfather.
外交,wài jiāo,名,diplomacy; foreign affairs,5,⿰夕卜,"{'type': 'ideographic', 'hint': 'Night-time 夕 divinations 卜; the supernatural, the foreign'}",夕,外交: Placed after verbs related to state functions indicating diplomatic actions or affairs.,外交官有多种特权。,Diplomats are allowed various privileges.,你应该做一个外交官。,You should be a diplomat.,必须有外交解决的途径。,There must be a way to arrive at a diplomatic solution.
玩具,wán jù,名,toy,5,⿰王元,"{'type': 'pictophonetic', 'phonetic': '元', 'semantic': '王', 'hint': 'jade'}",王,"玩具: A noun referring to toys, used as the subject or object in sentences.",我的玩具坏了。,My toy is broken.,動物可不是玩具。,Animals are not toys!,男孩在玩玩具兵。,The boy is playing with his toy soldiers.
完美,wán měi,形,perfect; flawless,5,⿱宀元,"{'type': 'pictophonetic', 'phonetic': '元', 'semantic': '宀', 'hint': 'roof'}",宀,完美: Used as an adjective to describe something as perfect or flawless.,完美！,Perfect!,太完美了。,It was perfect.,那是完美的。,That's perfect.
完善,wán shàn,形/动,perfect; to improve and perfect,5,⿱宀元,"{'type': 'pictophonetic', 'phonetic': '元', 'semantic': '宀', 'hint': 'roof'}",宀,完善: Used as a verb to indicate improving and perfecting something or an adjective for perfection.,这个系统存在着许多缺陷和不尽完善的地方。,This system is bristling with defects and drawbacks.,一些大学生在假期去非洲做志愿者 ，帮助当地完善野生生物管理。,"During the holidays, some university students go to Africa as volunteers and help to perfect local wildlife conservation.",,
完整,wán zhěng,形,complete; integrated; whole,5,⿱宀元,"{'type': 'pictophonetic', 'phonetic': '元', 'semantic': '宀', 'hint': 'roof'}",宀,完整: Used as an adjective to describe completeness or wholeness of something.,买完整版,Buy the full version.,你有沒有看完整本書？,Did you read the whole book?,我们想要完整的句子。,We want complete sentences.
万一,wàn yī,连,just in case; if by any chance,5,⿱一？,{},一,万一: Placed at the beginning of a clause to express contingency.,万一你生病了，吃这个药。,Take this medicine in case you get sick.,万一我来晚的话，就别等我了。,"Should I be late, don't wait for me.",万一来不了，我会先给你打电话。,"In case I can't come, I'll give you a call beforehand."
王子,wáng zǐ,名,prince; king's son,5,⿱一土,"{'type': 'ideographic', 'hint': 'A man 十 bridging heaven and earth (both 一)'}",王,王子: Noun referring to a prince or king's son in a sentence.,王子继承了王位。,The prince succeeded to the throne.,我见到了王子真人。,I met the prince himself.,王子在森林中迷了路。,The prince was lost in the woods.
往返,wǎng fǎn,动,go there and back; come and go,5,⿰彳⿱？王,"{'type': 'pictophonetic', 'phonetic': '王', 'semantic': '彳', 'hint': 'step'}",彳,往返: Used as a verb phrase indicating round trips or reciprocal movements.,往返票多少钱？,What's the round-trip fare?,往返还是单程？,Round trip or one-way?,往返吗？是单程。,Round trip? Only one-way.
网络,wǎng luò,名,network,5,⿵冂⿰乂乂,"{'type': 'pictographic', 'hint': 'A net for catching fish'}",网,网络: Serves as a noun referring to internet or network in sentences.,我讨厌网络。,I hate the internet.,我不玩网络游戏。,I don't play internet games.,我在下载这份网络档案。,I'm downloading this internet archive.
危害,wēi hài,形,harm; detriment; damage,5,⿱厃㔾,"{'type': 'ideographic', 'hint': 'A person 㔾 at the edge of a cliff 厃; 厃 also provides the pronunciation'}",㔾,危害: Placed after verbs to indicate causing harm or damage.,奴役制是一种危害人类罪。,Slavery is a crime against humanity.,有些药品会对身体产生危害。,Some medicines can be harmful to the body.,吸烟真是又恶心又低俗！点根烟然后吸，把这些危害健康的气体吸进肺里，然后呼出肮脏的气味。,What a disgusting and stupid vice smoking is! Lighting a cigarette and sucking in the smoke. Breathing a dangerous threat to your health into your lungs. Exhaling a foul odor.
微笑,wēi xiào,名,smile,5,⿲彳⿱山兀攵,{},彳,"微笑: A noun referring to a gentle smile, used as a subject or object in sentences.",不要微笑。,Don't smile.,保持微笑。,Keep on smiling.,男孩微微笑。,The boy is smiling.
威胁,wēi xié,动,threaten; menace,5,⿻戌女,"{'type': 'ideographic', 'hint': 'Dominating a woman 女 by force of arms 戈'}",女,威胁: Placed as a verb to indicate threatening or menacing someone or something.,他威胁要公开。,He threatened to make it public.,你那时被人威胁了。,You were being threatened.,我一点也不怕他威胁。,I am not in the least afraid of his threats.
违反,wéi fǎn,动,to violate; transgress; infringe,5,⿺辶韦,"{'type': 'pictophonetic', 'phonetic': '韦', 'semantic': '辶', 'hint': 'walk'}",辶,违反: Placed before nouns to indicate violation of rules/laws.,这违反规则。,That's against the rules.,汤姆一向违反知识产权。,Tom always violates copyright laws.,汤姆不知道他的所作所为违反了规则。,Tom didn't know that what he'd done was against the rules.
围巾,wéi jīn,名,scarf; muffler; neckerchief,5,⿴囗韦,"{'type': 'pictophonetic', 'phonetic': '韦', 'semantic': '囗', 'hint': 'enclosure'}",囗,"围巾: A noun representing a scarf, muffler, or neckerchief in a sentence.",你为什么戴那条围巾？,Why are you wearing that scarf?,Vanessa喜欢针织彩虹色的帽子、围巾和连指手套。,"Vanessa loves to knit hats, scarves, and mittens in rainbow colors.",我想给妻子买一件礼物。我打算买一条围巾。,I would like to buy a present for my wife. I thought about a scarf.
围绕,wéi rào,动,center on; revolve round,5,⿴囗韦,"{'type': 'pictophonetic', 'phonetic': '韦', 'semantic': '囗', 'hint': 'enclosure'}",囗,围绕: Placed before a noun to indicate focusing on or revolving around it.,那里有许多雏菊围绕着钢铁大厦。,There are daisies around the steel building.,这个词后来被用来指代围绕大天体的小天体。,The word came to be used for all small heavenly bodies revolving about larger ones.,,
维修,wéi xiū,动,keep in good repair; service; maintain,5,⿰纟隹,"{'type': 'pictophonetic', 'phonetic': '隹', 'semantic': '纟', 'hint': 'thread'}",纟,维修: Used as a verb to indicate maintenance or repair of something.,zh,en,家里需要维修的地方很多。,There are many places in the house that need repairs.,zh,en
唯一,wéi yī,形,only; sole; unique,5,⿰口隹,{},口,唯一: Placed before a noun to indicate it is the only one of its kind.,這是唯一的入口。,This is the only way in.,那是唯一的出路。,It was the only way to go.,死是唯一的解脱吗？,Is death the only release?
尾巴,wěi ba,名,tail; appendage,5,⿸尸毛,"{'type': 'ideographic', 'hint': 'A furry 毛 tail behind a body 尸'}",尸,尾巴: A noun placed after descriptors to refer to an appendage or tail.,小狗擺著尾巴。,The dog was wagging his tail.,有沒有尾巴的貓。,There are cats without tails.,狗跟着主人，摇着尾巴。,"The dog followed its owner, wagging its tail."
伟大,wěi dà,形,great; mighty,5,⿰亻韦,"{'type': 'pictophonetic', 'phonetic': '韦', 'semantic': '亻', 'hint': 'person'}",亻,伟大: Used as an adjective to describe greatness or magnitude.,习惯的力量是伟大的。,Great is the power of habit.,这是一个伟大的时刻。,This is a great moment.,细节成就伟大的想法。,Great thoughts are created through intricate details.
委屈,wěi qū,形/动,feel wronged; nurse a grievance,5,⿱禾女,{},女,委屈: Used as a verb to express feeling wronged or as an adjective to describe being treated unfairly.,委屈,feel wronged,zh,en,他觉得很委屈。,He feels very wronged.
胃,wèi,名,stomach,5,⿱田⺼,"{'type': 'ideographic', 'hint': 'The stomach ⺼ behind the abdominal muscles 田'}",⺼,胃: A noun representing the stomach in anatomical contexts.,好胃口！,Bon appétit!,祝好胃口！,Bon appétit!,我胃疼。,My stomach hurts.
未必,wèi bì,副,may not; not necessarily,5,⿻一木,"{'type': 'ideographic', 'hint': 'A wheat plant that has not yet borne fruit; compare 來'}",木,未必: Placed before a verb to express possibility or uncertainty.,我看未必。,We don't think so.,外表未必可信。,Appearances are deceiving.,这项工作未必容易。,This work is not necessarily easy.
胃口,wèi kǒu,名,appetite; belly,5,⿱田⺼,"{'type': 'ideographic', 'hint': 'The stomach ⺼ behind the abdominal muscles 田'}",⺼,胃口: Placed after quantifiers or before verbs related to eating.,好胃口！,Bon appétit!,祝好胃口！,Bon appétit!,祝你胃口好！,Enjoy your meal!
未来,wèi lái,名,coming; approaching; future,5,⿻一木,"{'type': 'ideographic', 'hint': 'A wheat plant that has not yet borne fruit; compare 來'}",木,未来: Placed before nouns to indicate the future aspect.,展望未来！,Look towards the future!,这是未来。,This is the future.,你有光明的未来。,You have a bright future.
位于,wèi yú,动,be located; be situated,5,⿰亻立,"{'type': 'ideographic', 'hint': 'The place where a person 亻 stands 立'}",亻,位于: Placed before a location to indicate where something is situated.,印度位于亚洲。,India is in Asia.,教堂位于山脚。,The church is at the foot of a mountain.,图书馆位于市中央。,The library is in the middle of the city.
